,Campaign_ID,Campaign_Name,Start_Date,End_Date,Channel,Impressions,Clicks,Spend,Conversions,Active,Campaign_Tag,Duration,click_through_rate,conversion_rate,cost_per_click,cost_acquisition
0,CMP-00001,Q4_Summer_CMP-00001,2023-11-24,2023-12-13,TikTok,16795,197,102.82,20.0,1,TI,19 days,0.011729681452813338,0.10152284263959391,0.5219289340101523,5.141
1,CMP-00002,Q1_Launch_CMP-00002,2023-05-06,2023-05-12,Facebook,1860,30,24.33,1.0,0,FA,6 days,0.016129032258064516,0.03333333333333333,0.8109999999999999,24.33
2,CMP-00003,Q3_Winter_CMP-00003,2023-12-13,2023-12-20,Email,77820,843,1323.39,51.0,0,EM,7 days,0.010832690824980725,0.060498220640569395,1.5698576512455518,25.948823529411765
3,CMP-00004,Q1_BlackFriday_CMP-00004,2023-10-30,2023-11-03,TikTok,55886,2019,2180.38,135.0,1,TI,4 days,0.03612711591454031,0.06686478454680535,1.0799306587419515,16.150962962962964
4,CMP-00005,Q2_Winter_CMP-00005,2023-04-22,2023-04-23,Facebook,7265,169,252.44,30.0,1,FA,1 days,0.02326221610461115,0.17751479289940827,1.4937278106508876,8.414666666666667
6,CMP-00007,Q3_Launch_CMP-00007,2023-10-07,2023-10-23,Facebook,38194,1135,1232.76,178.0,1,FA,16 days,0.02971670943080065,0.1568281938325991,1.0861321585903083,6.9256179775280895
7,CMP-00008,Q4_Launch_CMP-00008,2023-05-23,2023-05-28,Instagram,88498,1173,865.7,127.0,1,IN,5 days,0.013254536825690976,0.1082693947144075,0.7380221653878943,6.816535433070866
8,CMP-00009,Q4_BlackFriday_CMP-00009,2023-03-23,2023-04-01,Google Ads,45131,1179,1046.18,104.0,1,GO,9 days,0.02612395027807937,0.08821034775233248,0.8873452078032231,10.059423076923078
10,CMP-00011,Q4_Launch_CMP-00011,2023-02-22,2023-03-01,Instagram,17023,455,523.13,76.0,1,IN,7 days,0.026728543734946836,0.16703296703296702,1.1497362637362638,6.8832894736842105
11,CMP-00012,Q4_Launch_CMP-00012,2023-02-19,2023-02-20,Google Ads,42090,763,1267.69,109.0,0,GO,1 days,0.018127821335234023,0.14285714285714285,1.6614547837483618,11.630183486238533
12,CMP-00013,Q2_Launch_CMP-00013,2023-05-16,2023-06-01,Google Ads,68221,2975,5292.16,567.0,0,GO,16 days,0.04360827311238475,0.19058823529411764,1.7788773109243696,9.333615520282187
13,CMP-00014,Q1_Launch_CMP-00014,2023-10-02,2023-10-15,TikTok,65820,1116,1464.72,169.0,1,TI,13 days,0.016955332725615314,0.15143369175627241,1.31247311827957,8.66698224852071
14,CMP-00015,Q2_Summer_CMP-00015,2023-02-10,2023-02-16,Google Ads,1769,85,139.18,11.0,1,GO,6 days,0.048049745618993785,0.12941176470588237,1.6374117647058823,12.652727272727274
15,CMP-00016,Q2_BlackFriday_CMP-00016,2023-11-13,2023-11-23,Email,60735,1617,1552.9,228.0,1,E-,10 days,0.026623857742652506,0.14100185528756956,0.9603586889301176,6.810964912280702
16,CMP-00017,Q1_Winter_CMP-00017,2023-04-09,2023-10-01,Email,63955,2804,3147.37,536.0,0,EM,175 days,0.04384332733953561,0.19115549215406563,1.1224572039942937,5.871958955223881
17,CMP-00018,Q1_BlackFriday_CMP-00018,2023-04-27,2023-05-25,Instagram,65925,2317,3635.76,389.0,1,IN,28 days,0.03514599924156238,0.16788951230038843,1.5691670263271473,9.34642673521851
18,CMP-00019,Q4_Winter_CMP-00019,2023-04-30,2023-05-18,Facebook,68969,2718,2933.59,145.0,0,FA,18 days,0.039409009845002826,0.05334805003679176,1.079319352465048,20.231655172413795
22,CMP-00023,Q4_Winter_CMP-00023,2023-11-08,2023-11-24,Google Ads,86305,2637,4726.22,216.0,0,GO,16 days,0.030554429059730027,0.08191126279863481,1.7922715206674251,21.88064814814815
23,CMP-00024,Q4_Winter_CMP-00024,2023-05-01,2023-05-06,Instagram,29693,995,1793.94,179.0,0,IN,5 days,0.0335095813828175,0.1798994974874372,1.8029547738693468,10.022011173184358
24,CMP-00025,Q2_Winter_CMP-00025,2023-11-24,2023-12-18,Email,72932,815,1293.01,157.0,0,EM,24 days,0.011174792957823726,0.19263803680981595,1.586515337423313,8.235732484076433
25,CMP-00026,Q1_Winter_CMP-00026,2023-06-16,2023-07-02,Google Ads,94016,2427,3928.42,207.0,0,GO,16 days,0.025814754935330156,0.08529048207663782,1.6186320560362588,18.977874396135267
26,CMP-00027,Q1_Winter_CMP-00027,2023-04-28,2023-05-12,TikTok,26658,912,1219.24,166.0,1,TI,14 days,0.034211118613549404,0.18201754385964913,1.3368859649122806,7.344819277108434
27,CMP-00028,Q4_Summer_CMP-00028,2023-07-25,2023-08-08,Email,85478,2898,3990.55,187.0,1,EM,14 days,0.03390346053955404,0.0645272601794341,1.3770013802622498,21.339839572192513
28,CMP-00029,Q4_BlackFriday_CMP-00029,2023-10-18,2023-11-15,Instagram,19431,810,567.39,47.0,1,IN,28 days,0.041685965724872626,0.05802469135802469,0.7004814814814815,12.072127659574468
29,CMP-00030,Q1_Summer_CMP-00030,2023-12-02,2023-12-08,Instagram,3747,135,157.38,9.0,0,IN,6 days,0.036028823058446756,0.06666666666666667,1.1657777777777778,17.486666666666665
30,CMP-00031,Q1_Launch_CMP-00031,2023-11-26,2023-12-12,Google Ads,60150,2988,3514.38,175.0,1,GO,16 days,0.04967581047381546,0.05856760374832664,1.1761646586345382,20.082171428571428
31,CMP-00032,Q2_Summer_CMP-00032,2023-05-07,2023-05-29,Instagram,66725,1424,2759.35,251.0,1,IN,22 days,0.02134132633945298,0.17626404494382023,1.937745786516854,10.993426294820717
32,CMP-00033,Q2_BlackFriday_CMP-00033,2023-10-27,2023-10-29,Instagram,85654,2087,2393.02,122.0,0,IN,2 days,0.02436547038083452,0.0584571154767609,1.1466315285098228,19.614918032786886
33,CMP-00034,Q2_Summer_CMP-00034,2023-07-05,2023-07-17,Facebook,36773,932,1233.98,84.0,0,FA,12 days,0.025344682239686726,0.09012875536480687,1.3240128755364806,14.690238095238096
34,CMP-00035,Q2_Summer_CMP-00035,2023-09-18,2023-09-22,Instagram,68435,1959,2546.46,128.0,1,IN,4 days,0.028625703222035507,0.06533945890760592,1.2998774885145483,19.89421875
35,CMP-00036,Q1_Launch_CMP-00036,2023-02-26,2023-03-01,TikTok,57886,2514,3658.23,237.0,1,TI,3 days,0.04343019037418374,0.09427207637231504,1.4551431980906921,15.435569620253165
36,CMP-00037,Q2_Winter_CMP-00037,2023-12-15,2023-12-26,Instagram,67803,1317,2136.63,83.0,1,IN,11 days,0.019423919295606388,0.0630220197418375,1.6223462414578589,25.74253012048193
37,CMP-00038,Q4_Winter_CMP-00038,2023-07-15,2023-08-07,TikTok,32551,1335,1118.15,200.0,1,TI,23 days,0.04101256489815981,0.149812734082397,0.8375655430711612,5.590750000000001
38,CMP-00039,Q3_Launch_CMP-00039,2023-05-09,2023-05-25,Email,12394,324,418.96,22.0,1,EM,16 days,0.026141681458770372,0.06790123456790123,1.2930864197530862,19.043636363636363
39,CMP-00040,Q4_BlackFriday_CMP-00040,2023-01-06,2023-01-26,Email,70092,2388,4152.44,424.0,0,EM,20 days,0.03406950864577983,0.17755443886097153,1.7388777219430485,9.793490566037734
40,CMP-00041,Q4_Summer_CMP-00041,2023-10-02,2023-10-12,Email,4890,172,205.48,29.0,1,EM,10 days,0.03517382413087935,0.1686046511627907,1.1946511627906977,7.08551724137931
41,CMP-00042,Q3_Summer_CMP-00042,2023-06-24,2023-06-29,TikTok,42606,1061,973.67,55.0,1,TI,5 days,0.024902595878514764,0.051837888784165884,0.9176908576814325,17.703090909090907
42,CMP-00043,Q2_Summer_CMP-00043,2023-08-21,2023-08-29,Instagram,97276,2967,4397.28,546.0,1,IN,8 days,0.030500842962292857,0.18402426693629928,1.4820626895854399,8.053626373626374
43,CMP-00044,Q1_Winter_CMP-00044,2023-05-15,2023-06-01,Email,81038,2149,3729.91,116.0,1,E-,17 days,0.026518423455662774,0.05397859469520707,1.735649139134481,32.15439655172413
44,CMP-00045,Q2_Summer_CMP-00045,2023-09-17,2023-10-03,TikTok,88313,1127,670.24,96.0,0,TI,16 days,0.012761428102317892,0.08518189884649512,0.5947116237799468,6.9816666666666665
45,CMP-00046,Q4_Launch_CMP-00046,2023-06-02,2023-06-28,Instagram,11627,319,531.19,17.0,1,IN,26 days,0.027436140018921477,0.05329153605015674,1.6651724137931037,31.246470588235297
46,CMP-00047,Q4_BlackFriday_CMP-00047,2023-04-12,2023-04-19,Google Ads,9792,136,235.62,13.0,1,GO,7 days,0.013888888888888888,0.09558823529411764,1.7325,18.124615384615385
47,CMP-00048,Q3_Winter_CMP-00048,2023-10-04,2023-10-18,Email,74969,1964,2341.65,249.0,1,EM,14 days,0.02619749496458536,0.12678207739307534,1.192286150712831,9.40421686746988
49,CMP-00050,Q3_Summer_CMP-00050,2023-02-27,2023-02-28,Email,77552,2572,4321.12,258.0,1,INVALID,1 days,0.03316484423354652,0.10031104199066875,1.6800622083981338,16.748527131782946
50,CMP-00051,Q4_Winter_CMP-00051,2023-06-07,2023-06-17,Google Ads,24897,908,1507.73,141.0,1,GO,10 days,0.03647025746073824,0.15528634361233482,1.6604955947136564,10.693120567375887
51,CMP-00052,Q2_Launch_CMP-00052,2023-10-18,2023-11-08,TikTok,69148,954,1547.16,74.0,0,TI,21 days,0.013796494475617515,0.07756813417190776,1.6217610062893082,20.90756756756757
53,CMP-00054,Q4_Winter_CMP-00054,2023-09-30,2023-10-11,Unknown,49555,1114,919.99,95.0,0,XX,11 days,0.022480072646554335,0.08527827648114901,0.8258438061041292,9.684105263157894
54,CMP-00055,Q1_Launch_CMP-00055,2023-08-27,2023-09-01,Google Ads,18159,471,563.31,33.0,0,GO,5 days,0.025937551627292253,0.07006369426751592,1.1959872611464968,17.069999999999997
55,CMP-00056,Q4_BlackFriday_CMP-00056,2023-09-28,2023-10-08,Facebook,81077,3593,3219.35,279.0,0,FA,10 days,0.044315897233494085,0.077650988032285,0.8960061230169775,11.538888888888888
56,CMP-00057,Q4_Launch_CMP-00057,2023-04-19,2023-05-11,Email,36920,382,428.93,29.0,1,EM,22 days,0.010346695557963163,0.07591623036649214,1.1228534031413613,14.790689655172415
57,CMP-00058,Q2_Summer_CMP-00058,2023-12-20,2024-01-09,TikTok,93067,3121,5719.84,396.0,1,TI,20 days,0.03353498017557244,0.1268824094841397,1.8326946491509133,14.444040404040404
58,CMP-00059,Q3_Launch_CMP-00059,2023-12-10,2023-12-24,Facebook,68121,2312,4014.77,408.0,1,FA,14 days,0.033939607463190496,0.17647058823529413,1.736492214532872,9.840122549019608
59,CMP-00060,Q2_BlackFriday_CMP-00060,2023-09-22,2023-10-12,Email,70479,1823,2634.34,112.0,1,EM,20 days,0.025865860752848364,0.061437191442676904,1.4450575973669777,23.520892857142858
60,CMP-00061,Q1_Summer_CMP-00061,2023-02-02,2023-02-06,Google Ads,90475,1762,3149.01,274.0,1,GO,4 days,0.019474993092014368,0.15550510783200908,1.787179341657208,11.492737226277374
61,CMP-00062,Q1_BlackFriday_CMP-00062,2023-04-28,2023-05-18,Google Ads,20457,396,663.56,58.0,1,GO,20 days,0.01935767707875055,0.14646464646464646,1.6756565656565656,11.440689655172413
62,CMP-00063,Q3_Summer_CMP-00063,2023-12-29,2024-01-03,Facebook,67557,3063,3502.47,554.0,0,FA,5 days,0.045339491096407475,0.18086842964413974,1.1434769833496572,6.322148014440433
63,CMP-00064,Q2_BlackFriday_CMP-00064,2023-01-17,2023-02-03,Email,78189,2164,1734.66,187.0,1,EM,17 days,0.027676527388763125,0.08641404805914972,0.8015988909426988,9.27625668449198
64,CMP-00065,Q2_Summer_CMP-00065,2023-05-02,2023-05-12,Email,79953,1857,2360.81,218.0,0,EM,10 days,0.023226145360399235,0.11739364566505116,1.2713031771674743,10.82940366972477
65,CMP-00066,Q1_Winter_CMP-00066,2023-10-04,2023-10-15,TikTok,53995,1509,2420.95,285.0,1,TI,11 days,0.02794703213260487,0.18886679920477137,1.604340622929092,8.49456140350877
67,CMP-00068,Q2_Winter_CMP-00068,2023-08-31,2023-09-12,Facebook,10692,169,253.53,18.0,1,FA,12 days,0.015806210250654696,0.10650887573964497,1.5001775147928995,14.085
68,CMP-00069,Q1_Winter_CMP-00069,2023-02-19,2023-03-17,Email,46758,1308,839.07,91.0,1,EM,26 days,0.027973822661362762,0.06957186544342507,0.6414908256880735,9.22054945054945
69,CMP-00070,Q3_Summer_CMP-00070,2023-07-30,2023-08-22,Email,73409,2460,3990.14,219.0,1,EM,23 days,0.03351087741285128,0.08902439024390243,1.6220081300813007,18.219817351598174
70,CMP-00071,Q1_Launch_CMP-00071,2023-12-11,2024-01-08,TikTok,72211,3462,5951.42,474.0,1,TI,28 days,0.04794283419423633,0.1369150779896014,1.7190699017908724,12.555738396624474
73,CMP-00074,Q3_Summer_CMP-00074,2023-08-18,2023-09-06,Email,93093,2343,4076.77,327.0,0,E-,19 days,0.025168380007089684,0.13956466069142126,1.7399786598378149,12.467186544342507
74,CMP-00075,Q3_BlackFriday_CMP-00075,2023-08-25,2023-09-10,TikTok,33606,1150,2132.84,152.0,1,TI,16 days,0.034220079747664105,0.13217391304347825,1.8546434782608696,14.03184210526316
75,CMP-00076,Q4_Winter_CMP-00076,2023-08-15,2023-08-18,Email,12534,304,577.71,38.0,1,EM,3 days,0.024254029041008457,0.125,1.9003618421052633,15.202894736842106
76,CMP-00077,Q3_Launch_CMP-00077,2023-02-20,2023-02-21,Google Ads,95663,2998,5102.66,460.0,0,GO,1 days,0.03133918024732655,0.1534356237491661,1.7020213475650434,11.092739130434783
77,CMP-00078,Q3_Winter_CMP-00078,2023-10-04,2023-10-19,Email,41397,1708,2581.45,299.0,0,EM,15 days,0.041259028432011985,0.17505854800936768,1.511387587822014,8.633612040133778
78,CMP-00079,Q1_BlackFriday_CMP-00079,2023-05-02,2023-05-14,Google Ads,92387,3530,1795.28,347.0,1,GO,12 days,0.03820883890590668,0.09830028328611898,0.5085779036827195,5.17371757925072
79,CMP-00080,Q4_Summer_CMP-00080,2023-04-20,2023-05-04,Facebook,2016,56,67.13,10.0,1,FA,14 days,0.027777777777777776,0.17857142857142858,1.19875,6.712999999999999
80,CMP-00081,Q2_Summer_CMP-00081,2023-03-26,2023-04-03,Email,90789,4046,5489.38,299.0,1,EM,8 days,0.044564870193525646,0.07390014829461196,1.3567424616905586,18.35913043478261
81,CMP-00082,Q4_Launch_CMP-00082,2023-05-16,2023-05-23,TikTok,56591,1829,1748.61,138.0,0,TI,7 days,0.032319626795780244,0.0754510661563696,0.9560470202296336,12.671086956521739
82,CMP-00083,Q1_BlackFriday_CMP-00083,2023-05-27,2023-06-07,Instagram,90812,2869,2803.46,258.0,1,IN,11 days,0.031592741047438665,0.08992680376437784,0.9771558034158243,10.866124031007752
83,CMP-00084,Q2_Winter_CMP-00084,2023-10-12,2023-11-04,Instagram,24247,275,533.98,18.0,0,IN,23 days,0.011341609271250051,0.06545454545454546,1.9417454545454547,29.665555555555557
84,CMP-00085,Q4_Summer_CMP-00085,2023-04-08,2023-04-16,Email,25300,1251,2298.8,105.0,1,EM,8 days,0.049446640316205534,0.08393285371702638,1.8375699440447644,21.893333333333334
85,CMP-00086,Q1_Winter_CMP-00086,2023-10-24,2023-11-23,Google Ads,75065,1119,1984.85,73.0,1,INVALID,30 days,0.014907080530207154,0.06523681858802502,1.7737712243074173,27.18972602739726
86,CMP-00087,Q2_Winter_CMP-00087,2023-07-08,2023-10-06,Instagram,83798,1612,1787.74,279.0,1,IN,90 days,0.01923673596028545,0.17307692307692307,1.1090198511166254,6.407670250896057
87,CMP-00088,Q2_BlackFriday_CMP-00088,2023-10-27,2023-11-25,Instagram,10268,123,64.03,8.0,0,IN,29 days,0.01197896377093884,0.06504065040650407,0.520569105691057,8.00375
88,CMP-00089,Q4_Winter_CMP-00089,2023-09-29,2023-10-10,Unknown,87807,3125,1938.54,506.0,1,XX,11 days,0.035589417700183354,0.16192,0.6203328,3.8311067193675887
89,CMP-00090,Q3_BlackFriday_CMP-00090,2023-02-11,2023-11-23,Instagram,13185,250,242.07,14.0,1,IN,285 days,0.018960940462646948,0.056,0.9682799999999999,17.290714285714284
90,CMP-00091,Q3_Launch_CMP-00091,2023-02-04,2023-03-06,Instagram,64704,1112,582.26,213.0,1,IN,30 days,0.01718595450049456,0.19154676258992806,0.523615107913669,2.7336150234741785
91,CMP-00092,Q1_Launch_CMP-00092,2023-03-03,2023-04-01,Google Ads,87779,1188,624.56,186.0,0,GO,29 days,0.013533988767245013,0.15656565656565657,0.5257239057239057,3.357849462365591
92,CMP-00093,Q2_Winter_CMP-00093,2023-10-24,2023-11-09,Google Ads,40099,566,1061.2,28.0,0,GO,16 days,0.014115065213596348,0.04946996466431095,1.8749116607773852,37.9
93,CMP-00094,Q1_Winter_CMP-00094,2023-08-03,2023-08-29,Unknown,9571,319,497.4,52.0,0,XX,26 days,0.03332985059032494,0.16300940438871472,1.5592476489028213,9.565384615384614
94,CMP-00095,Q4_Summer_CMP-00095,2023-06-11,2023-06-20,TikTok,39044,1465,1411.43,186.0,1,TI,9 days,0.03752177031041901,0.12696245733788397,0.9634334470989762,7.588333333333334
95,CMP-00096,Q1_Winter_CMP-00096,2023-06-10,2023-06-28,Google Ads,52214,1352,945.0,225.0,0,GO,18 days,0.025893438541387367,0.16642011834319526,0.6989644970414202,4.2
96,CMP-00097,Q3_Summer_CMP-00097,2023-12-10,2023-12-21,Email,62228,1816,2301.7,233.0,0,EM,11 days,0.029183004435302435,0.12830396475770925,1.2674559471365638,9.878540772532189
97,CMP-00098,Q4_Summer_CMP-00098,2023-02-26,2023-07-02,Unknown,49984,1871,950.5,273.0,0,XX,126 days,0.03743197823303457,0.1459112773917691,0.5080171031533939,3.4816849816849818
98,CMP-00099,Q4_BlackFriday_CMP-00099,2023-11-15,2023-12-11,Instagram,41774,446,850.8,74.0,0,IN,26 days,0.010676497342844832,0.16591928251121077,1.9076233183856501,11.497297297297298
99,CMP-00100,Q2_BlackFriday_CMP-00100,2023-02-07,2023-02-18,TikTok,3568,81,90.9,8.0,1,TI,11 days,0.022701793721973094,0.09876543209876543,1.1222222222222222,11.3625
100,CMP-00101,Q2_Summer_CMP-00101,2023-03-09,2023-04-01,TikTok,63592,3111,3433.0,156.0,0,TI,23 days,0.0489212479557177,0.05014464802314368,1.1035036965605916,22.006410256410255
101,CMP-00102,Q3_BlackFriday_CMP-00102,2023-05-06,2023-05-13,Google Ads,68563,2276,2471.49,403.0,1,GO,7 days,0.03319574697723262,0.17706502636203866,1.0858919156414761,6.13272952853598
102,CMP-00103,Q3_Summer_CMP-00103,2023-10-06,2023-11-04,Unknown,3695,74,44.7,7.0,0,XX,29 days,0.020027063599458727,0.0945945945945946,0.6040540540540541,6.385714285714286
103,CMP-00104,Q1_Winter_CMP-00104,2023-12-01,2023-12-06,Email,49190,1518,2212.46,188.0,1,EM,5 days,0.030859930880260216,0.12384716732542819,1.457483530961792,11.76840425531915
104,CMP-00105,Q4_BlackFriday_CMP-00105,2023-10-11,2023-10-22,TikTok,6258,148,236.73,7.0,1,TI,11 days,0.023649728347714925,0.0472972972972973,1.599527027027027,33.818571428571424
105,CMP-00106,Q4_BlackFriday_CMP-00106,2023-03-10,2023-04-05,Google Ads,88538,2770,4194.3,342.0,0,GO,26 days,0.03128600149088527,0.12346570397111914,1.514187725631769,12.264035087719298
106,CMP-00107,Q4_Winter_CMP-00107,2023-10-11,2023-11-01,Google Ads,40504,608,430.25,120.0,0,GO,21 days,0.015010863124629667,0.19736842105263158,0.7076480263157895,3.5854166666666667
107,CMP-00108,Q1_Launch_CMP-00108,2023-04-18,2023-05-07,Google Ads,34159,522,714.23,47.0,0,GO,19 days,0.015281477795017418,0.09003831417624521,1.368256704980843,15.196382978723404
108,CMP-00109,Q1_BlackFriday_CMP-00109,2023-11-21,2023-12-21,TikTok,14986,235,318.24,25.0,1,TI,30 days,0.015681302549045775,0.10638297872340426,1.3542127659574468,12.7296
109,CMP-00110,Q3_Launch_CMP-00110,2023-05-09,2023-05-17,Instagram,62858,2991,5391.63,457.0,0,IN,8 days,0.04758344204397213,0.15279170845870946,1.802617853560682,11.797877461706783
110,CMP-00111,Q4_Winter_CMP-00111,2023-02-17,2023-03-12,Email,13666,537,573.89,92.0,0,EM,23 days,0.03929459973657252,0.1713221601489758,1.0686964618249535,6.237934782608695
111,CMP-00112,Q4_BlackFriday_CMP-00112,2023-01-23,2023-02-11,Email,39660,654,691.43,73.0,0,EM,19 days,0.01649016641452345,0.11162079510703364,1.0572324159021407,9.471643835616439
112,CMP-00113,Q3_BlackFriday_CMP-00113,2023-03-08,2023-03-28,Instagram,4561,79,112.8,7.0,0,IN,20 days,0.017320762990572242,0.08860759493670886,1.4278481012658228,16.114285714285714
113,CMP-00114,Q1_Launch_CMP-00114,2023-08-15,2023-08-23,Facebook,27854,1092,1582.97,208.0,1,FA,8 days,0.039204423063114814,0.19047619047619047,1.449606227106227,7.610432692307692
114,CMP-00115,Q4_BlackFriday_CMP-00115,2023-01-05,2023-02-01,Facebook,65505,1064,1280.98,161.0,1,FA,27 days,0.016243034882833372,0.1513157894736842,1.2039285714285715,7.95639751552795
115,CMP-00116,Q1_Summer_CMP-00116,2023-12-20,2024-01-16,Facebook,53251,1032,1201.86,70.0,1,FA,27 days,0.01937991774802351,0.06782945736434108,1.164593023255814,17.16942857142857
117,CMP-00118,Q2_Summer_CMP-00118,2023-03-23,2023-07-03,Google Ads,9392,189,338.61,23.0,1,GO,102 days,0.02012350936967632,0.12169312169312169,1.7915873015873016,14.722173913043479
118,CMP-00119,Q3_Launch_CMP-00119,2023-07-06,2023-07-25,Facebook,31535,1149,1369.32,95.0,1,FA,19 days,0.0364357063580149,0.08268059181897303,1.1917493472584857,14.413894736842105
119,CMP-00120,Q2_Launch_CMP-00120,2023-01-21,2023-02-06,Facebook,79603,3912,7471.52,344.0,0,FA,16 days,0.04914387648706707,0.08793456032719836,1.9098977505112475,21.719534883720932
120,CMP-00121,Q1_Winter_CMP-00121,2023-05-08,2023-06-06,Email,53256,1329,1669.23,241.0,0,EM,29 days,0.024954934655250113,0.18133935289691497,1.2560045146726861,6.926265560165975
121,CMP-00122,Q4_Launch_CMP-00122,2023-10-14,2023-10-15,Instagram,90135,964,1854.54,61.0,1,IN,1 days,0.010695068508348587,0.06327800829875518,1.9237966804979252,30.402295081967214
122,CMP-00123,Q1_BlackFriday_CMP-00123,2023-11-14,2023-11-25,Facebook,36222,715,1250.71,112.0,1,FA,11 days,0.019739384904201865,0.15664335664335666,1.7492447552447552,11.167053571428571
123,CMP-00124,Q4_Launch_CMP-00124,2023-05-02,2023-05-19,Unknown,78373,3388,3535.88,307.0,1,XX,17 days,0.043229173312237634,0.09061393152302243,1.0436481700118063,11.517524429967427
124,CMP-00125,Q4_Summer_CMP-00125,2023-02-02,2023-04-01,Email,80575,3592,6449.3,589.0,0,EM,58 days,0.04457958423828731,0.16397550111358575,1.7954621380846325,10.949575551782683
125,CMP-00126,Q1_Winter_CMP-00126,2023-06-20,2023-06-24,Email,97354,3966,2637.77,628.0,1,EM,4 days,0.04073792550896727,0.1583459404942007,0.665095814422592,4.200270700636943
126,CMP-00127,Q1_Launch_CMP-00127,2023-12-09,2023-12-22,Instagram,85651,1244,2348.14,63.0,0,IN,13 days,0.014524056928699023,0.05064308681672026,1.8875723472668808,37.27206349206349
128,CMP-00129,Q4_BlackFriday_CMP-00129,2023-07-15,2023-07-20,TikTok,11965,559,325.11,39.0,0,TI,5 days,0.0467195988299206,0.06976744186046512,0.5815921288014312,8.336153846153847
129,CMP-00130,Q1_BlackFriday_CMP-00130,2023-04-24,2023-05-14,Facebook,25538,868,1272.82,156.0,0,FA,20 days,0.033988566058422744,0.17972350230414746,1.4663824884792627,8.159102564102565
130,CMP-00131,Q3_Launch_CMP-00131,2023-06-29,2023-07-10,Google Ads,71592,3410,6688.28,616.0,0,INVALID,11 days,0.04763102022572355,0.18064516129032257,1.9613724340175953,10.857597402597403
131,CMP-00132,Q2_Launch_CMP-00132,2023-04-27,2023-04-30,Google Ads,99018,4265,2579.05,480.0,0,GO,3 days,0.04307297663051162,0.11254396248534584,0.6047010550996483,5.373020833333333
132,CMP-00133,Q1_BlackFriday_CMP-00133,2023-07-24,2023-08-10,Facebook,9110,334,444.9,38.0,1,FA,17 days,0.03666300768386389,0.11377245508982035,1.3320359281437124,11.707894736842105
133,CMP-00134,Q4_Summer_CMP-00134,2023-05-23,2023-06-08,Facebook,80309,2657,4308.83,253.0,1,FA,16 days,0.03308471030644137,0.0952201731275875,1.6216898757997742,17.03094861660079
135,CMP-00136,Q2_Winter_CMP-00136,2023-01-15,2023-02-04,Google Ads,53992,883,989.61,91.0,1,GO,20 days,0.016354274707364055,0.10305775764439411,1.120736126840317,10.874835164835165
136,CMP-00137,Q3_Summer_CMP-00137,2023-04-02,2023-05-01,Google Ads,83948,2870,2313.94,258.0,1,GO,29 days,0.034187830561776336,0.08989547038327526,0.8062508710801394,8.96875968992248
137,CMP-00138,Q4_Summer_CMP-00138,2023-01-20,2023-02-18,Facebook,99806,2268,1278.05,260.0,1,FA,29 days,0.022724084724365268,0.1146384479717813,0.5635141093474426,4.915576923076923
138,CMP-00139,Q3_Launch_CMP-00139,2023-06-10,2023-07-04,Instagram,7910,353,483.47,22.0,0,IN,24 days,0.044627054361567636,0.06232294617563739,1.3696033994334278,21.97590909090909
140,CMP-00141,Q1_Winter_CMP-00141,2023-05-14,2023-11-05,Facebook,1206,48,92.31,2.0,1,FA,175 days,0.03980099502487562,0.041666666666666664,1.923125,46.155
141,CMP-00142,Q1_Launch_CMP-00142,2023-08-27,2023-12-08,TikTok,88054,1199,708.5,175.0,1,TI,103 days,0.013616644331887251,0.14595496246872394,0.5909090909090909,4.048571428571429
142,CMP-00143,Q3_BlackFriday_CMP-00143,2023-10-03,2023-10-16,Facebook,88897,1915,2926.3,148.0,0,FA,13 days,0.021541784312181515,0.07728459530026109,1.528093994778068,19.7722972972973
143,CMP-00144,Q2_Summer_CMP-00144,2023-12-10,2024-01-04,Google Ads,24419,350,188.11,29.0,0,GO,25 days,0.014333101273598428,0.08285714285714285,0.5374571428571429,6.486551724137931
146,CMP-00147,Q1_BlackFriday_CMP-00147,2023-06-03,2023-06-28,Facebook,55268,2599,3072.82,433.0,1,FA,25 days,0.04702540348845625,0.1666025394382455,1.1823085802231628,7.096581986143187
147,CMP-00148,Q4_Launch_CMP-00148,2023-06-17,2023-06-26,Instagram,88939,2448,3741.89,205.0,1,IN,9 days,0.027524483072667784,0.08374183006535947,1.528549836601307,18.253121951219512
148,CMP-00149,Q2_BlackFriday_CMP-00149,2023-03-07,2023-03-30,Facebook,19141,881,1643.35,67.0,1,FA,23 days,0.04602685335144455,0.07604994324631101,1.8653234960272416,24.527611940298506
149,CMP-00150,Q2_Summer_CMP-00150,2023-07-14,2023-07-19,Unknown,81356,3670,5352.87,660.0,1,XX,5 days,0.045110379074684105,0.17983651226158037,1.4585476839237057,8.11040909090909
150,CMP-00151,Q1_Launch_CMP-00151,2023-11-12,2023-11-24,Google Ads,72910,1654,3192.72,192.0,1,GO,12 days,0.022685502674530244,0.11608222490931076,1.9303022974607011,16.62875
151,CMP-00152,Q3_BlackFriday_CMP-00152,2023-01-01,2023-01-29,Email,57044,2553,4652.65,180.0,1,E-,28 days,0.04475492602201809,0.07050528789659224,1.8224245985115548,25.848055555555554
152,CMP-00153,Q2_Winter_CMP-00153,2023-10-24,2023-11-18,TikTok,68214,1707,2350.11,306.0,1,TI,25 days,0.02502418858298883,0.17926186291739896,1.3767486818980668,7.680098039215687
153,CMP-00154,Q3_Launch_CMP-00154,2023-08-15,2023-08-17,TikTok,34827,761,1332.27,131.0,0,TI,2 days,0.021850862836305166,0.1721419185282523,1.750683311432326,10.17
154,CMP-00155,Q4_Launch_CMP-00155,2023-08-31,2023-09-16,Facebook,56820,2043,2990.68,403.0,1,INVALID,16 days,0.03595564941921858,0.1972589329417523,1.4638668624571707,7.421042183622828
155,CMP-00156,Q2_Launch_CMP-00156,2023-03-28,2023-04-05,Facebook,63623,1471,908.84,274.0,1,FA,8 days,0.023120569605331404,0.18626784500339905,0.6178382053025153,3.316934306569343
158,CMP-00159,Q1_Winter_CMP-00159,2023-04-12,2023-12-05,Google Ads,94426,3072,4273.53,201.0,1,GO,237 days,0.032533412407599605,0.0654296875,1.391123046875,21.26134328358209
159,CMP-00160,Q3_BlackFriday_CMP-00160,2023-09-01,2023-09-12,Google Ads,23299,587,912.17,79.0,1,GO,11 days,0.02519421434396326,0.13458262350936967,1.5539522998296422,11.546455696202532
160,CMP-00161,Q1_Winter_CMP-00161,2023-08-22,2023-09-03,Facebook,44585,1424,854.1,184.0,0,INVALID,12 days,0.031938992934843556,0.12921348314606743,0.5997893258426966,4.6418478260869565
161,CMP-00162,Q4_Winter_CMP-00162,2023-04-10,2023-05-07,Google Ads,65044,2202,1863.31,261.0,0,GO,27 days,0.03385400651866429,0.11852861035422343,0.8461898274296095,7.13911877394636
162,CMP-00163,Q4_BlackFriday_CMP-00163,2023-07-24,2023-08-13,Unknown,43557,1386,2596.68,151.0,1,INVALID,20 days,0.031820373303946554,0.10894660894660894,1.8735064935064933,17.196556291390728
163,CMP-00164,Q1_Launch_CMP-00164,2023-01-03,2023-01-19,Google Ads,50080,1391,1981.44,159.0,1,GO,16 days,0.02777555910543131,0.11430625449317038,1.4244716031631919,12.46188679245283
165,CMP-00166,Q4_Winter_CMP-00166,2023-12-23,2023-12-28,TikTok,96003,3214,4936.77,161.0,1,TI,5 days,0.03347812047540181,0.05009334163036715,1.5360205351586809,30.663167701863358
166,CMP-00167,Q4_Summer_CMP-00167,2023-05-08,2023-06-03,Google Ads,96259,1611,2247.61,143.0,1,GO,26 days,0.01673609740387912,0.08876474239602732,1.3951644941030417,15.717552447552448
168,CMP-00169,Q2_Launch_CMP-00169,2023-10-14,2023-10-25,Google Ads,26939,1087,2135.17,172.0,1,GO,11 days,0.04035042132224656,0.15823367065317387,1.9642778288868445,12.413779069767441
169,CMP-00170,Q2_Launch_CMP-00170,2023-08-15,2023-08-31,TikTok,49925,1498,2284.72,114.0,1,TI,16 days,0.0300050075112669,0.07610146862483311,1.525180240320427,20.04140350877193
170,CMP-00171,Q2_BlackFriday_CMP-00171,2023-09-16,2023-09-27,Unknown,43941,1392,1479.92,183.0,1,XX,11 days,0.03167884208370315,0.1314655172413793,1.0631609195402298,8.086994535519127
171,CMP-00172,Q2_Winter_CMP-00172,2023-08-17,2023-09-06,Facebook,22834,1097,1865.02,172.0,0,FA,20 days,0.04804239292283437,0.15679124886052873,1.700109389243391,10.84313953488372
172,CMP-00173,Q1_BlackFriday_CMP-00173,2023-09-01,2023-09-30,Email,19047,835,1525.44,97.0,1,EM,29 days,0.04383892476505486,0.11616766467065869,1.826874251497006,15.72618556701031
173,CMP-00174,Q3_Summer_CMP-00174,2023-11-23,2023-12-11,TikTok,27105,1262,868.04,68.0,1,TI,18 days,0.046559675336653755,0.05388272583201268,0.6878288431061806,12.76529411764706
174,CMP-00175,Q3_BlackFriday_CMP-00175,2023-09-06,2023-09-13,Email,76766,3266,2615.51,383.0,1,EM,7 days,0.04254487663809499,0.11726883037354562,0.8008297611757502,6.8290078328981725
175,CMP-00176,Q1_Launch_CMP-00176,2023-02-09,2023-03-08,TikTok,16707,239,197.02,22.0,0,TI,27 days,0.01430538097803316,0.09205020920502092,0.8243514644351465,8.955454545454545
177,CMP-00178,Q4_BlackFriday_CMP-00178,2023-03-12,2023-04-02,Facebook,45262,1406,1974.81,96.0,0,FA,21 days,0.031063585347532147,0.06827880512091039,1.4045590327169275,20.5709375
178,CMP-00179,Q3_Launch_CMP-00179,2023-03-20,2023-03-27,Facebook,24776,491,701.39,72.0,0,FA,7 days,0.019817565385857282,0.14663951120162932,1.4284928716904277,9.741527777777778
179,CMP-00180,Q3_Summer_CMP-00180,2023-07-28,2023-08-27,Facebook,31080,903,1725.78,52.0,0,FA,30 days,0.029054054054054056,0.05758582502768549,1.9111627906976745,33.18807692307692
181,CMP-00182,Q4_BlackFriday_CMP-00182,2023-10-27,2023-11-16,Email,62373,1994,1379.66,265.0,1,EM,20 days,0.03196896092860693,0.1328986960882648,0.6919057171514544,5.2062641509433965
182,CMP-00183,Q2_Winter_CMP-00183,2023-10-22,2023-10-26,Email,7776,310,316.59,29.0,1,EM,4 days,0.03986625514403292,0.0935483870967742,1.0212580645161289,10.916896551724138
183,CMP-00184,Q4_Launch_CMP-00184,2023-06-30,2023-07-10,Email,93787,3622,4176.49,428.0,0,EM,10 days,0.03861942486698583,0.11816675869685257,1.1530894533406957,9.758154205607475
184,CMP-00185,Q3_Launch_CMP-00185,2023-08-03,2023-08-27,Facebook,56016,1728,1890.33,128.0,0,FA,24 days,0.030848329048843187,0.07407407407407407,1.0939409722222222,14.768203125
185,CMP-00186,Q3_Summer_CMP-00186,2023-11-05,2023-11-07,Instagram,10474,449,675.28,42.0,1,IN,2 days,0.04286805422952072,0.0935412026726058,1.5039643652561248,16.078095238095237
186,CMP-00187,Q1_Summer_CMP-00187,2023-05-20,2023-06-13,Facebook,59053,1608,2955.25,230.0,1,FA,24 days,0.0272297766413222,0.14303482587064675,1.837842039800995,12.84891304347826
187,CMP-00188,Q1_Summer_CMP-00188,2023-06-22,2023-07-21,Email,22959,1053,1009.91,100.0,1,E-,29 days,0.04586436691493532,0.0949667616334283,0.9590788224121557,10.0991
188,CMP-00189,Q4_Summer_CMP-00189,2023-03-26,2023-04-02,Instagram,6530,83,110.21,15.0,1,IN,7 days,0.012710566615620214,0.18072289156626506,1.3278313253012048,7.347333333333333
190,CMP-00191,Q4_Summer_CMP-00191,2023-10-31,2023-11-26,Facebook,4748,171,192.26,19.0,1,INVALID,26 days,0.03601516427969671,0.1111111111111111,1.1243274853801168,10.118947368421052
191,CMP-00192,Q3_Launch_CMP-00192,2023-11-26,2023-12-13,Instagram,98504,2482,1866.9,138.0,1,IN,17 days,0.025196946316900837,0.055600322320709106,0.7521756647864626,13.528260869565218
192,CMP-00193,Q2_Winter_CMP-00193,2023-04-04,2023-04-14,Facebook,99098,1772,2148.42,221.0,1,FA,10 days,0.017881289228844174,0.12471783295711061,1.2124266365688487,9.721357466063349
193,CMP-00194,Q4_Launch_CMP-00194,2023-07-14,2023-07-22,Facebook,14545,424,247.12,69.0,1,FA,8 days,0.029150910965967686,0.16273584905660377,0.5828301886792453,3.581449275362319
194,CMP-00195,Q1_Winter_CMP-00195,2023-06-22,2023-07-18,Email,67199,1194,2284.81,107.0,1,EM,26 days,0.01776812154942782,0.08961474036850921,1.91357621440536,21.35336448598131
195,CMP-00196,Q4_Summer_CMP-00196,2023-04-21,2023-08-04,Instagram,35766,595,364.28,101.0,1,IN,105 days,0.016635911200581558,0.16974789915966387,0.612235294117647,3.6067326732673264
196,CMP-00197,Q3_Launch_CMP-00197,2023-01-10,2023-10-15,Instagram,74530,2585,2992.62,226.0,1,IN,278 days,0.034684019857775396,0.08742746615087041,1.15768665377176,13.241681415929204
197,CMP-00198,Q4_Launch_CMP-00198,2023-06-29,2023-07-22,TikTok,94557,2924,3786.06,507.0,1,TI,23 days,0.030923146884947704,0.17339261285909713,1.2948221614227087,7.467573964497041
198,CMP-00199,Q1_BlackFriday_CMP-00199,2023-11-30,2023-12-27,Email,62087,2285,4519.63,143.0,0,EM,27 days,0.03680319551596953,0.06258205689277899,1.9779562363238512,31.605804195804197
200,CMP-00201,Q3_BlackFriday_CMP-00201,2023-01-06,2023-01-11,Instagram,69840,2185,1467.55,272.0,1,IN,5 days,0.031285796105383734,0.12448512585812357,0.6716475972540046,5.395404411764706
201,CMP-00202,Q3_Launch_CMP-00202,2023-08-31,2023-09-10,Email,55384,1840,944.03,173.0,1,EM,10 days,0.03322259136212625,0.09402173913043478,0.5130597826086957,5.456820809248555
202,CMP-00203,Q2_Summer_CMP-00203,2023-04-22,2023-05-01,Facebook,52005,706,517.75,63.0,0,FA,9 days,0.013575617729064514,0.08923512747875353,0.7333569405099151,8.218253968253968
203,CMP-00204,Q4_Summer_CMP-00204,2023-07-08,2023-07-15,Instagram,47576,1841,1492.88,211.0,0,IN,7 days,0.038695981166974945,0.11461162411732755,0.8109071156979902,7.07526066350711
204,CMP-00205,Q1_Summer_CMP-00205,2023-02-28,2023-03-05,Instagram,40353,1049,1516.72,209.0,1,IN,5 days,0.025995588927712934,0.1992373689227836,1.4458722592945663,7.257033492822966
205,CMP-00206,Q2_BlackFriday_CMP-00206,2023-06-09,2023-09-16,Email,63003,3091,2564.17,256.0,1,EM,99 days,0.049061155817976924,0.08282109349725009,0.8295600129407958,10.0162890625
206,CMP-00207,Q3_BlackFriday_CMP-00207,2023-06-09,2023-06-10,Instagram,84211,3614,1918.24,236.0,0,IN,1 days,0.04291600859745164,0.0653016048699502,0.5307802988378528,8.128135593220339
207,CMP-00208,Q2_Launch_CMP-00208,2023-07-12,2023-07-13,Facebook,53733,1660,2888.28,228.0,1,FA,1 days,0.03089349189511101,0.13734939759036144,1.7399277108433737,12.667894736842106
208,CMP-00209,Q2_Launch_CMP-00209,2023-02-08,2023-03-01,Unknown,66318,990,1037.91,122.0,0,INVALID,21 days,0.014928073826110558,0.12323232323232323,1.0483939393939394,8.507459016393444
209,CMP-00210,Q2_Launch_CMP-00210,2023-05-05,2023-05-26,Instagram,90474,4014,4136.61,516.0,1,IN,21 days,0.044366337290271236,0.12855007473841554,1.0305455904334828,8.016686046511627
210,CMP-00211,Q1_Launch_CMP-00211,2023-12-17,2024-01-11,TikTok,24664,1035,987.1,155.0,1,TI,25 days,0.04196399610768732,0.1497584541062802,0.953719806763285,6.368387096774193
213,CMP-00214,Q3_Winter_CMP-00214,2023-11-28,2023-12-10,Email,94264,3934,7267.5,453.0,1,EM,12 days,0.04173385385725197,0.11514997458057956,1.8473563802745296,16.043046357615893
214,CMP-00215,Q4_Winter_CMP-00215,2023-09-08,2023-09-23,TikTok,27736,482,802.63,33.0,1,TI,15 days,0.017378136717623307,0.06846473029045644,1.665207468879668,24.32212121212121
215,CMP-00216,Q1_Winter_CMP-00216,2023-11-22,2023-12-17,TikTok,95209,4447,2733.66,717.0,1,TI,25 days,0.04670776922349778,0.16123229143242634,0.6147200359793119,3.8126359832635983
216,CMP-00217,Q1_Launch_CMP-00217,2023-03-20,2023-04-19,Instagram,1854,50,99.0,7.0,0,IN,30 days,0.02696871628910464,0.14,1.98,14.142857142857142
217,CMP-00218,Q3_Winter_CMP-00218,2023-11-30,2023-12-05,Google Ads,91084,1227,1112.95,119.0,1,INVALID,5 days,0.013471081638926704,0.09698451507742462,0.9070497147514263,9.352521008403361
218,CMP-00219,Q3_Winter_CMP-00219,2023-09-28,2023-10-03,TikTok,39623,1689,1094.26,241.0,0,TI,5 days,0.0426267571864826,0.14268798105387803,0.6478744819419775,4.540497925311203
219,CMP-00220,Q1_Summer_CMP-00220,2023-10-31,2023-11-21,Instagram,8392,209,364.49,17.0,1,IN,21 days,0.02490467111534795,0.08133971291866028,1.7439712918660288,21.44058823529412
220,CMP-00221,Q1_Launch_CMP-00221,2023-02-14,2023-02-27,Facebook,56680,1760,2745.62,205.0,0,FA,13 days,0.031051517290049402,0.11647727272727272,1.5600113636363635,13.393268292682926
221,CMP-00222,Q1_Winter_CMP-00222,2023-08-21,2023-08-26,TikTok,47717,691,985.25,127.0,1,TI,5 days,0.014481212146614414,0.1837916063675832,1.4258321273516643,7.7578740157480315
222,CMP-00223,Q1_Summer_CMP-00223,2023-06-22,2023-06-28,Facebook,88092,890,653.23,62.0,0,FA,6 days,0.010103074058938382,0.0696629213483146,0.7339662921348314,10.535967741935485
224,CMP-00225,Q2_Launch_CMP-00225,2023-05-13,2023-05-28,Unknown,27309,835,1395.15,144.0,1,INVALID,15 days,0.030576000585887435,0.1724550898203593,1.6708383233532935,9.688541666666667
225,CMP-00226,Q3_Winter_CMP-00226,2023-12-26,2024-01-20,Instagram,88455,2984,2851.02,583.0,1,IN,25 days,0.033734667344977674,0.19537533512064342,0.9554356568364611,4.890257289879932
226,CMP-00227,Q2_Winter_CMP-00227,2023-09-22,2023-10-03,Email,64734,2702,2614.28,319.0,0,EM,11 days,0.04174004387184478,0.11806069578090303,0.9675351591413768,8.195235109717869
227,CMP-00228,Q3_Winter_CMP-00228,2023-07-28,2023-08-01,Email,71467,2563,1293.58,323.0,0,EM,4 days,0.03586270586424504,0.1260241904018728,0.5047132266874755,4.004891640866873
228,CMP-00229,Q2_Launch_CMP-00229,2023-12-20,2024-01-19,Email,53662,911,693.6,123.0,1,EM,30 days,0.016976631508329915,0.1350164654226125,0.7613611416026345,5.639024390243903
229,CMP-00230,Q3_Summer_CMP-00230,2023-08-18,2023-08-27,TikTok,99506,2431,4407.67,461.0,1,TI,9 days,0.024430687596727837,0.18963389551624846,1.8131098313451255,9.561106290672452
230,CMP-00231,Q3_Summer_CMP-00231,2023-04-24,2023-05-09,Instagram,13688,632,734.78,112.0,1,INVALID,15 days,0.046171829339567504,0.17721518987341772,1.162626582278481,6.560535714285714
231,CMP-00232,Q2_Summer_CMP-00232,2023-12-06,2023-12-15,Unknown,26342,1074,2122.6,81.0,1,XX,9 days,0.0407713916938729,0.07541899441340782,1.9763500931098696,26.204938271604938
232,CMP-00233,Q1_Summer_CMP-00233,2023-09-29,2023-10-06,Instagram,38157,1231,1346.17,142.0,1,IN,7 days,0.03226144613046099,0.11535337124289195,1.093558082859464,9.480070422535212
233,CMP-00234,Q4_Summer_CMP-00234,2023-10-09,2023-11-01,TikTok,68863,1392,2189.31,166.0,0,TI,23 days,0.02021404818262347,0.11925287356321838,1.572780172413793,13.188614457831324
234,CMP-00235,Q1_Winter_CMP-00235,2023-05-19,2023-06-08,Instagram,53083,1172,1081.61,197.0,1,IN,20 days,0.022078631576964377,0.1680887372013652,0.9228754266211603,5.4904060913705575
236,CMP-00237,Q2_Summer_CMP-00237,2023-12-20,2023-12-30,Unknown,90045,3966,3117.63,587.0,1,XX,10 days,0.04404464434449442,0.14800806858295512,0.786089258698941,5.311124361158433
237,CMP-00238,Q1_Launch_CMP-00238,2023-09-05,2023-09-11,Unknown,35698,1315,1342.08,262.0,0,XX,6 days,0.036836797579696344,0.19923954372623573,1.0205931558935362,5.122442748091602
238,CMP-00239,Q3_Winter_CMP-00239,2023-09-26,2023-10-15,Unknown,81623,3459,4568.84,211.0,0,XX,19 days,0.042377761170258384,0.061000289100896214,1.32085573865279,21.653270142180094
239,CMP-00240,Q4_Summer_CMP-00240,2023-04-10,2023-04-15,TikTok,23671,962,1912.13,80.0,1,TI,5 days,0.04064044611549998,0.08316008316008316,1.9876611226611227,23.901625000000003
240,CMP-00241,Q4_Summer_CMP-00241,2023-04-06,2023-06-15,Facebook,26184,418,625.45,46.0,1,FA,70 days,0.01596394744882371,0.11004784688995216,1.4962918660287083,13.596739130434784
241,CMP-00242,Q4_Summer_CMP-00242,2023-01-11,2023-10-01,Instagram,94384,2544,2032.32,259.0,1,IN,263 days,0.026953720969655873,0.10180817610062894,0.7988679245283019,7.846795366795367
242,CMP-00243,Q4_Summer_CMP-00243,2023-01-28,2023-02-01,Facebook,43107,694,393.8,36.0,0,FA,4 days,0.01609947340339156,0.05187319884726225,0.5674351585014409,10.93888888888889
243,CMP-00244,Q2_Launch_CMP-00244,2023-03-06,2023-03-08,Facebook,87202,1692,1166.69,107.0,1,FA,2 days,0.01940322469668127,0.06323877068557919,0.6895330969267139,10.903644859813085
244,CMP-00245,Q4_BlackFriday_CMP-00245,2023-02-22,2023-03-22,Instagram,52663,2357,3167.41,358.0,1,IN,28 days,0.04475628050054117,0.1518879932117098,1.3438311412812898,8.847513966480447
245,CMP-00246,Q4_Winter_CMP-00246,2023-08-29,2023-09-09,Email,16708,483,795.86,87.0,1,EM,11 days,0.028908307397653817,0.18012422360248448,1.647743271221532,9.147816091954024
248,CMP-00249,Q1_Summer_CMP-00249,2023-02-07,2023-02-19,Facebook,3811,85,109.15,7.0,1,FA,12 days,0.022303857255313565,0.08235294117647059,1.2841176470588236,15.592857142857143
249,CMP-00250,Q3_BlackFriday_CMP-00250,2023-03-19,2023-03-24,Facebook,57250,1099,1325.72,181.0,0,FA,5 days,0.01919650655021834,0.16469517743403095,1.2062966333030027,7.324419889502763
251,CMP-00252,Q2_BlackFriday_CMP-00252,2023-05-08,2023-06-04,TikTok,35754,1269,1699.66,175.0,0,TI,27 days,0.03549253230407787,0.13790386130811663,1.3393695823483058,9.712342857142858
252,CMP-00253,Q1_Winter_CMP-00253,2023-11-07,2023-12-01,Facebook,96742,1961,3001.43,160.0,0,FA,24 days,0.020270409956378823,0.0815910249872514,1.5305609382967873,18.7589375
253,CMP-00254,Q1_Summer_CMP-00254,2023-09-25,2023-10-08,TikTok,12411,437,649.87,28.0,1,TI,13 days,0.03521070018531947,0.06407322654462243,1.487116704805492,23.209642857142857
254,CMP-00255,Q2_Winter_CMP-00255,2023-06-02,2023-06-20,TikTok,3911,48,32.42,2.0,1,TI,18 days,0.012273075939657376,0.041666666666666664,0.6754166666666667,16.21
256,CMP-00257,Q2_Summer_CMP-00257,2023-02-20,2023-03-13,TikTok,84763,1778,1217.66,308.0,1,TI,21 days,0.020976133454455363,0.1732283464566929,0.6848481439820023,3.9534415584415585
257,CMP-00258,Q3_Winter_CMP-00258,2023-04-19,2023-05-03,TikTok,9680,327,506.13,58.0,0,TI,14 days,0.03378099173553719,0.17737003058103976,1.5477981651376147,8.726379310344827
258,CMP-00259,Q2_Summer_CMP-00259,2023-03-26,2023-05-03,Google Ads,85896,3181,3576.14,380.0,0,GO,38 days,0.037033156375151345,0.11945928953159383,1.1242187991197736,9.410894736842105
260,CMP-00261,Q3_Launch_CMP-00261,2023-08-29,2023-09-11,Facebook,72295,2012,3732.15,386.0,1,FA,13 days,0.027830417041289163,0.1918489065606362,1.8549453280318091,9.668782383419689
261,CMP-00262,Q2_Summer_CMP-00262,2023-12-28,2024-01-03,Facebook,89614,3493,6409.05,318.0,0,FA,6 days,0.038978284643024524,0.09103922129974235,1.834826796450043,20.15424528301887
263,CMP-00264,Q4_Launch_CMP-00264,2023-11-17,2023-12-07,TikTok,38504,910,1151.35,172.0,1,TI,20 days,0.023633908165385416,0.189010989010989,1.2652197802197802,6.693895348837208
264,CMP-00265,Q4_Launch_CMP-00265,2023-04-12,2023-05-09,Google Ads,2802,119,190.92,11.0,1,GO,27 days,0.04246966452533904,0.09243697478991597,1.6043697478991596,17.356363636363636
265,CMP-00266,Q2_BlackFriday_CMP-00266,2023-11-28,2023-12-23,Google Ads,9155,312,396.04,58.0,0,GO,25 days,0.0340797378481704,0.1858974358974359,1.2693589743589744,6.828275862068966
266,CMP-00267,Q2_Winter_CMP-00267,2023-03-14,2023-03-16,Email,74656,1753,3163.13,345.0,0,EM,2 days,0.02348103300471496,0.19680547632629777,1.8044095835710212,9.16849275362319
267,CMP-00268,Q3_Launch_CMP-00268,2023-03-26,2023-04-16,Email,40384,1866,2060.37,278.0,1,EM,21 days,0.04620641838351822,0.1489817792068596,1.1041639871382636,7.411402877697841
268,CMP-00269,Q1_BlackFriday_CMP-00269,2023-10-19,2023-10-29,Instagram,48254,1973,3857.91,340.0,0,IN,10 days,0.04088780204749865,0.17232640648758235,1.9553522554485554,11.34679411764706
269,CMP-00270,Q2_Winter_CMP-00270,2023-08-28,2023-09-08,Email,22918,472,896.08,76.0,1,EM,11 days,0.020595165372196526,0.16101694915254236,1.8984745762711865,11.790526315789474
270,CMP-00271,Q4_Launch_CMP-00271,2023-05-20,2023-06-08,Instagram,86981,3114,5021.03,482.0,1,IN,19 days,0.03580092204044562,0.15478484264611433,1.6124052665382145,10.41707468879668
271,CMP-00272,Q4_Launch_CMP-00272,2023-02-11,2023-03-08,TikTok,61713,2087,1918.21,200.0,1,TI,25 days,0.03381783416784146,0.09583133684714902,0.9191231432678486,9.591050000000001
272,CMP-00273,Q3_BlackFriday_CMP-00273,2023-06-15,2023-07-04,TikTok,31306,815,568.45,47.0,0,TI,19 days,0.026033348239954002,0.05766871165644172,0.6974846625766872,12.094680851063831
273,CMP-00274,Q1_Launch_CMP-00274,2023-04-28,2023-04-30,Instagram,17646,435,775.19,44.0,1,IN,2 days,0.024651479088745324,0.10114942528735632,1.7820459770114945,17.61795454545455
275,CMP-00276,Q3_BlackFriday_CMP-00276,2023-12-11,2023-12-28,Email,97601,3385,6030.01,221.0,1,EM,17 days,0.03468202170059733,0.06528803545051699,1.7813914327917282,27.285113122171946
276,CMP-00277,Q1_Launch_CMP-00277,2023-03-31,2023-04-02,Email,91735,2540,3139.81,131.0,1,EM,2 days,0.027688450427862867,0.0515748031496063,1.2361456692913386,23.968015267175574
277,CMP-00278,Q2_Summer_CMP-00278,2023-05-23,2023-06-16,TikTok,17371,751,833.49,53.0,1,TI,24 days,0.0432329744977261,0.07057256990679095,1.1098402130492677,15.72622641509434
278,CMP-00279,Q3_Launch_CMP-00279,2023-11-22,2023-12-15,Facebook,78371,2882,5345.49,453.0,0,FA,23 days,0.03677380663765934,0.1571825121443442,1.8547848716169326,11.800198675496688
279,CMP-00280,Q3_BlackFriday_CMP-00280,2023-08-29,2023-09-21,Email,3049,39,54.83,7.0,1,E-,23 days,0.012791079042308954,0.1794871794871795,1.4058974358974359,7.832857142857143
280,CMP-00281,Q4_Summer_CMP-00281,2023-12-05,2023-12-10,Email,32616,1161,1584.67,229.0,1,EM,5 days,0.03559602649006623,0.19724375538329025,1.3649181739879415,6.91995633187773
281,CMP-00282,Q1_Winter_CMP-00282,2023-07-30,2023-08-15,Facebook,21932,457,611.53,56.0,1,FA,16 days,0.020837132956410723,0.12253829321663019,1.3381400437636761,10.92017857142857
283,CMP-00284,Q2_BlackFriday_CMP-00284,2023-08-21,2023-09-20,Facebook,62434,2322,3897.39,372.0,1,INVALID,30 days,0.03719127398532851,0.16020671834625322,1.6784625322997415,10.476854838709677
284,CMP-00285,Q2_Summer_CMP-00285,2023-05-10,2023-05-13,Unknown,73694,1417,1245.82,177.0,1,XX,3 days,0.019228159687355823,0.12491178546224418,0.8791954834156669,7.038531073446327
286,CMP-00287,Q3_Winter_CMP-00287,2023-01-01,2023-01-06,Instagram,8400,147,270.62,10.0,1,IN,5 days,0.0175,0.06802721088435375,1.840952380952381,27.062
287,CMP-00288,Q3_Summer_CMP-00288,2023-07-31,2023-08-04,Facebook,43642,527,530.28,100.0,1,INVALID,4 days,0.012075523578204482,0.18975332068311196,1.006223908918406,5.3027999999999995
288,CMP-00289,Q1_BlackFriday_CMP-00289,2023-09-23,2023-10-10,Google Ads,16151,406,647.24,41.0,0,INVALID,17 days,0.025137762367655254,0.10098522167487685,1.5941871921182267,15.786341463414635
289,CMP-00290,Q1_BlackFriday_CMP-00290,2023-11-17,2023-11-23,TikTok,52407,1284,1746.03,150.0,0,INVALID,6 days,0.024500543820481998,0.11682242990654206,1.359836448598131,11.6402
291,CMP-00292,Q3_Winter_CMP-00292,2023-08-13,2023-08-21,TikTok,5499,153,303.37,15.0,1,TI,8 days,0.027823240589198037,0.09803921568627451,1.9828104575163399,20.224666666666668
292,CMP-00293,Q1_Launch_CMP-00293,2023-01-15,2023-01-18,Instagram,7295,170,91.44,14.0,1,IN,3 days,0.023303632625085675,0.08235294117647059,0.5378823529411765,6.531428571428571
293,CMP-00294,Q3_Winter_CMP-00294,2023-05-03,2023-05-28,TikTok,60040,1994,1752.66,288.0,0,TI,25 days,0.033211192538307795,0.1444332998996991,0.8789669007021064,6.085625
294,CMP-00295,Q2_Summer_CMP-00295,2023-01-08,2023-08-13,Google Ads,13183,178,227.86,9.0,0,GO,217 days,0.013502237730410377,0.05056179775280899,1.280112359550562,25.317777777777778
295,CMP-00296,Q3_Summer_CMP-00296,2023-02-28,2023-03-12,Facebook,30299,1468,1883.34,232.0,1,FA,12 days,0.0484504439090399,0.15803814713896458,1.2829291553133515,8.117844827586207
296,CMP-00297,Q4_Launch_CMP-00297,2023-03-20,2023-03-31,Facebook,13874,491,679.25,62.0,0,FA,11 days,0.035389938013550525,0.12627291242362526,1.3834012219959266,10.955645161290322
297,CMP-00298,Q3_BlackFriday_CMP-00298,2023-09-18,2023-09-21,Google Ads,33711,1354,2203.65,190.0,1,GO,3 days,0.040164931328053155,0.14032496307237813,1.6275110782865585,11.598157894736843
298,CMP-00299,Q2_Winter_CMP-00299,2023-09-05,2023-09-19,Unknown,6539,109,156.44,15.0,0,XX,14 days,0.016669215476372533,0.13761467889908258,1.4352293577981652,10.429333333333334
299,CMP-00300,Q1_Launch_CMP-00300,2023-10-10,2023-10-21,Google Ads,54351,1433,2006.8,184.0,1,GO,11 days,0.026365660245441666,0.1284019539427774,1.4004187020237264,10.906521739130435
300,CMP-00301,Q4_Summer_CMP-00301,2023-11-03,2023-11-28,Email,62267,1675,971.96,230.0,1,EM,25 days,0.02690028425972024,0.1373134328358209,0.5802746268656717,4.225913043478261
301,CMP-00302,Q3_Launch_CMP-00302,2023-02-05,2023-02-08,Instagram,49354,2115,2252.04,322.0,1,IN,3 days,0.042853669408761196,0.15224586288416075,1.0647943262411348,6.993913043478261
302,CMP-00303,Q1_Summer_CMP-00303,2023-08-01,2023-08-17,Facebook,3557,35,29.68,5.0,1,FA,16 days,0.009839752600506044,0.14285714285714285,0.848,5.936
303,CMP-00304,Q4_Winter_CMP-00304,2023-05-12,2023-05-17,Google Ads,39360,867,778.61,137.0,1,GO,5 days,0.022027439024390243,0.1580161476355248,0.8980507497116493,5.683284671532847
304,CMP-00305,Q3_Launch_CMP-00305,2023-06-02,2023-06-20,Facebook,83018,4088,5443.2,737.0,0,FA,18 days,0.049242332988026695,0.18028375733855187,1.3315068493150684,7.38561736770692
305,CMP-00306,Q2_Summer_CMP-00306,2023-12-04,2023-12-06,Google Ads,3200,92,73.53,7.0,1,GO,2 days,0.02875,0.07608695652173914,0.7992391304347827,10.504285714285714
306,CMP-00307,Q3_Summer_CMP-00307,2023-10-03,2023-10-20,Facebook,69497,1758,1654.14,193.0,1,FA,17 days,0.02529605594486093,0.10978384527872583,0.9409215017064847,8.570673575129534
307,CMP-00308,Q1_Launch_CMP-00308,2023-10-06,2023-10-20,TikTok,47975,709,606.64,136.0,0,TI,14 days,0.014778530484627411,0.1918194640338505,0.8556276445698167,4.460588235294118
308,CMP-00309,Q3_Winter_CMP-00309,2023-04-07,2023-04-28,Google Ads,22357,1094,2103.49,119.0,1,GO,21 days,0.048933220020575215,0.10877513711151737,1.9227513711151736,17.676386554621846
309,CMP-00310,Q4_Summer_CMP-00310,2023-07-16,2023-08-11,Email,78505,847,1623.7,58.0,1,EM,26 days,0.010789121711992866,0.06847697756788666,1.9170011806375444,27.9948275862069
310,CMP-00311,Q1_BlackFriday_CMP-00311,2023-01-23,2023-02-05,Email,3869,152,215.07,19.0,1,EM,13 days,0.03928663737399845,0.125,1.4149342105263158,11.319473684210527
311,CMP-00312,Q1_Summer_CMP-00312,2023-07-15,2023-08-07,Instagram,62135,2531,4775.45,168.0,1,IN,23 days,0.04073388589361873,0.06637692611615963,1.8867838798893717,28.42529761904762
312,CMP-00313,Q4_Summer_CMP-00313,2023-11-30,2023-12-05,Google Ads,51108,1009,1693.83,81.0,0,GO,5 days,0.019742506065586602,0.0802775024777007,1.6787215064420218,20.91148148148148
313,CMP-00314,Q4_BlackFriday_CMP-00314,2023-01-19,2023-02-06,Facebook,95179,3508,4858.31,700.0,0,FA,18 days,0.03685686968764118,0.19954389965792474,1.3849230330672748,6.940442857142858
314,CMP-00315,Q3_BlackFriday_CMP-00315,2023-06-19,2023-07-16,Email,91272,1251,637.58,164.0,0,EM,27 days,0.013706284512227189,0.1310951239008793,0.509656274980016,3.8876829268292687
316,CMP-00317,Q1_BlackFriday_CMP-00317,2023-08-22,2023-09-18,Instagram,24328,1010,1569.27,201.0,1,IN,27 days,0.041515948701085166,0.19900990099009902,1.5537326732673267,7.807313432835821
317,CMP-00318,Q4_Summer_CMP-00318,2023-03-15,2023-03-22,Google Ads,92412,4120,5862.27,803.0,1,GO,7 days,0.044582954594641386,0.19490291262135923,1.4228810679611652,7.300460772104608
318,CMP-00319,Q4_BlackFriday_CMP-00319,2023-03-21,2023-04-05,TikTok,87831,3016,4948.16,350.0,0,TI,15 days,0.034338673133631634,0.11604774535809019,1.6406366047745358,14.137599999999999
319,CMP-00320,Q4_Launch_CMP-00320,2023-05-16,2023-05-22,Facebook,4987,150,190.41,13.0,0,FA,6 days,0.0300782033286545,0.08666666666666667,1.2694,14.646923076923077
320,CMP-00321,Q1_BlackFriday_CMP-00321,2023-11-29,2023-12-03,TikTok,59871,980,1525.0,172.0,0,TI,4 days,0.01636852566350988,0.17551020408163265,1.5561224489795917,8.866279069767442
321,CMP-00322,Q1_Summer_CMP-00322,2023-06-18,2023-07-13,Email,23399,293,557.51,46.0,1,EM,25 days,0.012521902645412197,0.15699658703071673,1.902764505119454,12.119782608695653
322,CMP-00323,Q2_Summer_CMP-00323,2023-07-14,2023-08-13,Unknown,47214,694,738.21,106.0,1,XX,30 days,0.014699029948744016,0.15273775216138327,1.0637031700288184,6.964245283018868
323,CMP-00324,Q1_Winter_CMP-00324,2023-08-06,2023-09-07,Email,87416,1669,2607.28,307.0,1,EM,32 days,0.019092614624325065,0.18394248052726184,1.5621809466746557,8.492768729641694
324,CMP-00325,Q1_BlackFriday_CMP-00325,2023-02-05,2023-02-14,TikTok,71271,1686,2046.01,258.0,1,TI,9 days,0.02365618554531296,0.15302491103202848,1.2135290628706998,7.930271317829457
325,CMP-00326,Q4_Winter_CMP-00326,2023-05-28,2023-06-05,Facebook,45064,1137,1718.69,105.0,1,FA,8 days,0.025230782886561335,0.09234828496042216,1.5116007036059806,16.36847619047619
326,CMP-00327,Q2_Summer_CMP-00327,2023-08-11,2023-08-19,Unknown,71091,1695,2787.16,261.0,0,XX,8 days,0.023842680508081193,0.15398230088495576,1.6443421828908553,10.678773946360153
327,CMP-00328,Q2_BlackFriday_CMP-00328,2023-12-27,2023-12-29,TikTok,41818,818,464.77,78.0,0,TI,2 days,0.019560954612846144,0.09535452322738386,0.5681784841075794,5.9585897435897435
328,CMP-00329,Q1_Summer_CMP-00329,2023-12-22,2024-01-12,Google Ads,46525,1413,2076.97,231.0,0,GO,21 days,0.030370768404083825,0.16348195329087048,1.4699009200283084,8.99121212121212
329,CMP-00330,Q3_Summer_CMP-00330,2023-06-16,2023-07-08,Facebook,20830,895,751.9,127.0,0,FA,22 days,0.042966874699951994,0.1418994413407821,0.8401117318435753,5.920472440944882
330,CMP-00331,Q1_Summer_CMP-00331,2023-07-11,2023-07-29,Google Ads,18429,390,586.97,24.0,0,GO,18 days,0.021162298551196484,0.06153846153846154,1.505051282051282,24.457083333333333
331,CMP-00332,Q3_Summer_CMP-00332,2023-07-30,2023-07-31,Instagram,7893,376,452.14,47.0,0,IN,1 days,0.04763714683897124,0.125,1.2025,9.62
332,CMP-00333,Q3_BlackFriday_CMP-00333,2023-03-29,2023-03-31,Instagram,80909,3635,6035.3,368.0,0,IN,2 days,0.04492701677192896,0.10123796423658872,1.6603301237964236,16.400271739130435
333,CMP-00334,Q4_BlackFriday_CMP-00334,2023-07-15,2023-08-05,Facebook,48333,796,545.34,79.0,1,FA,21 days,0.01646907909709722,0.0992462311557789,0.6851005025125628,6.903037974683545
334,CMP-00335,Q2_Winter_CMP-00335,2023-10-26,2023-11-22,Email,4436,183,263.43,25.0,0,EM,27 days,0.04125338142470694,0.1366120218579235,1.4395081967213115,10.5372
335,CMP-00336,Q4_Summer_CMP-00336,2023-05-11,2023-06-03,TikTok,75290,2483,2278.66,244.0,1,TI,23 days,0.03297914729711781,0.09826822392267419,0.9177043898509867,9.338770491803277
336,CMP-00337,Q2_BlackFriday_CMP-00337,2023-08-27,2023-09-04,TikTok,77213,2522,4487.83,419.0,1,TI,8 days,0.032662893554194244,0.16613798572561458,1.7794726407613006,10.710811455847255
337,CMP-00338,Q2_Launch_CMP-00338,2023-03-22,2023-04-07,Facebook,6895,176,333.09,10.0,0,FA,16 days,0.025525743292240752,0.056818181818181816,1.892556818181818,33.309
338,CMP-00339,Q4_Summer_CMP-00339,2023-06-26,2023-06-28,Facebook,20738,623,1242.63,92.0,1,FA,2 days,0.030041469765647602,0.1476725521669342,1.9945906902086679,13.506847826086958
339,CMP-00340,Q2_Launch_CMP-00340,2023-08-06,2023-08-08,Instagram,31746,821,1390.78,140.0,1,IN,2 days,0.02586152586152586,0.1705237515225335,1.6940073081607796,9.934142857142858
340,CMP-00341,Q4_BlackFriday_CMP-00341,2023-06-04,2023-06-12,Email,50377,1591,2594.29,240.0,1,EM,8 days,0.03158187267999285,0.1508485229415462,1.6306033940917661,10.809541666666666
341,CMP-00342,Q3_Launch_CMP-00342,2023-09-05,2023-09-30,TikTok,49404,1734,1427.52,216.0,1,TI,25 days,0.035098372601408794,0.1245674740484429,0.8232525951557094,6.608888888888889
342,CMP-00343,Q2_Summer_CMP-00343,2023-07-03,2023-07-11,Google Ads,55045,2035,2043.16,391.0,0,GO,8 days,0.036969752021073665,0.19213759213759213,1.004009828009828,5.225473145780051
343,CMP-00344,Q3_BlackFriday_CMP-00344,2023-01-06,2023-06-06,Email,98888,3095,3709.43,293.0,1,EM,151 days,0.03129803413963272,0.09466882067851373,1.1985234248788368,12.660170648464163
344,CMP-00345,Q1_BlackFriday_CMP-00345,2023-05-10,2023-12-04,TikTok,40790,1584,2629.55,83.0,0,TI,208 days,0.03883304731551851,0.052398989898989896,1.6600694444444446,31.681325301204822
345,CMP-00346,Q2_Winter_CMP-00346,2023-12-18,2023-12-23,Email,6600,103,192.86,11.0,1,EM,5 days,0.015606060606060606,0.10679611650485436,1.8724271844660196,17.532727272727275
347,CMP-00348,Q4_Summer_CMP-00348,2023-05-27,2023-06-07,Google Ads,94179,4026,7583.18,777.0,0,GO,11 days,0.042748383397572705,0.19299552906110284,1.883551912568306,9.75956241956242
348,CMP-00349,Q2_Summer_CMP-00349,2023-06-30,2023-07-11,Google Ads,41764,956,1475.53,77.0,1,GO,11 days,0.022890527727229194,0.08054393305439331,1.5434414225941422,19.162727272727274
349,CMP-00350,Q2_Launch_CMP-00350,2023-05-09,2023-05-22,Facebook,75543,824,1166.91,138.0,1,FA,13 days,0.010907694955191083,0.16747572815533981,1.4161529126213592,8.455869565217393
350,CMP-00351,Q4_Winter_CMP-00351,2023-12-04,2023-12-29,Google Ads,46714,754,603.02,125.0,0,GO,25 days,0.016140771503189624,0.16578249336870027,0.799761273209549,4.82416
351,CMP-00352,Q4_Summer_CMP-00352,2023-02-19,2023-03-12,Instagram,57835,1095,638.7,90.0,1,IN,21 days,0.01893317195469871,0.0821917808219178,0.5832876712328767,7.096666666666668
352,CMP-00353,Q3_Winter_CMP-00353,2023-06-08,2023-08-28,Unknown,74744,3609,4881.88,516.0,0,XX,81 days,0.04828481215883549,0.142975893599335,1.3526960376835688,9.461007751937984
353,CMP-00354,Q3_BlackFriday_CMP-00354,2023-06-20,2023-07-06,Google Ads,57491,1892,2795.0,108.0,1,GO,16 days,0.032909498878085267,0.05708245243128964,1.4772727272727273,25.87962962962963
354,CMP-00355,Q4_Winter_CMP-00355,2023-06-01,2023-06-02,Instagram,19589,926,755.78,113.0,1,IN,1 days,0.047271427842156315,0.12203023758099352,0.8161771058315335,6.688318584070796
355,CMP-00356,Q1_Winter_CMP-00356,2023-04-13,2023-04-30,Instagram,44484,1468,1959.32,76.0,0,IN,17 days,0.033000629439798576,0.051771117166212535,1.3346866485013624,25.780526315789473
356,CMP-00357,Q2_BlackFriday_CMP-00357,2023-07-07,2023-08-01,Facebook,83989,2450,4372.61,461.0,0,FA,25 days,0.029170486611341962,0.18816326530612246,1.784738775510204,9.485054229934923
357,CMP-00358,Q4_Launch_CMP-00358,2023-03-26,2023-04-05,Google Ads,37212,839,1470.43,164.0,0,GO,10 days,0.02254649037944749,0.19547079856972585,1.7525983313468416,8.966036585365854
358,CMP-00359,Q2_Launch_CMP-00359,2023-09-04,2023-09-20,TikTok,44525,1525,2883.82,127.0,1,TI,16 days,0.03425042111173498,0.08327868852459017,1.8910295081967214,22.70724409448819
359,CMP-00360,Q2_Summer_CMP-00360,2023-06-23,2023-06-24,Instagram,48202,750,786.62,60.0,1,IN,1 days,0.01555952035185262,0.08,1.0488266666666666,13.110333333333333
363,CMP-00364,Q4_Summer_CMP-00364,2023-01-08,2023-01-22,Instagram,19711,948,598.49,129.0,1,IN,14 days,0.048094972350464206,0.1360759493670886,0.6313185654008439,4.6394573643410855
364,CMP-00365,Q1_Winter_CMP-00365,2023-07-08,2023-07-26,Facebook,4420,190,175.6,19.0,1,FA,18 days,0.042986425339366516,0.1,0.9242105263157895,9.242105263157894
365,CMP-00366,Q1_Launch_CMP-00366,2023-10-27,2023-10-30,TikTok,97752,3582,4040.04,626.0,1,TI,3 days,0.03664375153449546,0.17476270240089337,1.1278726968174204,6.453738019169329
366,CMP-00367,Q2_BlackFriday_CMP-00367,2023-07-10,2023-07-12,Instagram,1301,19,17.84,2.0,0,IN,2 days,0.014604150653343582,0.10526315789473684,0.9389473684210526,8.92
367,CMP-00368,Q1_Launch_CMP-00368,2023-01-13,2023-01-20,Google Ads,46236,1346,1343.72,251.0,1,GO,7 days,0.02911151483692361,0.18647845468053492,0.9983060921248142,5.353466135458167
368,CMP-00369,Q4_BlackFriday_CMP-00369,2023-06-17,2023-07-06,Email,67235,2033,1912.37,384.0,0,EM,19 days,0.030237227634416598,0.18888342351205115,0.9406640432857845,4.980130208333333
369,CMP-00370,Q3_Summer_CMP-00370,2023-02-02,2023-02-04,Google Ads,55240,1066,599.36,79.0,1,GO,2 days,0.019297610427226646,0.07410881801125703,0.5622514071294559,7.586835443037975
370,CMP-00371,Q1_BlackFriday_CMP-00371,2023-12-25,2024-01-01,Google Ads,66726,880,1280.97,44.0,1,GO,7 days,0.013188262446422684,0.05,1.4556477272727273,29.112954545454546
371,CMP-00372,Q4_Winter_CMP-00372,2023-03-13,2023-03-21,Google Ads,11492,471,657.49,93.0,1,GO,8 days,0.04098503306648103,0.19745222929936307,1.3959447983014863,7.06978494623656
372,CMP-00373,Q2_Launch_CMP-00373,2023-01-20,2023-02-08,Email,7102,105,155.41,19.0,1,INVALID,19 days,0.014784567727400732,0.18095238095238095,1.4800952380952381,8.179473684210526
373,CMP-00374,Q4_BlackFriday_CMP-00374,2023-02-19,2023-03-07,Email,51336,1733,1366.41,101.0,1,EM,16 days,0.0337579865980988,0.058280438545874204,0.788465089440277,13.528811881188119
374,CMP-00375,Q1_Launch_CMP-00375,2023-07-18,2023-07-19,Unknown,86314,4096,3864.5,716.0,0,XX,1 days,0.04745464235234145,0.1748046875,0.9434814453125,5.397346368715084
375,CMP-00376,Q3_BlackFriday_CMP-00376,2023-12-23,2024-01-04,Facebook,27641,1245,1779.63,147.0,1,FA,12 days,0.04504178575304801,0.1180722891566265,1.429421686746988,12.106326530612245
376,CMP-00377,Q1_Summer_CMP-00377,2023-03-21,2023-04-13,Facebook,35584,751,1050.98,66.0,0,FA,23 days,0.021104991007194245,0.08788282290279627,1.3994407456724367,15.923939393939394
377,CMP-00378,Q4_Launch_CMP-00378,2023-09-08,2023-09-11,Email,33745,1486,1871.61,270.0,1,EM,3 days,0.044036153504222846,0.1816958277254374,1.2594952893674294,6.9318888888888885
378,CMP-00379,Q2_BlackFriday_CMP-00379,2023-05-24,2023-06-12,Facebook,24093,241,247.17,19.0,0,FA,19 days,0.010002905408209854,0.07883817427385892,1.0256016597510373,13.008947368421053
379,CMP-00380,Q2_Launch_CMP-00380,2023-07-09,2023-08-07,Instagram,67105,718,1342.23,137.0,1,INVALID,29 days,0.010699649802548245,0.19080779944289694,1.8694011142061282,9.797299270072992
380,CMP-00381,Q2_BlackFriday_CMP-00381,2023-01-17,2023-05-01,Facebook,52885,1803,1820.41,145.0,0,FA,104 days,0.0340928429611421,0.08042151968940654,1.0096561286744314,12.554551724137932
382,CMP-00383,Q1_Summer_CMP-00383,2023-11-27,2023-12-26,Email,73991,1883,2856.83,157.0,0,EM,29 days,0.025449041099593193,0.08337758895379713,1.5171694105151354,18.19636942675159
383,CMP-00384,Q2_Summer_CMP-00384,2023-04-08,2023-05-05,Unknown,5014,163,214.27,21.0,1,XX,27 days,0.032508974870362986,0.12883435582822086,1.3145398773006136,10.203333333333333
385,CMP-00386,Q1_Summer_CMP-00386,2023-04-19,2023-05-02,TikTok,19070,352,406.02,27.0,1,TI,13 days,0.01845831148400629,0.07670454545454546,1.153465909090909,15.037777777777777
386,CMP-00387,Q3_Winter_CMP-00387,2023-01-18,2023-11-01,Facebook,36777,1080,1827.06,138.0,0,FA,287 days,0.029366179949424913,0.12777777777777777,1.6917222222222221,13.239565217391304
387,CMP-00388,Q1_Summer_CMP-00388,2023-06-20,2023-06-25,TikTok,57958,2328,2135.23,280.0,1,TI,5 days,0.040167017495427726,0.12027491408934708,0.9171950171821306,7.625821428571428
388,CMP-00389,Q3_Winter_CMP-00389,2023-10-17,2023-11-04,Google Ads,83074,2889,2060.96,175.0,0,GO,18 days,0.03477622360786768,0.060574593284873655,0.7133817930079612,11.776914285714286
389,CMP-00390,Q4_Launch_CMP-00390,2023-10-11,2023-10-12,Email,11729,256,248.25,44.0,1,INVALID,1 days,0.02182624264643192,0.171875,0.9697265625,5.642045454545454
390,CMP-00391,Q4_Summer_CMP-00391,2023-04-30,2023-05-30,Google Ads,46017,1252,2221.43,125.0,1,GO,30 days,0.027207336419149446,0.09984025559105432,1.7743051118210862,17.77144
391,CMP-00392,Q2_BlackFriday_CMP-00392,2023-02-11,2023-11-23,TikTok,67320,1132,717.1,154.0,0,TI,285 days,0.016815210932857993,0.13604240282685512,0.6334805653710247,4.656493506493507
392,CMP-00393,Q4_Winter_CMP-00393,2023-03-16,2023-04-09,Google Ads,28751,373,741.35,47.0,1,GO,24 days,0.0129734617926333,0.1260053619302949,1.9875335120643431,15.77340425531915
393,CMP-00394,Q2_Winter_CMP-00394,2023-03-31,2023-04-20,Google Ads,79069,3266,4283.37,414.0,0,GO,20 days,0.04130569502586349,0.1267605633802817,1.3115033680342927,10.346304347826086
394,CMP-00395,Q3_BlackFriday_CMP-00395,2023-03-19,2023-09-03,TikTok,55748,1149,2271.88,75.0,0,TI,168 days,0.02061060486474851,0.06527415143603134,1.9772671888598783,30.291733333333333
395,CMP-00396,Q3_Summer_CMP-00396,2023-02-14,2023-05-02,Facebook,6801,116,221.39,13.0,1,INVALID,77 days,0.01705631524775768,0.11206896551724138,1.9085344827586206,17.029999999999998
396,CMP-00397,Q1_Winter_CMP-00397,2023-05-16,2023-06-03,TikTok,20190,760,896.21,89.0,1,TI,18 days,0.037642397226349676,0.11710526315789474,1.1792236842105264,10.069775280898877
398,CMP-00399,Q2_Winter_CMP-00399,2023-09-01,2023-09-18,Google Ads,51993,1836,1372.09,323.0,1,GO,17 days,0.03531244590617968,0.17592592592592593,0.7473257080610022,4.247956656346749
399,CMP-00400,Q3_Summer_CMP-00400,2023-10-31,2023-11-13,TikTok,30592,586,503.95,77.0,1,TI,13 days,0.019155334728033473,0.13139931740614336,0.8599829351535836,6.544805194805194
400,CMP-00401,Q2_Winter_CMP-00401,2023-11-11,2023-11-17,TikTok,11647,224,350.6,14.0,1,TI,6 days,0.019232420365759423,0.0625,1.5651785714285715,25.042857142857144
402,CMP-00403,Q2_Summer_CMP-00403,2023-01-16,2023-01-23,Instagram,89891,1523,1541.49,113.0,1,IN,7 days,0.016942741765026532,0.07419566644780039,1.0121405121470781,13.641504424778761
404,CMP-00405,Q3_Summer_CMP-00405,2023-02-25,2023-03-17,Email,90912,3992,7464.44,418.0,1,EM,20 days,0.04391059486096445,0.10470941883767534,1.8698496993987974,17.857511961722487
405,CMP-00406,Q2_BlackFriday_CMP-00406,2023-02-07,2023-02-16,Facebook,71316,2779,2178.99,234.0,0,FA,9 days,0.038967412642324305,0.08420295070169126,0.7840913997840949,9.311923076923076
406,CMP-00407,Q1_Winter_CMP-00407,2023-03-17,2023-03-28,Email,3368,140,71.06,11.0,0,EM,11 days,0.04156769596199525,0.07857142857142857,0.5075714285714286,6.46
408,CMP-00409,Q4_Summer_CMP-00409,2023-12-31,2024-01-11,Google Ads,7655,276,512.57,14.0,1,GO,11 days,0.03605486610058785,0.050724637681159424,1.8571376811594205,36.612142857142864
409,CMP-00410,Q4_Winter_CMP-00410,2023-09-29,2023-10-28,Email,71031,1716,2524.71,112.0,1,EM,29 days,0.02415846602187777,0.06526806526806526,1.4712762237762238,22.54205357142857
410,CMP-00411,Q4_Summer_CMP-00411,2023-08-18,2023-09-08,Email,77429,2401,2183.86,182.0,0,INVALID,21 days,0.03100905345542368,0.07580174927113703,0.9095626822157435,11.99923076923077
411,CMP-00412,Q1_Summer_CMP-00412,2023-12-26,2024-01-08,Instagram,92083,2694,2063.03,308.0,1,IN,13 days,0.029256214502133945,0.11432813659985153,0.7657869339272458,6.698149350649351
413,CMP-00414,Q2_Winter_CMP-00414,2023-08-20,2023-09-10,TikTok,56766,1446,971.99,102.0,0,TI,21 days,0.025472994398055174,0.07053941908713693,0.6721922544951591,9.529313725490196
414,CMP-00415,Q1_Summer_CMP-00415,2023-08-21,2023-08-31,Google Ads,14403,699,1336.7,79.0,1,GO,10 days,0.048531555925848784,0.11301859799713877,1.9123032904148785,16.920253164556964
415,CMP-00416,Q3_BlackFriday_CMP-00416,2023-06-10,2023-06-25,Google Ads,33097,660,1106.36,66.0,1,GO,15 days,0.019941384415505938,0.1,1.6763030303030302,16.763030303030302
416,CMP-00417,Q4_Launch_CMP-00417,2023-07-11,2023-07-12,TikTok,79657,1222,1458.56,94.0,1,TI,1 days,0.015340773566667085,0.07692307692307693,1.193584288052373,15.516595744680851
417,CMP-00418,Q3_BlackFriday_CMP-00418,2023-08-31,2023-09-15,Facebook,11966,320,575.18,16.0,1,FA,15 days,0.02674243690456293,0.05,1.7974374999999998,35.94875
418,CMP-00419,Q4_BlackFriday_CMP-00419,2023-02-13,2023-03-05,Google Ads,94848,3946,3449.54,473.0,0,GO,20 days,0.04160340755735493,0.1198682209832742,0.8741865179929041,7.292896405919661
419,CMP-00420,Q3_Launch_CMP-00420,2023-02-19,2023-03-12,TikTok,53921,1794,2826.77,274.0,1,TI,21 days,0.03327089631127019,0.1527313266443701,1.575680044593088,10.316678832116787
420,CMP-00421,Q1_BlackFriday_CMP-00421,2023-03-08,2023-03-30,Google Ads,50726,1888,3368.57,158.0,0,GO,22 days,0.03721957181721405,0.0836864406779661,1.784200211864407,21.320063291139242
421,CMP-00422,Q3_BlackFriday_CMP-00422,2023-10-15,2023-11-01,TikTok,51300,902,933.71,62.0,0,TI,17 days,0.017582846003898634,0.06873614190687362,1.0351552106430155,15.05983870967742
423,CMP-00424,Q3_Summer_CMP-00424,2023-08-05,2023-08-18,Google Ads,56609,1298,1223.51,118.0,1,GO,13 days,0.022929216202370647,0.09090909090909091,0.9426117103235747,10.368728813559322
424,CMP-00425,Q2_Launch_CMP-00425,2023-05-28,2023-06-04,Facebook,97825,4242,4022.63,354.0,1,FA,7 days,0.04336314847942755,0.08345120226308345,0.9482861857614333,11.363361581920904
425,CMP-00426,Q2_Winter_CMP-00426,2023-10-23,2023-10-29,Google Ads,57661,2028,1339.67,362.0,0,GO,6 days,0.03517108617609823,0.17850098619329388,0.660586785009862,3.7007458563535915
426,CMP-00427,Q3_Launch_CMP-00427,2023-09-04,2023-09-08,Email,32024,574,665.89,99.0,1,INVALID,4 days,0.01792405695728204,0.17247386759581881,1.1600871080139372,6.726161616161616
427,CMP-00428,Q1_Winter_CMP-00428,2023-10-12,2023-10-14,Google Ads,71313,897,1430.33,105.0,0,GO,2 days,0.012578351773168987,0.11705685618729098,1.5945707915273133,13.622190476190475
428,CMP-00429,Q4_BlackFriday_CMP-00429,2023-10-21,2023-11-03,TikTok,54006,632,1207.33,77.0,0,INVALID,13 days,0.011702403436655186,0.12183544303797468,1.9103322784810126,15.679610389610389
429,CMP-00430,Q2_Summer_CMP-00430,2023-10-15,2023-11-10,Facebook,96285,2393,3363.83,197.0,1,FA,26 days,0.02485330009866542,0.08232344337651483,1.4056957793564564,17.07527918781726
430,CMP-00431,Q2_Launch_CMP-00431,2023-11-11,2023-11-15,Email,16338,337,604.82,20.0,1,E-,4 days,0.02062675970130983,0.05934718100890208,1.7947181008902078,30.241000000000003
431,CMP-00432,Q1_BlackFriday_CMP-00432,2023-11-08,2023-12-02,Google Ads,69027,2474,4289.28,336.0,1,GO,24 days,0.03584104770597013,0.13581244947453516,1.7337429264349231,12.765714285714285
432,CMP-00433,Q4_Winter_CMP-00433,2023-05-17,2023-06-16,Facebook,93772,2810,2135.64,181.0,1,FA,30 days,0.029966301241308706,0.06441281138790035,0.7600142348754448,11.799116022099447
433,CMP-00434,Q3_BlackFriday_CMP-00434,2023-05-20,2023-06-17,TikTok,81135,1674,2056.89,196.0,1,TI,28 days,0.020632279534109815,0.11708482676224612,1.2287275985663082,10.494336734693876
434,CMP-00435,Q3_Launch_CMP-00435,2023-06-23,2023-06-30,Instagram,20508,327,220.85,62.0,1,IN,7 days,0.015944997074312465,0.18960244648318042,0.6753822629969419,3.5620967741935483
435,CMP-00436,Q4_BlackFriday_CMP-00436,2023-03-15,2023-03-22,Facebook,4051,61,92.92,11.0,1,FA,7 days,0.015058010367810418,0.18032786885245902,1.5232786885245901,8.447272727272727
436,CMP-00437,Q3_Winter_CMP-00437,2023-03-14,2023-04-08,TikTok,49747,2218,4269.32,190.0,1,TI,25 days,0.044585603151948865,0.08566275924256087,1.9248512173128944,22.470105263157894
437,CMP-00438,Q1_BlackFriday_CMP-00438,2023-02-16,2023-03-07,Unknown,88142,1739,1227.1,249.0,1,XX,19 days,0.019729527353588527,0.14318573893041978,0.7056354226566992,4.928112449799197
438,CMP-00439,Q1_Launch_CMP-00439,2023-08-03,2023-08-27,Google Ads,88235,3182,5093.82,385.0,1,GO,24 days,0.03606278687595625,0.12099308610936518,1.6008233815210557,13.230701298701298
439,CMP-00440,Q4_BlackFriday_CMP-00440,2023-06-09,2023-07-03,Facebook,55021,2334,3380.47,423.0,0,FA,24 days,0.042420166845386305,0.18123393316195371,1.4483590402742073,7.991654846335697
440,CMP-00441,Q3_Summer_CMP-00441,2023-10-18,2023-10-28,Instagram,67412,2329,3203.32,211.0,1,IN,10 days,0.03454874503055836,0.09059682267067411,1.375405753542293,15.181611374407584
441,CMP-00442,Q1_Launch_CMP-00442,2023-03-21,2023-04-17,Email,59335,2633,2857.28,133.0,1,EM,27 days,0.04437515800117974,0.050512723129510065,1.0851804025826055,21.483308270676694
442,CMP-00443,Q2_Launch_CMP-00443,2023-12-12,2024-01-04,Email,57179,1469,1517.03,109.0,1,EM,23 days,0.025691250284195246,0.0742001361470388,1.0326957113682778,13.917706422018348
443,CMP-00444,Q2_BlackFriday_CMP-00444,2023-08-15,2023-09-06,Google Ads,33093,1596,906.33,163.0,1,GO,22 days,0.04822772187471671,0.10213032581453634,0.567875939849624,5.560306748466258
444,CMP-00445,Q2_BlackFriday_CMP-00445,2023-08-15,2023-08-22,Google Ads,70678,1083,895.49,105.0,1,GO,7 days,0.015323014233566315,0.09695290858725762,0.8268605724838411,8.52847619047619
445,CMP-00446,Q4_BlackFriday_CMP-00446,2023-09-20,2023-10-19,Google Ads,81738,1151,601.7,194.0,1,INVALID,29 days,0.014081577723947246,0.1685490877497828,0.5227628149435274,3.1015463917525774
446,CMP-00447,Q1_BlackFriday_CMP-00447,2023-05-26,2023-06-14,Email,40734,1480,2030.75,225.0,1,EM,19 days,0.036333284234300586,0.15202702702702703,1.3721283783783784,9.025555555555556
448,CMP-00449,Q1_Winter_CMP-00449,2023-07-22,2023-08-01,Email,74523,3156,5710.87,374.0,0,EM,10 days,0.04234934181393664,0.1185044359949303,1.8095278833967046,15.269705882352941
449,CMP-00450,Q3_Summer_CMP-00450,2023-04-15,2023-04-27,TikTok,95476,1246,1600.75,80.0,1,TI,12 days,0.01305040010054883,0.06420545746388442,1.2847110754414126,20.009375
450,CMP-00451,Q1_Launch_CMP-00451,2023-03-12,2023-03-27,Unknown,18019,381,590.37,70.0,1,XX,15 days,0.021144347633054,0.1837270341207349,1.549527559055118,8.433857142857143
451,CMP-00452,Q3_Summer_CMP-00452,2023-03-03,2023-03-05,Instagram,84613,3994,4458.44,760.0,1,IN,2 days,0.04720314845236548,0.19028542814221333,1.1162844266399599,5.8663684210526315
452,CMP-00453,Q4_BlackFriday_CMP-00453,2023-08-09,2023-08-30,Instagram,92794,1867,2503.4,367.0,1,IN,21 days,0.020119835334181088,0.19657204070701662,1.3408677021960365,6.82125340599455
453,CMP-00454,Q1_Summer_CMP-00454,2023-12-27,2024-01-17,Email,87672,3616,6920.98,651.0,1,EM,21 days,0.041244639109407795,0.18003318584070796,1.913987831858407,10.631305683563747
454,CMP-00455,Q3_Winter_CMP-00455,2023-09-20,2023-12-09,Email,74847,3218,2008.36,244.0,0,EM,80 days,0.04299437519205847,0.07582349285270354,0.6241019266625233,8.230983606557377
455,CMP-00456,Q3_BlackFriday_CMP-00456,2023-01-22,2023-02-10,Email,83750,2497,2199.62,142.0,1,EM,19 days,0.029814925373134328,0.056868241890268324,0.880905086103324,15.490281690140844
456,CMP-00457,Q2_Summer_CMP-00457,2023-02-09,2023-03-10,Facebook,80634,2052,3426.8,280.0,0,FA,29 days,0.02544832204777141,0.1364522417153996,1.6699805068226121,12.23857142857143
457,CMP-00458,Q3_Winter_CMP-00458,2023-10-21,2023-11-19,Facebook,29251,819,530.8,153.0,1,FA,29 days,0.027999042767768625,0.18681318681318682,0.648107448107448,3.4692810457516337
458,CMP-00459,Q2_Launch_CMP-00459,2023-05-29,2023-06-25,Instagram,26945,514,315.33,39.0,1,IN,27 days,0.019075895342364074,0.07587548638132295,0.6134824902723736,8.085384615384616
460,CMP-00461,Q2_Summer_CMP-00461,2023-08-24,2023-08-31,Unknown,33217,930,593.57,158.0,1,XX,7 days,0.027997712014932112,0.16989247311827957,0.638247311827957,3.7567721518987347
461,CMP-00462,Q4_BlackFriday_CMP-00462,2023-02-15,2023-03-04,TikTok,9308,421,579.98,25.0,0,TI,17 days,0.04522990975504942,0.05938242280285035,1.377624703087886,23.1992
462,CMP-00463,Q2_Launch_CMP-00463,2023-08-12,2023-08-13,Email,6949,98,82.26,10.0,1,EM,1 days,0.01410274859692042,0.10204081632653061,0.8393877551020409,8.226
463,CMP-00464,Q4_Launch_CMP-00464,2023-07-22,2023-08-01,Google Ads,52990,2624,4837.47,398.0,1,GO,10 days,0.049518777127759955,0.15167682926829268,1.843548018292683,12.154447236180905
464,CMP-00465,Q1_BlackFriday_CMP-00465,2023-04-24,2023-04-25,Google Ads,2150,59,98.84,5.0,0,GO,1 days,0.02744186046511628,0.0847457627118644,1.6752542372881356,19.768
465,CMP-00466,Q3_BlackFriday_CMP-00466,2023-09-19,2023-09-26,Facebook,90480,1077,1668.87,67.0,1,FA,7 days,0.01190318302387268,0.06220984215413185,1.5495543175487465,24.908507462686565
466,CMP-00467,Q2_Launch_CMP-00467,2023-04-05,2023-04-10,Unknown,75740,872,1242.96,144.0,1,XX,5 days,0.011513071032479534,0.1651376146788991,1.4254128440366973,8.631666666666668
467,CMP-00468,Q3_Winter_CMP-00468,2023-11-27,2023-12-03,Google Ads,67617,2694,4836.27,389.0,0,GO,6 days,0.0398420515550823,0.14439495174461767,1.7952004454342987,12.432570694087405
468,CMP-00469,Q2_BlackFriday_CMP-00469,2023-03-16,2023-04-13,Instagram,95841,3484,2907.72,690.0,1,IN,28 days,0.036351874458738956,0.19804822043628015,0.8345924225028702,4.214086956521739
469,CMP-00470,Q2_Launch_CMP-00470,2023-03-20,2023-03-31,TikTok,17896,753,1362.68,76.0,0,TI,11 days,0.04207644166294144,0.10092961487383798,1.809667994687915,17.93
470,CMP-00471,Q2_BlackFriday_CMP-00471,2023-04-01,2023-04-08,Facebook,47175,670,1128.44,39.0,1,FA,7 days,0.014202437731849496,0.058208955223880594,1.6842388059701494,28.934358974358975
471,CMP-00472,Q3_Summer_CMP-00472,2023-08-26,2023-09-11,TikTok,8805,100,162.22,16.0,0,TI,16 days,0.011357183418512209,0.16,1.6222,10.13875
472,CMP-00473,Q3_Launch_CMP-00473,2023-08-18,2023-09-11,Facebook,6237,189,253.62,24.0,1,FA,24 days,0.030303030303030304,0.12698412698412698,1.341904761904762,10.5675
473,CMP-00474,Q2_Launch_CMP-00474,2023-11-26,2023-12-09,Facebook,21056,537,466.85,44.0,0,FA,13 days,0.02550341945288754,0.08193668528864059,0.869366852886406,10.610227272727274
474,CMP-00475,Q4_Summer_CMP-00475,2023-11-18,2023-12-12,Email,46543,1325,1504.3,221.0,0,EM,24 days,0.028468298132909353,0.16679245283018868,1.135320754716981,6.806787330316742
475,CMP-00476,Q2_Launch_CMP-00476,2023-08-29,2023-09-09,TikTok,57556,2858,4831.04,230.0,1,TI,11 days,0.049655987212453956,0.08047585724282715,1.6903568929321204,21.004521739130436
477,CMP-00478,Q4_BlackFriday_CMP-00478,2023-02-07,2023-02-20,Google Ads,14500,691,1156.1,44.0,1,GO,13 days,0.04765517241379311,0.06367583212735166,1.6730824891461649,26.275
478,CMP-00479,Q4_Launch_CMP-00479,2023-01-30,2023-02-19,Unknown,54222,2242,1928.36,246.0,0,XX,20 days,0.041348530116926706,0.10972346119536129,0.8601070472792149,7.838861788617886
479,CMP-00480,Q4_Launch_CMP-00480,2023-11-27,2023-12-22,Email,30375,734,525.88,82.0,0,EM,25 days,0.024164609053497942,0.11171662125340599,0.7164577656675749,6.413170731707317
480,CMP-00481,Q4_Summer_CMP-00481,2023-11-11,2023-11-17,Instagram,10662,282,189.94,35.0,1,IN,6 days,0.026449071468767585,0.12411347517730496,0.6735460992907801,5.426857142857143
481,CMP-00482,Q1_Launch_CMP-00482,2023-10-25,2023-11-24,Google Ads,17964,574,310.46,89.0,1,GO,30 days,0.031952794477844576,0.15505226480836237,0.5408710801393728,3.488314606741573
482,CMP-00483,Q1_Winter_CMP-00483,2023-01-22,2023-02-07,Instagram,60638,2620,3367.69,487.0,0,IN,16 days,0.04320722978990072,0.18587786259541986,1.28537786259542,6.91517453798768
483,CMP-00484,Q3_Winter_CMP-00484,2023-11-30,2023-12-16,Google Ads,74666,951,786.85,67.0,0,GO,16 days,0.012736720863579139,0.07045215562565721,0.8273922187171399,11.74402985074627
484,CMP-00485,Q3_Winter_CMP-00485,2023-09-14,2023-10-02,Google Ads,86067,2321,4605.21,134.0,0,GO,18 days,0.02696736263608584,0.05773373545885394,1.9841490736751402,34.367238805970146
486,CMP-00487,Q4_Winter_CMP-00487,2024-01-01,2024-01-11,Unknown,70042,2142,1514.03,153.0,1,XX,10 days,0.03058165100939436,0.07142857142857142,0.7068300653594771,9.89562091503268
487,CMP-00488,Q4_Summer_CMP-00488,2023-11-27,2023-12-23,Email,14284,656,1005.74,97.0,0,EM,26 days,0.04592551106132736,0.14786585365853658,1.533140243902439,10.368453608247423
488,CMP-00489,Q4_Launch_CMP-00489,2023-08-13,2023-09-04,Email,73789,3047,5626.64,484.0,0,EM,22 days,0.04129341771808806,0.1588447653429603,1.846616343944864,11.625289256198348
489,CMP-00490,Q1_Summer_CMP-00490,2023-11-09,2023-12-07,Email,85664,1637,2648.29,274.0,1,EM,28 days,0.019109544265969367,0.16737935247403787,1.61777031154551,9.665291970802919
490,CMP-00491,Q1_BlackFriday_CMP-00491,2023-05-25,2023-06-02,Unknown,94468,4632,2847.1,400.0,1,XX,8 days,0.04903247660583478,0.08635578583765112,0.6146588946459413,7.11775
491,CMP-00492,Q1_BlackFriday_CMP-00492,2023-12-14,2023-12-17,Instagram,62389,2289,4220.52,219.0,0,IN,3 days,0.03668915994806777,0.09567496723460026,1.8438269986893843,19.27178082191781
492,CMP-00493,Q1_BlackFriday_CMP-00493,2023-11-28,2023-12-18,Email,10435,108,182.62,13.0,1,E-,20 days,0.010349784379492095,0.12037037037037036,1.690925925925926,14.047692307692309
493,CMP-00494,Q4_BlackFriday_CMP-00494,2023-10-13,2023-10-17,Facebook,55340,1118,824.48,66.0,0,FA,4 days,0.02020238525478858,0.059033989266547404,0.7374597495527728,12.492121212121212
494,CMP-00495,Q1_Summer_CMP-00495,2023-12-03,2024-01-01,Email,45078,920,531.46,130.0,0,EM,29 days,0.020409068725320556,0.14130434782608695,0.5776739130434783,4.088153846153847
495,CMP-00496,Q1_Winter_CMP-00496,2023-03-18,2023-03-19,TikTok,79832,1019,1361.35,201.0,1,TI,1 days,0.01276430504058523,0.197252208047105,1.3359666339548577,6.772885572139303
496,CMP-00497,Q2_Launch_CMP-00497,2023-03-14,2023-04-11,Unknown,52293,2530,1857.16,263.0,1,XX,28 days,0.04838123649436827,0.10395256916996047,0.7340553359683795,7.061444866920152
497,CMP-00498,Q2_Winter_CMP-00498,2023-12-02,2023-12-03,Facebook,96981,2825,4949.08,460.0,1,FA,1 days,0.029129417102319012,0.16283185840707964,1.7518867256637167,10.758869565217392
499,CMP-00500,Q3_Summer_CMP-00500,2023-10-14,2023-10-16,TikTok,61403,1405,2626.42,97.0,1,TI,2 days,0.022881618161979058,0.06903914590747331,1.869338078291815,27.076494845360827
500,CMP-00501,Q4_Winter_CMP-00501,2023-03-07,2023-04-04,Instagram,30124,452,609.54,62.0,1,IN,28 days,0.015004647457177002,0.13716814159292035,1.3485398230088494,9.831290322580644
501,CMP-00502,Q1_Summer_CMP-00502,2023-12-17,2023-12-18,Google Ads,96435,2794,2162.58,265.0,1,GO,1 days,0.0289728832892622,0.09484609878310665,0.7740085898353615,8.160679245283019
503,CMP-00504,Q1_Summer_CMP-00504,2023-07-05,2023-08-04,TikTok,36247,1067,1456.14,154.0,1,TI,30 days,0.02943691891742765,0.14432989690721648,1.3647047797563263,9.455454545454547
504,CMP-00505,Q2_Winter_CMP-00505,2023-06-24,2023-06-25,Google Ads,95758,4482,7363.14,801.0,1,GO,1 days,0.046805488836441866,0.178714859437751,1.6428246318607764,9.19243445692884
506,CMP-00507,Q1_Launch_CMP-00507,2023-06-01,2023-06-16,TikTok,63752,2209,2018.22,239.0,1,TI,15 days,0.03464989333667964,0.10819375282933454,0.9136351290176551,8.444435146443515
508,CMP-00509,Q1_BlackFriday_CMP-00509,2023-01-20,2023-02-13,Google Ads,60101,706,370.74,121.0,1,GO,24 days,0.011746892730570207,0.17138810198300283,0.525127478753541,3.0639669421487605
509,CMP-00510,Q4_Launch_CMP-00510,2023-11-13,2023-12-02,TikTok,27646,398,604.48,62.0,1,TI,19 days,0.014396296028358534,0.15577889447236182,1.5187939698492463,9.749677419354839
510,CMP-00511,Q2_Winter_CMP-00511,2023-03-25,2023-03-31,TikTok,24049,816,501.72,71.0,1,TI,6 days,0.03393072477026072,0.08700980392156862,0.6148529411764706,7.066478873239437
511,CMP-00512,Q3_Launch_CMP-00512,2023-11-16,2023-11-20,TikTok,80605,1112,1257.83,207.0,0,TI,4 days,0.013795670243781403,0.18615107913669066,1.1311420863309352,6.07647342995169
512,CMP-00513,Q1_Launch_CMP-00513,2023-08-13,2023-08-15,Facebook,99116,2481,3479.66,181.0,0,FA,2 days,0.025031276484119618,0.07295445384925434,1.4025231761386536,19.2246408839779
514,CMP-00515,Q2_Winter_CMP-00515,2023-08-16,2023-08-23,Google Ads,69385,1772,1714.77,96.0,1,GO,7 days,0.025538661093896374,0.05417607223476298,0.9677031602708803,17.8621875
516,CMP-00517,Q2_Launch_CMP-00517,2023-08-29,2023-09-05,TikTok,66417,1391,2060.41,127.0,0,TI,7 days,0.020943433157173615,0.09130122214234364,1.4812437095614666,16.223700787401572
517,CMP-00518,Q4_BlackFriday_CMP-00518,2023-12-14,2023-12-28,Facebook,24289,1144,1634.61,134.0,0,FA,14 days,0.04709951006628515,0.11713286713286714,1.428854895104895,12.198582089552238
518,CMP-00519,Q3_Summer_CMP-00519,2023-08-25,2023-09-18,TikTok,10823,400,399.27,40.0,1,TI,24 days,0.03695832948350734,0.1,0.9981749999999999,9.98175
521,CMP-00522,Q4_Summer_CMP-00522,2023-05-12,2023-09-05,Instagram,10540,523,437.21,95.0,1,IN,116 days,0.04962049335863378,0.18164435946462715,0.8359655831739962,4.6022105263157895
522,CMP-00523,Q4_Launch_CMP-00523,2023-09-04,2023-09-13,Email,17364,640,549.58,124.0,1,EM,9 days,0.036857866850956,0.19375,0.8587187500000001,4.432096774193549
523,CMP-00524,Q4_Winter_CMP-00524,2023-02-22,2023-03-08,TikTok,5611,127,161.09,10.0,1,TI,14 days,0.022634111566565675,0.07874015748031496,1.2684251968503937,16.109
524,CMP-00525,Q1_BlackFriday_CMP-00525,2023-03-05,2023-03-26,TikTok,28663,1294,2148.5,203.0,0,TI,21 days,0.0451453092837456,0.15687789799072643,1.660355486862442,10.583743842364532
525,CMP-00526,Q4_Summer_CMP-00526,2023-05-20,2023-05-21,Google Ads,52991,1077,609.65,161.0,0,GO,1 days,0.020324205997244816,0.14948932219127206,0.5660631383472609,3.786645962732919
526,CMP-00527,Q4_Summer_CMP-00527,2023-08-22,2023-12-08,Email,58679,1863,2869.03,189.0,1,EM,108 days,0.031749007310963036,0.10144927536231885,1.5400053676865273,15.180052910052911
527,CMP-00528,Q3_Summer_CMP-00528,2023-04-24,2023-05-19,TikTok,31977,1133,1668.18,59.0,1,TI,25 days,0.03543171654626763,0.05207413945278023,1.4723565754633716,28.274237288135595
528,CMP-00529,Q4_Summer_CMP-00529,2023-01-14,2023-01-16,Email,95704,1803,1527.54,276.0,0,EM,2 days,0.01883933795870601,0.15307820299500832,0.8472212978369384,5.534565217391304
529,CMP-00530,Q3_Winter_CMP-00530,2023-07-11,2023-08-09,TikTok,50115,2462,3747.24,472.0,1,TI,29 days,0.049127007881871694,0.1917140536149472,1.5220308692120226,7.939067796610169
530,CMP-00531,Q4_Launch_CMP-00531,2023-07-11,2023-07-15,Instagram,92007,3673,7016.44,531.0,0,IN,4 days,0.039920875585553274,0.14456847263817044,1.9102749795807241,13.213634651600753
531,CMP-00532,Q3_Summer_CMP-00532,2023-02-20,2023-03-02,Facebook,89223,2883,1643.83,332.0,0,FA,10 days,0.032312296156820554,0.11515782171349288,0.5701803676725633,4.951295180722892
532,CMP-00533,Q2_BlackFriday_CMP-00533,2023-03-16,2023-03-21,TikTok,61890,1065,1043.14,137.0,0,TI,5 days,0.017207949587978673,0.12863849765258217,0.979474178403756,7.614160583941606
533,CMP-00534,Q2_BlackFriday_CMP-00534,2023-08-30,2023-09-08,Instagram,67387,819,947.8,65.0,0,IN,9 days,0.0121536794930773,0.07936507936507936,1.1572649572649572,14.581538461538461
534,CMP-00535,Q4_Summer_CMP-00535,2023-12-28,2024-01-12,Facebook,19071,434,802.42,70.0,1,FA,15 days,0.022757065701850977,0.16129032258064516,1.8488940092165898,11.463142857142856
535,CMP-00536,Q2_Winter_CMP-00536,2023-03-12,2023-10-02,TikTok,60275,2418,4699.12,391.0,1,TI,204 days,0.040116134384073,0.16170388751033912,1.9433912324234905,12.018209718670077
537,CMP-00538,Q4_Winter_CMP-00538,2023-11-08,2023-12-07,Google Ads,12938,408,663.02,74.0,1,GO,29 days,0.031535013139588806,0.18137254901960784,1.625049019607843,8.95972972972973
538,CMP-00539,Q3_BlackFriday_CMP-00539,2023-05-28,2023-06-23,Email,36195,1415,1835.95,127.0,0,EM,26 days,0.03909379748584058,0.08975265017667844,1.2974911660777386,14.456299212598426
539,CMP-00540,Q4_Summer_CMP-00540,2023-05-03,2023-06-02,Facebook,92680,1326,1732.65,261.0,0,FA,30 days,0.01430729391454467,0.19683257918552036,1.3066742081447964,6.6385057471264375
540,CMP-00541,Q4_Launch_CMP-00541,2023-08-23,2023-08-30,Email,5000,187,171.51,20.0,1,EM,7 days,0.0374,0.10695187165775401,0.9171657754010695,8.5755
541,CMP-00542,Q4_Winter_CMP-00542,2023-09-13,2023-09-17,TikTok,71588,978,807.27,74.0,1,TI,4 days,0.013661507515226016,0.07566462167689161,0.8254294478527607,10.909054054054053
542,CMP-00543,Q3_Winter_CMP-00543,2023-09-21,2023-10-21,TikTok,94610,4598,4285.37,472.0,1,TI,30 days,0.04859951379346792,0.10265332753371031,0.9320073945193562,9.07917372881356
543,CMP-00544,Q3_BlackFriday_CMP-00544,2023-05-30,2023-06-20,Google Ads,98856,2919,3895.38,338.0,0,GO,21 days,0.02952779800922554,0.1157930798218568,1.3344912641315518,11.524792899408284
544,CMP-00545,Q4_Summer_CMP-00545,2023-05-04,2023-05-28,Email,39304,629,342.01,37.0,0,EM,24 days,0.016003460207612456,0.058823529411764705,0.5437360890302066,9.243513513513513
545,CMP-00546,Q1_Summer_CMP-00546,2023-09-12,2023-12-31,Facebook,70449,1669,3105.8,228.0,1,FA,110 days,0.023690896960922084,0.1366087477531456,1.8608747753145598,13.621929824561404
546,CMP-00547,Q2_Winter_CMP-00547,2023-04-07,2023-07-30,Facebook,83986,2228,1636.3,311.0,1,FA,114 days,0.026528230895625463,0.1395870736086176,0.7344254937163375,5.261414790996785
547,CMP-00548,Q1_Summer_CMP-00548,2023-09-27,2023-09-28,Google Ads,90643,3655,3034.14,587.0,0,GO,1 days,0.0403230254956257,0.16060191518467853,0.8301340629274966,5.1688926746166945
548,CMP-00549,Q4_Launch_CMP-00549,2023-09-17,2023-10-16,TikTok,21764,864,1103.69,46.0,1,TI,29 days,0.039698584818967105,0.05324074074074074,1.2774189814814816,23.99326086956522
549,CMP-00550,Q3_Winter_CMP-00550,2023-08-29,2023-09-28,Facebook,87027,3000,4695.52,393.0,0,FA,30 days,0.03447206039504981,0.131,1.5651733333333335,11.947888040712469
550,CMP-00551,Q2_Summer_CMP-00551,2023-07-18,2023-08-17,Google Ads,39494,562,361.7,32.0,0,GO,30 days,0.01423000962171469,0.05693950177935943,0.643594306049822,11.303125
551,CMP-00552,Q2_Launch_CMP-00552,2023-01-09,2023-09-17,Instagram,4373,70,68.36,10.0,1,IN,251 days,0.016007317630916992,0.14285714285714285,0.9765714285714285,6.836
552,CMP-00553,Q4_Summer_CMP-00553,2023-05-04,2023-05-10,Instagram,13161,180,351.54,10.0,1,IN,6 days,0.013676772281741509,0.05555555555555555,1.953,35.154
553,CMP-00554,Q1_BlackFriday_CMP-00554,2023-10-25,2023-10-26,TikTok,98532,3260,2912.86,608.0,1,TI,1 days,0.033085698047334876,0.18650306748466258,0.8935153374233129,4.790888157894737
554,CMP-00555,Q1_Summer_CMP-00555,2023-01-23,2023-01-27,Facebook,93658,4222,4093.55,655.0,1,FA,4 days,0.04507890409788806,0.155139744197063,0.9695760303173852,6.24969465648855
556,CMP-00557,Q3_Summer_CMP-00557,2023-08-26,2023-09-19,Email,94008,1544,888.3,179.0,0,EM,24 days,0.016424134116245426,0.11593264248704663,0.5753238341968911,4.9625698324022345
557,CMP-00558,Q2_BlackFriday_CMP-00558,2023-04-04,2023-04-12,TikTok,95297,3080,3686.51,214.0,1,TI,8 days,0.032320010073769376,0.06948051948051948,1.1969188311688312,17.226682242990655
559,CMP-00560,Q4_Winter_CMP-00560,2023-04-14,2023-05-12,TikTok,89668,3556,3466.67,641.0,0,TI,28 days,0.039657402863897934,0.18025871766029247,0.9748790776152981,5.408221528861154
560,CMP-00561,Q2_Winter_CMP-00561,2023-04-13,2023-05-12,Email,16305,737,684.34,136.0,1,EM,29 days,0.04520085863232137,0.18453188602442333,0.9285481682496608,5.031911764705883
561,CMP-00562,Q3_Launch_CMP-00562,2023-06-08,2023-06-27,Email,76353,1612,1026.94,80.0,1,EM,19 days,0.021112464474218433,0.04962779156327544,0.637059553349876,12.83675
562,CMP-00563,Q4_BlackFriday_CMP-00563,2023-07-03,2023-10-06,Unknown,77797,1381,1342.66,192.0,1,XX,95 days,0.01775132717199892,0.1390296886314265,0.972237509051412,6.9930208333333335
563,CMP-00564,Q2_Winter_CMP-00564,2023-11-28,2023-12-16,Facebook,66953,3025,1707.85,477.0,1,FA,18 days,0.04518094782907413,0.15768595041322314,0.5645785123966942,3.5803983228511527
564,CMP-00565,Q2_Launch_CMP-00565,2023-01-25,2023-02-03,Instagram,58458,2122,3546.81,303.0,1,IN,9 days,0.0362995655000171,0.14278982092365694,1.6714467483506126,11.705643564356436
565,CMP-00566,Q2_Summer_CMP-00566,2023-03-05,2023-03-14,Google Ads,21358,479,525.63,29.0,1,GO,9 days,0.0224271935574492,0.060542797494780795,1.0973486430062631,18.125172413793102
566,CMP-00567,Q1_Summer_CMP-00567,2023-07-24,2023-07-25,Unknown,4267,169,197.03,13.0,1,XX,1 days,0.03960628075931568,0.07692307692307693,1.1658579881656805,15.156153846153845
567,CMP-00568,Q2_Summer_CMP-00568,2023-07-17,2023-08-09,Google Ads,83745,3567,6564.68,312.0,1,INVALID,23 days,0.04259358767687623,0.08746846089150546,1.8403924866834875,21.040641025641026
568,CMP-00569,Q2_Summer_CMP-00569,2023-12-21,2024-01-09,TikTok,90588,3134,4660.52,547.0,1,TI,19 days,0.03459619375634742,0.17453733248245054,1.4870835992342055,8.520146252285192
569,CMP-00570,Q3_Launch_CMP-00570,2023-09-23,2023-10-09,Google Ads,39513,1482,758.92,177.0,0,GO,16 days,0.03750664338319034,0.1194331983805668,0.5120917678812416,4.287683615819208
570,CMP-00571,Q1_BlackFriday_CMP-00571,2023-06-08,2023-08-09,Facebook,27092,677,1296.29,83.0,1,FA,62 days,0.02498892662040455,0.12259970457902511,1.9147562776957163,15.617951807228915
571,CMP-00572,Q2_Launch_CMP-00572,2023-11-05,2023-11-29,Instagram,12338,389,332.87,74.0,1,IN,24 days,0.03152861079591506,0.19023136246786632,0.855706940874036,4.498243243243243
572,CMP-00573,Q2_Winter_CMP-00573,2023-05-31,2023-06-23,Google Ads,1412,43,28.44,6.0,1,INVALID,23 days,0.030453257790368272,0.13953488372093023,0.6613953488372093,4.74
573,CMP-00574,Q4_BlackFriday_CMP-00574,2023-12-05,2023-12-10,Unknown,8543,375,619.57,69.0,0,XX,5 days,0.04389558703031722,0.184,1.6521866666666667,8.979275362318841
574,CMP-00575,Q3_Winter_CMP-00575,2023-08-07,2023-08-14,Facebook,34496,1503,1879.83,178.0,0,FA,7 days,0.04357026901669759,0.11842980705256155,1.2507185628742514,10.560842696629214
575,CMP-00576,Q1_Launch_CMP-00576,2023-08-17,2023-08-20,Facebook,61692,2671,3073.4,193.0,0,FA,3 days,0.04329572716073397,0.07225758143017597,1.1506551853238487,15.924352331606219
577,CMP-00578,Q1_Summer_CMP-00578,2023-11-24,2023-12-16,TikTok,93920,3755,4961.13,446.0,1,TI,22 days,0.03998083475298126,0.11877496671105194,1.3212063914780294,11.123609865470852
578,CMP-00579,Q2_BlackFriday_CMP-00579,2023-02-08,2023-02-21,TikTok,45425,1832,1670.01,141.0,1,TI,13 days,0.04033021463951569,0.0769650655021834,0.9115775109170305,11.844042553191489
579,CMP-00580,Q1_Summer_CMP-00580,2023-09-20,2023-09-21,TikTok,39756,1476,2734.1,140.0,1,TI,1 days,0.03712647147600362,0.0948509485094851,1.8523712737127371,19.529285714285713
580,CMP-00581,Q4_Winter_CMP-00581,2023-01-16,2023-01-18,Google Ads,19888,800,658.25,46.0,0,GO,2 days,0.04022526146419952,0.0575,0.8228125,14.309782608695652
581,CMP-00582,Q1_BlackFriday_CMP-00582,2023-08-13,2023-08-29,TikTok,36735,1604,2929.76,192.0,1,TI,16 days,0.0436640805771063,0.11970074812967581,1.8265336658354117,15.259166666666667
582,CMP-00583,Q1_Winter_CMP-00583,2023-02-04,2023-02-18,Facebook,48295,1391,1862.7,247.0,0,FA,14 days,0.028802153432032303,0.17757009345794392,1.3391085549964055,7.541295546558705
584,CMP-00585,Q4_BlackFriday_CMP-00585,2023-11-06,2023-11-21,Instagram,86999,1303,2044.76,247.0,1,IN,15 days,0.014977183645789031,0.18956254796623176,1.569270913277053,8.27838056680162
585,CMP-00586,Q1_Winter_CMP-00586,2023-07-09,2023-07-23,Email,18955,481,743.17,33.0,1,EM,14 days,0.02537589026642047,0.06860706860706861,1.545051975051975,22.52030303030303
586,CMP-00587,Q3_Summer_CMP-00587,2023-10-21,2023-10-27,Google Ads,38841,1387,1368.3,148.0,0,GO,6 days,0.03570968821606035,0.10670511896178803,0.9865176640230714,9.24527027027027
588,CMP-00589,Q4_Summer_CMP-00589,2023-02-28,2023-03-19,TikTok,66510,1242,1013.88,221.0,1,TI,19 days,0.018673883626522326,0.177938808373591,0.816328502415459,4.587692307692308
589,CMP-00590,Q1_Launch_CMP-00590,2023-04-06,2023-05-05,Facebook,35911,557,994.68,57.0,0,FA,29 days,0.015510567792598368,0.10233393177737882,1.7857809694793536,17.450526315789475
590,CMP-00591,Q3_Summer_CMP-00591,2023-10-15,2023-10-17,Unknown,60031,2192,3793.56,317.0,1,INVALID,2 days,0.036514467525112025,0.1446167883211679,1.730638686131387,11.967066246056783
591,CMP-00592,Q1_BlackFriday_CMP-00592,2023-12-27,2024-01-18,Google Ads,89726,904,1049.42,142.0,1,GO,22 days,0.010075117580188574,0.1570796460176991,1.160862831858407,7.390281690140846
592,CMP-00593,Q4_BlackFriday_CMP-00593,2023-05-27,2023-05-30,Email,8357,143,99.9,16.0,1,EM,3 days,0.017111403613736986,0.11188811188811189,0.6986013986013987,6.24375
593,CMP-00594,Q2_BlackFriday_CMP-00594,2023-04-13,2023-05-08,Instagram,33479,373,400.37,35.0,0,IN,25 days,0.011141312464530003,0.0938337801608579,1.0733780160857909,11.439142857142857
594,CMP-00595,Q1_Winter_CMP-00595,2023-08-20,2023-09-18,Facebook,62476,1041,1487.6,202.0,0,FA,29 days,0.016662398360970613,0.19404418828049952,1.429010566762728,7.364356435643564
595,CMP-00596,Q2_BlackFriday_CMP-00596,2023-02-14,2023-02-23,Email,45811,790,933.47,153.0,1,EM,9 days,0.017244766540787146,0.19367088607594937,1.1816075949367089,6.101111111111111
596,CMP-00597,Q1_Winter_CMP-00597,2023-06-13,2023-07-06,Google Ads,37208,949,1585.1,88.0,0,GO,23 days,0.025505267684368952,0.09272918861959958,1.6702845100105372,18.0125
597,CMP-00598,Q4_Summer_CMP-00598,2023-10-09,2023-10-19,Email,21150,551,1100.04,67.0,1,EM,10 days,0.026052009456264777,0.12159709618874773,1.996442831215971,16.418507462686566
598,CMP-00599,Q1_BlackFriday_CMP-00599,2023-03-22,2023-04-15,TikTok,72180,3245,2552.84,635.0,0,TI,24 days,0.044957051814907174,0.19568567026194145,0.7866995377503853,4.020220472440945
599,CMP-00600,Q1_Launch_CMP-00600,2023-11-23,2023-12-09,Google Ads,44286,1346,1601.04,68.0,0,GO,16 days,0.030393352300952896,0.05052005943536404,1.189479940564636,23.54470588235294
600,CMP-00601,Q1_Launch_CMP-00601,2023-04-25,2023-05-02,Google Ads,69450,2704,3100.07,302.0,0,GO,7 days,0.038934485241180705,0.11168639053254438,1.1464755917159763,10.265132450331127
601,CMP-00602,Q2_BlackFriday_CMP-00602,2023-03-13,2023-04-08,Google Ads,22352,316,302.33,20.0,1,GO,26 days,0.014137437365783823,0.06329113924050633,0.9567405063291139,15.116499999999998
602,CMP-00603,Q1_Summer_CMP-00603,2023-07-04,2023-07-13,Unknown,56069,1066,849.75,134.0,1,XX,9 days,0.01901228843032692,0.12570356472795496,0.7971388367729831,6.3414179104477615
603,CMP-00604,Q1_Launch_CMP-00604,2023-10-10,2023-10-11,TikTok,15397,586,350.74,31.0,1,TI,1 days,0.0380593622134182,0.052901023890784986,0.5985324232081911,11.314193548387097
605,CMP-00606,Q4_Launch_CMP-00606,2023-09-03,2023-09-12,Email,47959,1413,1596.37,117.0,1,EM,9 days,0.029462666027231594,0.08280254777070063,1.1297735314932766,13.644188034188033
606,CMP-00607,Q3_Winter_CMP-00607,2023-10-22,2023-11-19,Unknown,1728,58,72.23,7.0,0,XX,28 days,0.03356481481481482,0.1206896551724138,1.245344827586207,10.31857142857143
607,CMP-00608,Q1_Summer_CMP-00608,2023-06-12,2023-06-19,Email,51517,1755,3291.35,349.0,1,EM,7 days,0.034066424675349885,0.19886039886039886,1.8754131054131054,9.43080229226361
608,CMP-00609,Q1_Winter_CMP-00609,2023-12-15,2023-12-23,Email,67234,734,1221.7,124.0,1,EM,8 days,0.010917095517149061,0.16893732970027248,1.664441416893733,9.85241935483871
609,CMP-00610,Q4_Summer_CMP-00610,2023-10-10,2023-11-02,TikTok,40954,937,651.92,165.0,0,TI,23 days,0.022879328026566392,0.17609391675560299,0.6957524012806829,3.951030303030303
611,CMP-00612,Q4_Launch_CMP-00612,2023-01-29,2023-02-24,TikTok,80459,1284,1493.78,72.0,1,TI,26 days,0.01595843845933954,0.056074766355140186,1.163380062305296,20.746944444444445
612,CMP-00613,Q2_Launch_CMP-00613,2023-06-05,2023-06-06,Facebook,17779,672,1139.59,54.0,0,FA,1 days,0.03779740142865178,0.08035714285714286,1.6958184523809523,21.103518518518516
614,CMP-00615,Q1_Launch_CMP-00615,2023-09-23,2023-09-25,Instagram,73936,3643,5594.22,382.0,1,IN,2 days,0.049272343648560916,0.10485863299478451,1.5356080153719462,14.64455497382199
615,CMP-00616,Q1_BlackFriday_CMP-00616,2023-05-09,2023-06-06,Google Ads,25466,468,473.06,30.0,0,GO,28 days,0.01837744443571821,0.0641025641025641,1.0108119658119659,15.768666666666666
616,CMP-00617,Q3_Winter_CMP-00617,2023-05-21,2023-06-09,TikTok,37939,1631,2784.84,253.0,0,TI,19 days,0.04299006299586178,0.15511955855303494,1.7074432863274065,11.007272727272728
617,CMP-00618,Q3_Launch_CMP-00618,2023-01-10,2023-10-28,Facebook,70896,2184,1263.63,207.0,0,FA,291 days,0.030805687203791468,0.09478021978021978,0.5785851648351649,6.104492753623189
618,CMP-00619,Q1_Winter_CMP-00619,2023-11-25,2023-12-23,TikTok,36270,904,668.45,81.0,1,TI,28 days,0.02492417976288944,0.08960176991150443,0.7394358407079646,8.25246913580247
620,CMP-00621,Q1_Winter_CMP-00621,2023-11-06,2023-11-24,Google Ads,83637,3296,2027.74,589.0,1,GO,18 days,0.03940839580568409,0.1787014563106796,0.6152123786407767,3.4426825127334464
621,CMP-00622,Q4_Summer_CMP-00622,2023-01-22,2023-02-14,Instagram,52934,1028,876.36,114.0,1,INVALID,23 days,0.019420410322288133,0.11089494163424124,0.8524902723735409,7.687368421052632
622,CMP-00623,Q1_Winter_CMP-00623,2023-01-24,2023-02-09,Facebook,65895,1637,2856.94,322.0,0,FA,16 days,0.02484255254571667,0.19670128283445326,1.7452290775809407,8.87248447204969
623,CMP-00624,Q1_Summer_CMP-00624,2023-05-16,2023-06-11,Facebook,33307,416,799.71,61.0,1,FA,26 days,0.012489866994925991,0.1466346153846154,1.9223798076923078,13.110000000000001
625,CMP-00626,Q4_Winter_CMP-00626,2023-11-18,2023-12-11,Email,61921,2517,2257.18,137.0,0,EM,23 days,0.04064856833707466,0.05442987683750496,0.8967739372268573,16.475766423357662
626,CMP-00627,Q3_Summer_CMP-00627,2023-06-04,2023-07-02,TikTok,6486,255,234.56,17.0,1,TI,28 days,0.0393154486586494,0.06666666666666667,0.919843137254902,13.797647058823529
627,CMP-00628,Q3_BlackFriday_CMP-00628,2023-12-17,2024-01-10,Facebook,9335,205,187.9,29.0,1,FA,24 days,0.02196036422067488,0.14146341463414633,0.9165853658536586,6.479310344827587
628,CMP-00629,Q2_BlackFriday_CMP-00629,2023-12-19,2023-12-21,Google Ads,87900,1488,824.2,275.0,0,GO,2 days,0.016928327645051193,0.18481182795698925,0.5538978494623656,2.9970909090909092
629,CMP-00630,Q2_Launch_CMP-00630,2023-08-14,2023-08-24,Google Ads,90112,3199,6047.31,459.0,1,GO,10 days,0.03550026633522727,0.1434823382306971,1.8903751172241328,13.17496732026144
630,CMP-00631,Q4_Summer_CMP-00631,2023-06-24,2023-07-06,Google Ads,98203,2931,2405.02,205.0,1,GO,12 days,0.029846338706556827,0.06994199931763903,0.8205458887751621,11.73180487804878
631,CMP-00632,Q1_Summer_CMP-00632,2023-06-13,2023-06-16,Instagram,12130,207,233.91,13.0,1,IN,3 days,0.01706512778235779,0.06280193236714976,1.13,17.993076923076924
632,CMP-00633,Q3_Winter_CMP-00633,2023-07-24,2023-08-13,Facebook,88508,3313,1704.64,585.0,1,FA,20 days,0.037431644597098565,0.17657712043465137,0.5145306368849986,2.91391452991453
633,CMP-00634,Q4_BlackFriday_CMP-00634,2023-10-15,2023-10-27,TikTok,61566,3056,5460.87,216.0,0,TI,12 days,0.0496377870902771,0.07068062827225131,1.7869339005235603,25.281805555555554
634,CMP-00635,Q2_Launch_CMP-00635,2023-03-04,2023-03-19,Facebook,67703,2700,4311.19,345.0,1,FA,15 days,0.03988006439891881,0.12777777777777777,1.5967370370370368,12.496202898550724
635,CMP-00636,Q3_BlackFriday_CMP-00636,2023-02-19,2023-03-18,Unknown,28192,1116,2142.87,62.0,1,XX,27 days,0.03958569807037458,0.05555555555555555,1.9201344086021503,34.56241935483871
636,CMP-00637,Q3_Winter_CMP-00637,2023-07-16,2023-08-01,Google Ads,2062,99,165.57,6.0,1,GO,16 days,0.048011639185257034,0.06060606060606061,1.6724242424242424,27.595
637,CMP-00638,Q3_BlackFriday_CMP-00638,2023-03-23,2023-04-10,TikTok,85076,1541,1495.63,232.0,1,TI,18 days,0.01811321641826132,0.15055158987670345,0.9705580791693706,6.446681034482759
638,CMP-00639,Q1_Summer_CMP-00639,2023-06-10,2023-06-16,Facebook,90780,2961,2581.43,454.0,1,FA,6 days,0.032617316589557174,0.15332657885849374,0.8718101992570078,5.685969162995594
639,CMP-00640,Q3_Launch_CMP-00640,2023-09-21,2023-10-03,Instagram,22545,1108,1713.6,112.0,0,IN,12 days,0.049146152140164115,0.10108303249097472,1.5465703971119134,15.299999999999999
640,CMP-00641,Q4_BlackFriday_CMP-00641,2023-10-04,2023-12-09,Email,22689,376,393.36,30.0,1,EM,66 days,0.016571907091542156,0.0797872340425532,1.0461702127659576,13.112
641,CMP-00642,Q1_Winter_CMP-00642,2023-07-16,2023-07-21,Facebook,12174,462,623.39,79.0,1,FA,5 days,0.03794972893050764,0.170995670995671,1.3493290043290043,7.891012658227848
642,CMP-00643,Q2_Winter_CMP-00643,2023-04-21,2023-05-03,Email,89461,2990,1523.06,246.0,1,EM,12 days,0.03342238517342753,0.0822742474916388,0.5093846153846153,6.19130081300813
643,CMP-00644,Q3_Winter_CMP-00644,2023-05-25,2023-06-18,Email,10348,346,205.12,45.0,1,EM,24 days,0.03343641283339776,0.13005780346820808,0.5928323699421966,4.558222222222223
644,CMP-00645,Q1_BlackFriday_CMP-00645,2023-12-01,2023-12-19,Facebook,24714,936,1219.66,182.0,1,FA,18 days,0.037873270211216316,0.19444444444444445,1.3030555555555556,6.701428571428572
645,CMP-00646,Q2_Summer_CMP-00646,2023-01-05,2023-01-23,Facebook,39102,1845,2489.1,133.0,1,FA,18 days,0.04718428724873408,0.07208672086720867,1.3491056910569106,18.715037593984963
647,CMP-00648,Q4_Summer_CMP-00648,2023-07-07,2023-07-18,Email,90930,1113,776.82,86.0,0,EM,11 days,0.012240184757505773,0.07726864330637916,0.6979514824797844,9.03279069767442
648,CMP-00649,Q1_Launch_CMP-00649,2023-01-27,2023-02-20,Instagram,7801,344,436.8,46.0,1,IN,24 days,0.044096910652480455,0.13372093023255813,1.2697674418604652,9.495652173913044
649,CMP-00650,Q1_BlackFriday_CMP-00650,2023-10-11,2023-11-01,Instagram,73267,1393,1102.8,148.0,0,IN,21 days,0.019012652353719954,0.10624551328068917,0.7916726489590811,7.451351351351351
650,CMP-00651,Q3_Launch_CMP-00651,2023-08-19,2023-08-31,Instagram,49136,1232,788.23,239.0,0,IN,12 days,0.02507326603712146,0.1939935064935065,0.639797077922078,3.2980334728033474
651,CMP-00652,Q3_Summer_CMP-00652,2023-11-16,2023-11-30,Google Ads,24625,701,782.14,63.0,1,GO,14 days,0.02846700507614213,0.0898716119828816,1.1157489300998573,12.414920634920636
652,CMP-00653,Q1_BlackFriday_CMP-00653,2023-02-19,2023-02-25,Google Ads,83873,2452,1826.75,269.0,0,GO,6 days,0.02923467623669119,0.10970636215334421,0.7450040783034257,6.79089219330855
653,CMP-00654,Q4_Launch_CMP-00654,2023-06-23,2023-07-12,Facebook,73592,2016,1678.67,398.0,1,FA,19 days,0.02739428198717252,0.1974206349206349,0.8326736111111112,4.217763819095477
654,CMP-00655,Q1_Launch_CMP-00655,2023-03-15,2023-03-28,Google Ads,78052,3707,3619.26,483.0,1,GO,13 days,0.047493978373392094,0.13029403830590774,0.9763312651739952,7.493291925465839
655,CMP-00656,Q4_Launch_CMP-00656,2023-09-14,2023-09-26,Unknown,45261,1730,1538.11,216.0,0,XX,12 days,0.038222752480060095,0.12485549132947976,0.8890809248554913,7.120879629629629
656,CMP-00657,Q1_Winter_CMP-00657,2023-01-20,2023-02-04,TikTok,2542,89,56.19,7.0,0,TI,15 days,0.035011801730920535,0.07865168539325842,0.6313483146067416,8.027142857142858
657,CMP-00658,Q2_Launch_CMP-00658,2023-08-31,2023-09-12,Instagram,22677,271,172.05,42.0,1,IN,12 days,0.011950434360806103,0.15498154981549817,0.6348708487084871,4.0964285714285715
658,CMP-00659,Q2_Launch_CMP-00659,2023-09-21,2023-10-16,Instagram,47732,2203,1740.09,114.0,0,IN,25 days,0.04615352384144809,0.051747616886064454,0.7898729005901044,15.263947368421052
659,CMP-00660,Q1_BlackFriday_CMP-00660,2023-06-13,2023-06-23,Google Ads,51343,2381,1371.07,136.0,1,GO,10 days,0.04637438404456304,0.057118857622847546,0.5758378832423351,10.081397058823528
660,CMP-00661,Q1_BlackFriday_CMP-00661,2023-06-03,2023-06-08,Facebook,40081,1651,2376.92,230.0,0,FA,5 days,0.041191587036251594,0.13930950938824954,1.4396850393700789,10.334434782608696
662,CMP-00663,Q3_Winter_CMP-00663,2023-03-28,2023-06-03,Facebook,94105,1156,1063.08,223.0,1,FA,67 days,0.012284150682747994,0.19290657439446368,0.9196193771626296,4.767174887892376
663,CMP-00664,Q1_BlackFriday_CMP-00664,2023-06-19,2023-07-14,Unknown,89858,1708,1704.58,316.0,1,XX,25 days,0.01900776781143582,0.18501170960187355,0.9979976580796253,5.394240506329114
664,CMP-00665,Q4_Launch_CMP-00665,2023-10-26,2023-11-24,TikTok,20065,306,457.22,48.0,1,TI,29 days,0.015250436082731123,0.1568627450980392,1.4941830065359478,9.525416666666667
665,CMP-00666,Q1_Summer_CMP-00666,2023-12-19,2024-01-04,Google Ads,84460,2192,3958.64,378.0,0,GO,16 days,0.02595311390007104,0.17244525547445255,1.805948905109489,10.472592592592592
667,CMP-00668,Q4_Launch_CMP-00668,2023-10-24,2023-11-11,Instagram,55693,1608,2558.8,110.0,1,IN,18 days,0.02887256926364175,0.06840796019900497,1.5912935323383086,23.26181818181818
668,CMP-00669,Q3_Winter_CMP-00669,2023-10-26,2023-11-09,TikTok,27962,294,360.62,48.0,0,TI,14 days,0.010514269365567557,0.16326530612244897,1.2265986394557824,7.5129166666666665
669,CMP-00670,Q4_Launch_CMP-00670,2023-11-14,2023-11-26,TikTok,29295,624,961.4,50.0,0,TI,12 days,0.021300563236047107,0.08012820512820513,1.540705128205128,19.227999999999998
670,CMP-00671,Q2_Winter_CMP-00671,2023-12-15,2023-12-29,Google Ads,14807,174,231.27,17.0,0,GO,14 days,0.011751198757344499,0.09770114942528736,1.3291379310344829,13.604117647058825
671,CMP-00672,Q1_BlackFriday_CMP-00672,2023-12-25,2023-12-28,Instagram,43348,496,408.89,85.0,0,IN,3 days,0.011442281074097997,0.17137096774193547,0.824375,4.810470588235294
672,CMP-00673,Q3_Summer_CMP-00673,2023-06-10,2023-06-30,Instagram,27432,576,468.22,75.0,1,IN,20 days,0.02099737532808399,0.13020833333333334,0.8128819444444445,6.242933333333334
673,CMP-00674,Q2_BlackFriday_CMP-00674,2023-04-15,2023-04-24,Google Ads,84285,1772,1673.81,317.0,0,GO,9 days,0.02102390698226256,0.1788939051918736,0.9445880361173815,5.280157728706625
674,CMP-00675,Q3_Launch_CMP-00675,2023-08-30,2023-09-28,TikTok,92792,3849,7183.02,315.0,1,TI,29 days,0.04147986895422019,0.0818394388152767,1.866204208885425,22.803238095238097
675,CMP-00676,Q1_BlackFriday_CMP-00676,2023-02-01,2023-02-06,Unknown,58854,2883,3808.8,406.0,0,XX,5 days,0.04898562544601896,0.1408255289628859,1.321123829344433,9.38128078817734
677,CMP-00678,Q3_Summer_CMP-00678,2023-09-27,2023-10-27,TikTok,38080,1034,1054.51,151.0,0,TI,30 days,0.027153361344537816,0.14603481624758222,1.0198355899419729,6.983509933774834
679,CMP-00680,Q3_BlackFriday_CMP-00680,2023-07-01,2023-07-22,Facebook,92267,1912,1316.12,263.0,1,FA,21 days,0.020722468488191877,0.13755230125523013,0.688347280334728,5.004258555133079
680,CMP-00681,Q2_Launch_CMP-00681,2023-12-15,2023-12-30,Google Ads,36909,599,453.41,53.0,1,GO,15 days,0.01622910401257146,0.08848080133555926,0.7569449081803006,8.55490566037736
681,CMP-00682,Q4_Summer_CMP-00682,2023-11-09,2023-11-24,Google Ads,90339,3986,6939.76,218.0,1,GO,15 days,0.04412269341037647,0.05469141996989463,1.7410336176618164,31.83376146788991
682,CMP-00683,Q4_Summer_CMP-00683,2023-05-23,2023-06-17,Email,20870,247,340.18,16.0,0,EM,25 days,0.011835170100622903,0.06477732793522267,1.3772469635627531,21.26125
683,CMP-00684,Q4_Summer_CMP-00684,2023-06-02,2023-06-20,TikTok,35578,1237,1244.79,177.0,1,TI,18 days,0.03476867727247175,0.14308811641067098,1.0062974939369442,7.03271186440678
684,CMP-00685,Q3_Launch_CMP-00685,2023-12-20,2024-01-17,Facebook,73124,2375,4047.66,451.0,1,FA,28 days,0.032479076636945464,0.18989473684210526,1.704277894736842,8.974855875831485
685,CMP-00686,Q2_Launch_CMP-00686,2023-06-28,2023-07-20,Instagram,27790,662,575.79,53.0,1,IN,22 days,0.023821518531845987,0.08006042296072508,0.8697734138972809,10.863962264150942
687,CMP-00688,Q3_BlackFriday_CMP-00688,2023-10-06,2023-11-04,Instagram,56129,2294,2333.52,412.0,1,IN,29 days,0.04087013843111404,0.17959895379250218,1.017227550130776,5.663883495145631
688,CMP-00689,Q1_Launch_CMP-00689,2023-06-26,2023-06-28,Google Ads,94714,1274,1281.6,163.0,0,GO,2 days,0.013451020968389045,0.12794348508634223,1.0059654631083201,7.862576687116563
689,CMP-00690,Q2_BlackFriday_CMP-00690,2023-05-29,2023-06-09,Facebook,95246,1854,1794.43,278.0,0,FA,11 days,0.019465384373097035,0.1499460625674218,0.9678694714131608,6.454784172661871
690,CMP-00691,Q3_BlackFriday_CMP-00691,2024-01-01,2024-01-18,Email,16485,647,442.01,111.0,0,EM,17 days,0.03924780103124052,0.17156105100463678,0.6831684698608964,3.982072072072072
691,CMP-00692,Q4_Winter_CMP-00692,2023-08-15,2023-09-14,Instagram,45482,1452,968.06,129.0,1,IN,30 days,0.03192471747064773,0.08884297520661157,0.6667079889807163,7.504341085271317
692,CMP-00693,Q2_Winter_CMP-00693,2023-04-20,2023-05-18,Unknown,87188,1318,1940.3,124.0,1,XX,28 days,0.015116759187044089,0.09408194233687406,1.472154779969651,15.64758064516129
693,CMP-00694,Q2_Summer_CMP-00694,2023-10-10,2023-10-15,Google Ads,5748,260,471.3,13.0,0,GO,5 days,0.04523312456506611,0.05,1.8126923076923078,36.253846153846155
694,CMP-00695,Q2_Summer_CMP-00695,2023-11-12,2023-11-17,Instagram,87769,2258,3806.49,439.0,1,IN,5 days,0.025726623295240916,0.19441984056687334,1.6857794508414525,8.670820045558086
695,CMP-00696,Q1_Winter_CMP-00696,2023-01-26,2023-02-15,Unknown,10435,449,319.54,84.0,1,XX,20 days,0.04302827024436991,0.1870824053452116,0.7116703786191537,3.804047619047619
696,CMP-00697,Q4_BlackFriday_CMP-00697,2023-11-23,2023-12-04,Google Ads,4709,195,257.08,32.0,1,INVALID,11 days,0.041410065831386705,0.1641025641025641,1.3183589743589743,8.03375
697,CMP-00698,Q1_Winter_CMP-00698,2023-06-19,2023-07-07,TikTok,31355,1096,721.59,67.0,0,TI,18 days,0.034954552702918196,0.06113138686131387,0.6583850364963504,10.770000000000001
698,CMP-00699,Q1_BlackFriday_CMP-00699,2023-04-02,2023-12-03,TikTok,56771,1690,959.82,197.0,1,TI,245 days,0.029768719945042363,0.1165680473372781,0.5679408284023669,4.8721827411167515
699,CMP-00700,Q3_Summer_CMP-00700,2023-10-09,2023-11-05,Email,58799,2891,4291.92,188.0,1,EM,27 days,0.0491675028486879,0.06502940159114494,1.4845797301971637,22.82936170212766
700,CMP-00701,Q3_Summer_CMP-00701,2023-12-01,2023-12-25,Facebook,14116,223,290.51,11.0,1,FA,24 days,0.015797676395579486,0.04932735426008968,1.3027354260089685,26.41
701,CMP-00702,Q2_BlackFriday_CMP-00702,2023-09-02,2023-09-08,Email,26470,1032,642.97,146.0,0,EM,6 days,0.03898753305629014,0.14147286821705427,0.6230329457364341,4.403904109589042
702,CMP-00703,Q1_Summer_CMP-00703,2023-05-28,2023-06-25,Facebook,43344,764,422.04,148.0,0,FA,28 days,0.01762643041712809,0.193717277486911,0.5524083769633508,2.851621621621622
704,CMP-00705,Q1_Winter_CMP-00705,2023-01-20,2023-02-08,Instagram,53224,1189,648.04,183.0,0,IN,19 days,0.022339546069442356,0.15391084945332212,0.5450294365012616,3.5412021857923497
705,CMP-00706,Q2_BlackFriday_CMP-00706,2023-01-09,2023-04-01,Email,40298,1929,2250.74,124.0,1,EM,82 days,0.0478683805647923,0.064282011404873,1.166791083462934,18.151129032258062
706,CMP-00707,Q3_Launch_CMP-00707,2023-07-23,2023-08-19,Google Ads,81219,3954,4969.9,360.0,1,GO,27 days,0.04868318989399032,0.09104704097116843,1.2569296914516943,13.805277777777777
707,CMP-00708,Q1_Launch_CMP-00708,2023-05-29,2023-06-24,Google Ads,62629,1084,732.7,106.0,0,GO,26 days,0.017308275718916157,0.09778597785977859,0.6759225092250923,6.912264150943397
708,CMP-00709,Q3_Winter_CMP-00709,2023-10-18,2023-10-25,Email,67040,729,549.37,119.0,1,EM,7 days,0.010874105011933173,0.16323731138545952,0.753593964334705,4.616554621848739
709,CMP-00710,Q1_BlackFriday_CMP-00710,2023-06-21,2023-07-18,Email,29016,1125,1156.17,191.0,1,EM,27 days,0.03877171215880893,0.16977777777777778,1.0277066666666668,6.05324607329843
710,CMP-00711,Q3_BlackFriday_CMP-00711,2023-10-06,2023-10-29,TikTok,24960,666,1093.91,71.0,1,TI,23 days,0.026682692307692307,0.1066066066066066,1.6425075075075077,15.40718309859155
711,CMP-00712,Q4_BlackFriday_CMP-00712,2023-03-10,2023-03-23,TikTok,34591,468,589.97,52.0,0,TI,13 days,0.01352953080280998,0.1111111111111111,1.2606196581196583,11.345576923076923
712,CMP-00713,Q4_BlackFriday_CMP-00713,2023-04-09,2023-04-12,Instagram,83848,3131,4561.41,177.0,1,IN,3 days,0.03734137963934739,0.05653145959757266,1.456854040242734,25.770677966101694
713,CMP-00714,Q1_Winter_CMP-00714,2023-08-23,2023-09-19,Unknown,68641,2183,4317.45,203.0,1,INVALID,27 days,0.031803149721012225,0.0929912963811269,1.9777599633531837,21.26822660098522
714,CMP-00715,Q3_Summer_CMP-00715,2023-01-08,2023-01-22,TikTok,37395,1840,3039.7,216.0,0,TI,14 days,0.049204439096135845,0.11739130434782609,1.6520108695652174,14.072685185185184
715,CMP-00716,Q3_Winter_CMP-00716,2023-10-18,2023-11-16,TikTok,23700,452,520.5,30.0,0,TI,29 days,0.019071729957805907,0.06637168141592921,1.1515486725663717,17.35
716,CMP-00717,Q1_Summer_CMP-00717,2023-11-09,2023-11-13,Email,35620,931,1088.96,109.0,1,INVALID,4 days,0.02613700168444694,0.11707841031149302,1.1696670247046188,9.990458715596331
717,CMP-00718,Q2_BlackFriday_CMP-00718,2023-07-25,2023-08-07,Google Ads,21559,683,975.43,121.0,0,GO,13 days,0.03168050466162624,0.17715959004392387,1.4281551976573938,8.061404958677686
718,CMP-00719,Q3_Winter_CMP-00719,2023-09-12,2023-12-27,Instagram,94045,3918,5869.35,537.0,1,IN,106 days,0.04166090701260035,0.13705972434915772,1.4980474732006126,10.929888268156425
720,CMP-00721,Q2_Launch_CMP-00721,2023-01-04,2023-01-21,Unknown,62642,2162,3172.28,170.0,1,XX,17 days,0.03451358513457425,0.0786308973172988,1.4672895467160039,18.660470588235295
721,CMP-00722,Q1_Summer_CMP-00722,2023-05-17,2023-05-21,Google Ads,77539,1476,790.1,178.0,1,GO,4 days,0.019035582094171964,0.12059620596205962,0.5352981029810299,4.43876404494382
722,CMP-00723,Q2_Launch_CMP-00723,2023-10-21,2023-11-09,TikTok,22732,997,1141.0,103.0,1,TI,19 days,0.04385887735351047,0.10330992978936811,1.144433299899699,11.077669902912621
723,CMP-00724,Q1_Summer_CMP-00724,2023-12-01,2023-12-02,Google Ads,92362,2507,2302.45,260.0,1,GO,1 days,0.02714319741885191,0.10370961308336657,0.9184084563222975,8.855576923076923
724,CMP-00725,Q4_Launch_CMP-00725,2023-12-08,2023-12-17,TikTok,31354,490,339.94,63.0,0,TI,9 days,0.01562799004911654,0.12857142857142856,0.6937551020408164,5.395873015873016
725,CMP-00726,Q3_BlackFriday_CMP-00726,2023-07-27,2023-08-26,TikTok,14843,542,351.93,74.0,0,TI,30 days,0.03651552920568618,0.13653136531365315,0.6493173431734317,4.755810810810811
726,CMP-00727,Q2_BlackFriday_CMP-00727,2023-12-27,2024-01-14,Google Ads,72726,1355,1903.49,229.0,1,GO,18 days,0.01863157605258092,0.16900369003690036,1.404789667896679,8.312183406113537
727,CMP-00728,Q2_BlackFriday_CMP-00728,2023-11-24,2023-12-16,TikTok,18640,259,332.92,26.0,1,TI,22 days,0.013894849785407726,0.10038610038610038,1.2854054054054054,12.804615384615385
728,CMP-00729,Q2_BlackFriday_CMP-00729,2023-11-11,2023-11-17,TikTok,53528,2380,2095.3,406.0,1,TI,6 days,0.04446271110446869,0.17058823529411765,0.8803781512605042,5.160837438423646
729,CMP-00730,Q2_Launch_CMP-00730,2023-09-02,2023-09-26,Email,39413,1119,1349.99,112.0,1,INVALID,24 days,0.0283916474259762,0.10008936550491511,1.206425379803396,12.053482142857144
730,CMP-00731,Q3_Summer_CMP-00731,2023-11-07,2023-11-15,Facebook,53638,2143,2653.78,124.0,1,FA,8 days,0.039953018382490026,0.05786280914605693,1.2383481101259917,21.401451612903227
731,CMP-00732,Q2_Launch_CMP-00732,2023-08-30,2023-09-21,Facebook,53736,1161,920.11,154.0,1,FA,22 days,0.021605627512282267,0.1326442721791559,0.7925150732127476,5.97474025974026
732,CMP-00733,Q4_BlackFriday_CMP-00733,2023-04-22,2023-05-15,Instagram,69866,2897,4282.17,400.0,1,IN,23 days,0.041465090315747286,0.1380738695201933,1.4781394546082154,10.705425
733,CMP-00734,Q1_BlackFriday_CMP-00734,2023-03-09,2023-11-02,Google Ads,20087,290,484.7,55.0,0,GO,238 days,0.01443719818788271,0.1896551724137931,1.6713793103448276,8.812727272727273
734,CMP-00735,Q1_BlackFriday_CMP-00735,2023-08-17,2023-08-28,Email,42430,1028,1734.44,163.0,1,EM,11 days,0.024228140466650956,0.15856031128404668,1.6871984435797667,10.640736196319018
735,CMP-00736,Q4_Winter_CMP-00736,2023-10-16,2023-11-01,Facebook,25504,1252,1757.44,234.0,0,FA,16 days,0.04909033877038896,0.1869009584664537,1.40370607028754,7.510427350427351
736,CMP-00737,Q4_Launch_CMP-00737,2023-09-16,2023-09-20,Email,8114,338,428.4,62.0,1,INVALID,4 days,0.041656396351984225,0.1834319526627219,1.2674556213017751,6.909677419354838
737,CMP-00738,Q2_Winter_CMP-00738,2023-03-26,2023-04-06,Google Ads,79859,2387,1411.94,335.0,0,GO,11 days,0.029890181444796455,0.14034352744030162,0.5915123586091329,4.214746268656716
738,CMP-00739,Q2_Launch_CMP-00739,2023-03-01,2023-03-25,Google Ads,11975,282,262.75,36.0,1,GO,24 days,0.023549060542797495,0.1276595744680851,0.9317375886524822,7.298611111111111
739,CMP-00740,Q2_BlackFriday_CMP-00740,2023-08-09,2023-10-05,Email,12023,539,344.91,72.0,0,E-,57 days,0.04483074107959744,0.13358070500927643,0.6399072356215214,4.790416666666667
740,CMP-00741,Q3_BlackFriday_CMP-00741,2023-09-19,2023-10-15,Instagram,22447,713,1387.31,140.0,0,IN,26 days,0.0317637100726155,0.19635343618513323,1.945736325385694,9.909357142857143
741,CMP-00742,Q3_Summer_CMP-00742,2023-03-09,2023-03-21,Email,91469,3689,2591.97,612.0,1,EM,12 days,0.04033060381112727,0.16589861751152074,0.7026213065871509,4.235245098039216
742,CMP-00743,Q1_Launch_CMP-00743,2023-01-30,2023-02-17,Google Ads,24959,1002,729.12,66.0,1,GO,18 days,0.040145839176249046,0.0658682634730539,0.7276646706586827,11.047272727272727
743,CMP-00744,Q4_Winter_CMP-00744,2023-06-07,2023-07-07,Instagram,67203,720,1320.74,120.0,0,IN,30 days,0.010713807419311638,0.16666666666666666,1.834361111111111,11.006166666666667
744,CMP-00745,Q4_Winter_CMP-00745,2023-01-02,2023-01-15,Email,30703,462,885.14,34.0,0,EM,13 days,0.015047389505911474,0.0735930735930736,1.9158874458874458,26.033529411764704
745,CMP-00746,Q2_Launch_CMP-00746,2023-01-24,2023-02-10,Google Ads,10337,376,619.93,44.0,0,GO,17 days,0.03637418980361807,0.11702127659574468,1.64875,14.08931818181818
746,CMP-00747,Q1_Winter_CMP-00747,2023-10-05,2023-10-27,Facebook,47427,780,396.32,63.0,1,FA,22 days,0.01644632804098931,0.08076923076923077,0.508102564102564,6.290793650793651
747,CMP-00748,Q1_Launch_CMP-00748,2023-02-05,2023-03-04,TikTok,62529,1264,634.55,193.0,0,TI,27 days,0.020214620416126917,0.15268987341772153,0.5020174050632911,3.287823834196891
748,CMP-00749,Q3_Launch_CMP-00749,2023-05-27,2023-06-09,Google Ads,85665,4100,4375.32,744.0,1,GO,13 days,0.04786085332399463,0.18146341463414634,1.067151219512195,5.880806451612903
749,CMP-00750,Q1_Winter_CMP-00750,2023-11-25,2023-12-03,TikTok,32921,1066,762.29,99.0,0,TI,8 days,0.03238054737097901,0.09287054409005628,0.715093808630394,7.69989898989899
750,CMP-00751,Q1_Launch_CMP-00751,2023-08-04,2023-08-23,Google Ads,34307,1373,724.37,85.0,1,GO,19 days,0.04002098697058909,0.061908230152949745,0.5275819373634377,8.522
751,CMP-00752,Q1_Winter_CMP-00752,2023-08-18,2023-08-30,Google Ads,28355,916,1095.63,86.0,1,GO,12 days,0.032304708164344914,0.09388646288209607,1.1961026200873364,12.739883720930234
752,CMP-00753,Q1_Winter_CMP-00753,2023-08-05,2023-12-07,TikTok,5835,187,358.03,28.0,1,TI,124 days,0.032047986289631535,0.1497326203208556,1.9145989304812834,12.786785714285713
753,CMP-00754,Q4_Launch_CMP-00754,2023-12-05,2023-12-19,Google Ads,21159,291,286.85,28.0,1,INVALID,14 days,0.013753012902311073,0.09621993127147767,0.9857388316151203,10.244642857142859
754,CMP-00755,Q3_Winter_CMP-00755,2023-06-28,2023-07-21,TikTok,48605,1154,1721.43,105.0,0,TI,23 days,0.023742413331961733,0.09098786828422877,1.4917071057192375,16.394571428571428
755,CMP-00756,Q4_Winter_CMP-00756,2023-07-21,2023-08-15,Instagram,39088,832,1229.99,64.0,1,IN,25 days,0.02128530495292673,0.07692307692307693,1.4783533653846155,19.21859375
756,CMP-00757,Q3_Summer_CMP-00757,2023-04-25,2023-04-29,TikTok,79752,2043,1790.93,254.0,0,TI,4 days,0.025616912428528437,0.12432697014194811,0.8766177190406266,7.050905511811024
757,CMP-00758,Q3_BlackFriday_CMP-00758,2023-06-02,2023-06-10,Instagram,56284,2360,3482.51,215.0,0,IN,8 days,0.04193021107241845,0.09110169491525423,1.4756398305084746,16.19772093023256
758,CMP-00759,Q1_Summer_CMP-00759,2023-08-06,2023-08-27,Instagram,58043,1443,1181.1,230.0,0,IN,21 days,0.024860879003497406,0.15939015939015938,0.8185031185031184,5.135217391304347
760,CMP-00761,Q4_Launch_CMP-00761,2023-04-07,2023-04-22,TikTok,98007,2537,3937.61,379.0,1,INVALID,15 days,0.025885906108747334,0.14938904217579818,1.5520733149389043,10.389472295514512
761,CMP-00762,Q4_Launch_CMP-00762,2023-02-27,2023-03-04,TikTok,83844,1151,771.36,98.0,1,TI,5 days,0.013727875578455227,0.08514335360556038,0.6701650738488271,7.8710204081632655
762,CMP-00763,Q3_Launch_CMP-00763,2023-12-05,2024-01-01,Google Ads,28532,788,1572.35,97.0,0,GO,27 days,0.02761811299593439,0.12309644670050761,1.9953680203045685,16.209793814432988
763,CMP-00764,Q2_Winter_CMP-00764,2023-01-09,2023-09-24,Email,35349,630,488.36,58.0,0,INVALID,258 days,0.01782228634473394,0.09206349206349207,0.7751746031746032,8.42
764,CMP-00765,Q1_Winter_CMP-00765,2023-01-11,2023-11-30,TikTok,46445,811,1128.27,128.0,0,TI,323 days,0.017461513618258154,0.15782983970406905,1.3912083847102343,8.814609375
765,CMP-00766,Q1_BlackFriday_CMP-00766,2023-11-03,2023-11-28,Instagram,6713,92,102.77,17.0,0,IN,25 days,0.013704751973782214,0.18478260869565216,1.1170652173913043,6.0452941176470585
767,CMP-00768,Q3_Launch_CMP-00768,2023-04-30,2023-05-23,Google Ads,50407,2031,1100.33,279.0,0,GO,23 days,0.040292022933322756,0.13737075332348597,0.5417676021664204,3.9438351254480284
769,CMP-00770,Q1_Winter_CMP-00770,2023-04-30,2023-05-29,Google Ads,51990,1169,1999.15,201.0,1,INVALID,29 days,0.02248509328717061,0.17194183062446536,1.7101368691189052,9.946019900497513
770,CMP-00771,Q3_Launch_CMP-00771,2023-06-13,2023-07-09,Email,76672,2737,4825.4,417.0,1,EM,26 days,0.03569751669449082,0.15235659481183778,1.7630252100840336,11.571702637889688
771,CMP-00772,Q3_Summer_CMP-00772,2023-06-14,2023-07-01,Facebook,66545,1186,1451.75,91.0,0,FA,17 days,0.017822526110151025,0.07672849915682968,1.224072512647555,15.953296703296703
772,CMP-00773,Q4_BlackFriday_CMP-00773,2023-12-05,2023-12-31,Email,85791,3935,6556.43,681.0,1,EM,26 days,0.04586728211583966,0.1730622617534943,1.6661829733163915,9.627650513950075
773,CMP-00774,Q3_Launch_CMP-00774,2023-05-21,2023-05-25,Facebook,59141,1821,2748.38,208.0,0,FA,4 days,0.03079082193402208,0.11422295442064799,1.5092696320702912,13.213365384615384
774,CMP-00775,Q3_Winter_CMP-00775,2023-10-30,2023-11-15,TikTok,24793,691,1096.19,54.0,0,TI,16 days,0.02787076997539628,0.07814761215629522,1.586382054992764,20.299814814814816
775,CMP-00776,Q2_Summer_CMP-00776,2023-11-17,2023-11-22,Google Ads,57570,1860,2304.35,171.0,1,GO,5 days,0.03230849400729546,0.09193548387096774,1.2388978494623655,13.475730994152046
776,CMP-00777,Q2_Launch_CMP-00777,2023-01-25,2023-02-24,Facebook,96084,1598,2317.29,144.0,1,FA,30 days,0.016631280962491155,0.09011264080100125,1.4501188986232791,16.092291666666668
778,CMP-00779,Q1_BlackFriday_CMP-00779,2023-12-23,2024-01-15,Facebook,2015,49,53.74,4.0,0,FA,23 days,0.024317617866004962,0.08163265306122448,1.096734693877551,13.435
779,CMP-00780,Q3_Winter_CMP-00780,2023-07-12,2023-07-22,Instagram,62813,2882,4925.25,197.0,1,IN,10 days,0.04588222183306004,0.06835530881332408,1.708969465648855,25.001269035532996
780,CMP-00781,Q1_BlackFriday_CMP-00781,2023-05-04,2023-05-12,Unknown,28712,481,667.64,32.0,1,XX,8 days,0.01675257731958763,0.06652806652806653,1.388024948024948,20.86375
781,CMP-00782,Q3_Launch_CMP-00782,2023-12-29,2024-01-23,TikTok,9415,285,213.42,39.0,1,TI,25 days,0.03027084439723845,0.1368421052631579,0.7488421052631579,5.472307692307692
782,CMP-00783,Q4_Winter_CMP-00783,2023-01-30,2023-02-12,Google Ads,63292,2147,1153.0,343.0,0,GO,13 days,0.03392213865891424,0.15975780158360503,0.5370284117373079,3.361516034985423
783,CMP-00784,Q2_BlackFriday_CMP-00784,2023-10-13,2023-10-23,Facebook,24833,281,293.4,27.0,0,FA,10 days,0.011315588128699714,0.09608540925266904,1.0441281138790035,10.866666666666665
784,CMP-00785,Q3_Summer_CMP-00785,2023-05-11,2023-06-07,Facebook,5158,126,166.33,6.0,0,FA,27 days,0.0244280728964715,0.047619047619047616,1.3200793650793652,27.721666666666668
785,CMP-00786,Q2_BlackFriday_CMP-00786,2023-08-19,2023-08-26,TikTok,63680,2502,4402.85,172.0,1,TI,7 days,0.03929020100502512,0.06874500399680256,1.7597322142286171,25.59796511627907
786,CMP-00787,Q2_Summer_CMP-00787,2023-04-26,2023-08-04,Email,21309,912,630.4,170.0,1,EM,100 days,0.04279881740109813,0.18640350877192982,0.6912280701754385,3.708235294117647
787,CMP-00788,Q2_Winter_CMP-00788,2023-07-13,2023-08-03,Facebook,7970,179,304.36,22.0,1,FA,21 days,0.02245922208281054,0.12290502793296089,1.7003351955307264,13.834545454545456
788,CMP-00789,Q1_Summer_CMP-00789,2023-02-07,2023-02-11,Google Ads,73474,3081,5528.9,363.0,1,GO,4 days,0.041933200860168225,0.11781888997078871,1.7945147679324893,15.231129476584021
789,CMP-00790,Q2_Summer_CMP-00790,2023-12-10,2024-01-06,Facebook,87704,4272,500000.0,237.0,0,FA,27 days,0.048709294901030736,0.05547752808988764,117.04119850187266,2109.7046413502107
790,CMP-00791,Q4_Summer_CMP-00791,2023-06-20,2023-06-27,Email,47540,2104,3739.63,335.0,0,EM,7 days,0.04425746739587716,0.15922053231939162,1.7773906844106464,11.163074626865672
791,CMP-00792,Q3_Winter_CMP-00792,2023-04-19,2023-04-20,TikTok,21384,314,623.97,40.0,0,TI,1 days,0.014683875794986907,0.12738853503184713,1.9871656050955415,15.599250000000001
792,CMP-00793,Q3_Launch_CMP-00793,2023-03-02,2023-03-03,Google Ads,19017,752,1195.87,60.0,0,GO,1 days,0.0395435662827996,0.0797872340425532,1.590252659574468,19.931166666666666
793,CMP-00794,Q4_Winter_CMP-00794,2023-05-05,2023-05-06,TikTok,76880,1751,2936.7,116.0,1,TI,1 days,0.022775754422476587,0.06624785836664764,1.6771559109080525,25.316379310344825
794,CMP-00795,Q4_BlackFriday_CMP-00795,2023-07-23,2023-08-02,Instagram,9702,480,955.98,51.0,0,IN,10 days,0.049474335188620905,0.10625,1.991625,18.744705882352942
795,CMP-00796,Q1_Summer_CMP-00796,2023-05-25,2023-05-29,TikTok,1384,40,56.33,7.0,0,TI,4 days,0.028901734104046242,0.175,1.40825,8.047142857142857
796,CMP-00797,Q4_Launch_CMP-00797,2023-07-03,2023-07-10,Instagram,1404,20,19.24,3.0,1,IN,7 days,0.014245014245014245,0.15,0.962,6.413333333333333
797,CMP-00798,Q4_BlackFriday_CMP-00798,2023-09-12,2023-09-18,TikTok,41943,1636,2873.3,229.0,1,TI,6 days,0.039005316739384406,0.13997555012224938,1.7562958435207825,12.547161572052403
798,CMP-00799,Q1_Winter_CMP-00799,2023-08-29,2023-09-25,Google Ads,48926,1121,1593.76,178.0,1,GO,27 days,0.02291215304745943,0.15878679750223015,1.4217305976806422,8.95370786516854
799,CMP-00800,Q3_Summer_CMP-00800,2023-04-15,2023-05-10,Email,30189,1505,2064.55,101.0,1,EM,25 days,0.049852595316174766,0.06710963455149502,1.371794019933555,20.441089108910894
800,CMP-00801,Q3_Summer_CMP-00801,2023-10-16,2023-11-07,Facebook,13763,677,596.07,93.0,1,FA,22 days,0.04918985686260263,0.13737075332348597,0.8804579025110784,6.409354838709678
801,CMP-00802,Q2_Summer_CMP-00802,2023-01-09,2023-01-12,Email,19384,702,1147.42,105.0,1,EM,3 days,0.03621543541064796,0.14957264957264957,1.6345014245014247,10.927809523809524
802,CMP-00803,Q3_Winter_CMP-00803,2023-10-19,2023-10-24,TikTok,61100,928,577.68,74.0,1,TI,5 days,0.015188216039279868,0.07974137931034483,0.6224999999999999,7.806486486486486
803,CMP-00804,Q3_BlackFriday_CMP-00804,2023-04-06,2023-04-11,TikTok,99142,3715,7008.09,676.0,1,INVALID,5 days,0.037471505517338764,0.1819650067294751,1.8864306864064604,10.366997041420118
804,CMP-00805,Q4_Summer_CMP-00805,2023-05-01,2023-05-06,Unknown,10860,149,147.32,11.0,1,XX,5 days,0.013720073664825047,0.0738255033557047,0.988724832214765,13.392727272727273
805,CMP-00806,Q3_Summer_CMP-00806,2023-12-17,2023-12-21,TikTok,81642,912,630.8,88.0,1,INVALID,4 days,0.011170720952450945,0.09649122807017543,0.6916666666666667,7.168181818181818
806,CMP-00807,Q4_Summer_CMP-00807,2023-09-08,2023-09-22,Email,51612,2215,2577.26,316.0,0,INVALID,14 days,0.04291637603658064,0.14266365688487584,1.163548532731377,8.155886075949368
807,CMP-00808,Q3_Winter_CMP-00808,2023-09-09,2023-09-21,TikTok,24574,451,254.23,65.0,1,TI,12 days,0.018352730528200537,0.14412416851441243,0.5637028824833703,3.911230769230769
808,CMP-00809,Q1_Summer_CMP-00809,2023-06-30,2023-07-22,Email,24524,617,942.12,95.0,1,EM,22 days,0.025159027891045505,0.1539708265802269,1.526936790923825,9.917052631578947
809,CMP-00810,Q2_Winter_CMP-00810,2023-09-08,2023-09-21,Unknown,70172,3434,6366.84,229.0,1,XX,13 days,0.04893689790799749,0.06668608037274315,1.8540594059405942,27.80279475982533
811,CMP-00812,Q2_BlackFriday_CMP-00812,2023-02-08,2023-03-03,Email,5809,126,87.07,16.0,1,EM,23 days,0.021690480289206403,0.12698412698412698,0.691031746031746,5.441875
812,CMP-00813,Q4_Winter_CMP-00813,2023-01-04,2023-01-24,Email,33201,1551,1069.27,187.0,1,EM,20 days,0.04671546037769947,0.12056737588652482,0.6894068343004514,5.718021390374331
813,CMP-00814,Q4_Winter_CMP-00814,2023-04-29,2023-05-09,TikTok,54330,783,1346.88,154.0,0,TI,10 days,0.014411927112092767,0.1966794380587484,1.720153256704981,8.745974025974027
814,CMP-00815,Q4_BlackFriday_CMP-00815,2023-03-19,2023-03-30,TikTok,14456,583,1099.76,93.0,0,TI,11 days,0.040329275041505255,0.1595197255574614,1.8863807890222983,11.825376344086022
815,CMP-00816,Q2_Winter_CMP-00816,2023-09-16,2023-09-29,Instagram,57397,2842,3384.84,192.0,0,IN,13 days,0.04951478300259596,0.06755805770584096,1.19100633356791,17.629375
816,CMP-00817,Q1_Winter_CMP-00817,2023-11-23,2023-12-05,Google Ads,39765,1831,2285.92,299.0,1,GO,12 days,0.04604551741481202,0.1632987438558165,1.2484543965046424,7.645217391304348
818,CMP-00819,Q1_Launch_CMP-00819,2023-09-30,2023-10-10,Email,46106,1040,1915.05,56.0,0,E-,10 days,0.022556717130091528,0.05384615384615385,1.8413942307692308,34.19732142857143
819,CMP-00820,Q2_Winter_CMP-00820,2023-09-29,2023-10-13,Facebook,54932,1108,1625.83,122.0,0,FA,14 days,0.020170392485254495,0.11010830324909747,1.4673555956678699,13.326475409836066
820,CMP-00821,Q1_Launch_CMP-00821,2023-05-27,2023-06-16,Email,18100,774,721.66,154.0,1,EM,20 days,0.04276243093922652,0.19896640826873385,0.9323772609819121,4.686103896103896
821,CMP-00822,Q3_Launch_CMP-00822,2023-12-24,2024-01-12,TikTok,58091,2625,2488.96,200.0,0,TI,19 days,0.04518772271091907,0.0761904761904762,0.9481752380952381,12.4448
822,CMP-00823,Q2_BlackFriday_CMP-00823,2023-03-06,2023-04-02,TikTok,22949,711,1305.96,107.0,1,TI,27 days,0.03098174212383982,0.15049226441631505,1.8367932489451477,12.205233644859813
823,CMP-00824,Q4_Winter_CMP-00824,2023-03-18,2023-04-03,Email,71080,1405,731.23,106.0,1,EM,16 days,0.019766460326392798,0.07544483985765124,0.5204483985765125,6.898396226415095
824,CMP-00825,Q3_Winter_CMP-00825,2023-05-10,2023-05-31,Google Ads,38744,562,553.06,89.0,0,GO,21 days,0.014505471814990708,0.1583629893238434,0.9840925266903914,6.2141573033707855
825,CMP-00826,Q3_Launch_CMP-00826,2023-07-23,2023-08-12,Facebook,46543,627,834.87,78.0,1,FA,20 days,0.013471413531572954,0.12440191387559808,1.331531100478469,10.70346153846154
826,CMP-00827,Q4_Launch_CMP-00827,2023-07-27,2023-08-15,Facebook,93193,3612,2609.04,549.0,0,FA,19 days,0.03875827583616795,0.15199335548172757,0.7223255813953489,4.7523497267759565
827,CMP-00828,Q3_Launch_CMP-00828,2023-12-23,2023-12-25,TikTok,37187,996,635.6,80.0,1,TI,2 days,0.02678355339231452,0.08032128514056225,0.6381526104417671,7.945
828,CMP-00829,Q3_Summer_CMP-00829,2023-02-11,2023-03-05,Instagram,8239,380,654.71,61.0,1,INVALID,22 days,0.046122102196868554,0.16052631578947368,1.722921052631579,10.732950819672132
830,CMP-00831,Q3_Launch_CMP-00831,2023-07-14,2023-07-16,Google Ads,59017,1041,1806.56,155.0,0,GO,2 days,0.017638985377094737,0.148895292987512,1.7354082612872237,11.655225806451613
831,CMP-00832,Q4_BlackFriday_CMP-00832,2023-11-23,2023-12-09,TikTok,62877,2172,4014.25,269.0,1,TI,16 days,0.034543632806908725,0.12384898710865562,1.8481813996316758,14.922862453531598
832,CMP-00833,Q2_Launch_CMP-00833,2023-03-29,2023-04-09,TikTok,44125,1209,1607.57,227.0,1,TI,11 days,0.02739943342776204,0.18775847808105872,1.3296691480562448,7.081806167400881
833,CMP-00834,Q1_Winter_CMP-00834,2023-08-11,2023-08-23,Google Ads,50922,1685,2895.48,88.0,0,GO,12 days,0.03308982365185971,0.05222551928783383,1.718385756676558,32.90318181818182
834,CMP-00835,Q4_BlackFriday_CMP-00835,2023-02-18,2023-02-19,Instagram,95074,3757,4042.77,599.0,0,IN,1 days,0.03951658707953804,0.15943571998935321,1.0760633484162896,6.749198664440734
835,CMP-00836,Q1_BlackFriday_CMP-00836,2023-04-28,2023-05-07,Facebook,33049,1396,2093.16,255.0,1,FA,9 days,0.042240309842960455,0.1826647564469914,1.499398280802292,8.208470588235294
837,CMP-00838,Q4_Launch_CMP-00838,2023-02-08,2023-02-24,Facebook,43944,885,742.15,103.0,1,FA,16 days,0.020139268159475695,0.11638418079096045,0.8385875706214689,7.2053398058252425
838,CMP-00839,Q4_Winter_CMP-00839,2023-07-08,2023-10-06,Facebook,74963,842,913.44,67.0,0,FA,90 days,0.01123220788922535,0.07957244655581948,1.0848456057007128,13.633432835820896
840,CMP-00841,Q3_Winter_CMP-00841,2023-04-17,2023-04-30,TikTok,38626,550,388.86,81.0,0,TI,13 days,0.014239113550458241,0.14727272727272728,0.7070181818181819,4.800740740740741
841,CMP-00842,Q4_Summer_CMP-00842,2023-12-31,2024-01-25,TikTok,43808,989,614.72,94.0,1,TI,25 days,0.022575785244704164,0.09504550050556117,0.621557128412538,6.539574468085107
842,CMP-00843,Q3_BlackFriday_CMP-00843,2023-06-03,2023-06-21,Email,89464,908,1584.08,108.0,1,EM,18 days,0.010149333810247697,0.11894273127753303,1.7445814977973568,14.667407407407406
844,CMP-00845,Q4_Launch_CMP-00845,2023-07-16,2023-07-20,Email,20198,337,373.09,35.0,0,EM,4 days,0.016684820279235568,0.10385756676557864,1.1070919881305636,10.659714285714285
845,CMP-00846,Q4_Launch_CMP-00846,2023-12-19,2024-01-02,TikTok,20758,751,474.24,55.0,1,TI,14 days,0.036178822622603336,0.07323568575233022,0.6314780292942743,8.622545454545454
846,CMP-00847,Q3_Summer_CMP-00847,2023-06-27,2023-07-20,Facebook,16254,807,483.17,147.0,1,FA,23 days,0.04964931709117756,0.1821561338289963,0.5987236679058241,3.28687074829932
847,CMP-00848,Q3_Launch_CMP-00848,2023-08-12,2023-12-27,Facebook,45238,583,1070.96,30.0,0,FA,137 days,0.012887395552411689,0.051457975986277875,1.8369811320754719,35.69866666666667
848,CMP-00849,Q2_BlackFriday_CMP-00849,2023-11-06,2023-11-26,Facebook,2252,29,34.68,5.0,1,FA,20 days,0.012877442273534635,0.1724137931034483,1.1958620689655173,6.936
849,CMP-00850,Q1_BlackFriday_CMP-00850,2023-07-23,2023-08-21,Instagram,40764,962,942.8,130.0,1,INVALID,29 days,0.023599254243940732,0.13513513513513514,0.98004158004158,7.252307692307692
851,CMP-00852,Q2_Winter_CMP-00852,2023-09-09,2023-10-01,Instagram,38441,715,698.88,113.0,0,IN,22 days,0.018599932363882313,0.15804195804195803,0.9774545454545455,6.1847787610619465
852,CMP-00853,Q2_Summer_CMP-00853,2023-07-12,2023-07-28,TikTok,93234,2276,2807.57,287.0,1,TI,16 days,0.024411695304288134,0.12609841827768015,1.233554481546573,9.782473867595819
853,CMP-00854,Q3_Winter_CMP-00854,2023-12-05,2023-12-06,Email,54682,696,1245.38,86.0,0,EM,1 days,0.012728137229801397,0.1235632183908046,1.7893390804597702,14.481162790697676
854,CMP-00855,Q1_Summer_CMP-00855,2023-06-01,2023-06-14,Google Ads,60494,2451,3403.1,163.0,1,GO,13 days,0.04051641485105961,0.06650346797225622,1.388453692370461,20.877914110429447
855,CMP-00856,Q4_Summer_CMP-00856,2023-02-12,2023-02-14,Instagram,82317,2167,3341.47,234.0,1,IN,2 days,0.02632506043709076,0.10798338717120443,1.541979695431472,14.279786324786324
856,CMP-00857,Q3_BlackFriday_CMP-00857,2023-11-21,2023-12-07,Facebook,66215,2673,2798.65,230.0,1,FA,16 days,0.04036849656422261,0.08604564160119715,1.0470071081182193,12.16804347826087
857,CMP-00858,Q1_Summer_CMP-00858,2023-05-02,2023-07-04,Instagram,79587,3672,5903.69,192.0,0,IN,63 days,0.04613818839760262,0.05228758169934641,1.6077587145969499,30.748385416666665
858,CMP-00859,Q2_BlackFriday_CMP-00859,2023-06-07,2023-07-06,TikTok,7949,153,229.49,15.0,0,TI,29 days,0.019247704113724996,0.09803921568627451,1.499934640522876,15.299333333333333
859,CMP-00860,Q2_Winter_CMP-00860,2023-02-22,2023-02-25,TikTok,56393,2385,1620.23,151.0,1,TI,3 days,0.0422924831096058,0.06331236897274634,0.6793417190775681,10.73
860,CMP-00861,Q4_Winter_CMP-00861,2023-08-18,2023-09-03,TikTok,74553,921,1251.61,81.0,0,TI,16 days,0.012353627620618889,0.08794788273615635,1.3589685124864277,15.451975308641973
861,CMP-00862,Q3_Winter_CMP-00862,2023-02-17,2023-02-22,Instagram,7941,364,322.18,23.0,0,IN,5 days,0.04583805566049616,0.06318681318681318,0.8851098901098902,14.007826086956522
862,CMP-00863,Q3_BlackFriday_CMP-00863,2023-07-01,2023-07-19,TikTok,26934,970,1654.96,63.0,0,TI,18 days,0.0360139600504938,0.06494845360824743,1.7061443298969072,26.26920634920635
863,CMP-00864,Q4_Winter_CMP-00864,2023-06-16,2023-06-19,Facebook,24386,1096,1248.24,87.0,0,FA,3 days,0.0449438202247191,0.07937956204379562,1.138905109489051,14.347586206896551
864,CMP-00865,Q2_Summer_CMP-00865,2023-07-31,2023-08-03,TikTok,62886,629,1252.98,125.0,0,TI,3 days,0.010002226250675827,0.1987281399046105,1.9920190779014308,10.02384
865,CMP-00866,Q1_Summer_CMP-00866,2023-10-09,2023-10-14,TikTok,76745,1286,821.43,64.0,1,TI,5 days,0.016756791973418464,0.049766718506998445,0.6387480559875582,12.83484375
866,CMP-00867,Q1_Launch_CMP-00867,2023-10-20,2023-11-13,Email,84251,2156,3601.64,314.0,1,EM,24 days,0.02559020070978386,0.1456400742115028,1.6705194805194805,11.470191082802547
867,CMP-00868,Q4_Summer_CMP-00868,2023-03-28,2023-04-24,Google Ads,95456,2403,3629.86,171.0,0,GO,27 days,0.02517390211196782,0.07116104868913857,1.5105534748231377,21.227251461988306
868,CMP-00869,Q2_BlackFriday_CMP-00869,2023-09-10,2023-10-03,TikTok,54413,1037,1712.34,195.0,1,TI,23 days,0.019057945711502766,0.1880424300867888,1.6512439729990356,8.781230769230769
869,CMP-00870,Q3_Summer_CMP-00870,2023-05-22,2023-06-12,Email,57800,1460,1403.49,93.0,1,EM,21 days,0.025259515570934254,0.0636986301369863,0.9612945205479452,15.091290322580646
870,CMP-00871,Q2_Winter_CMP-00871,2023-02-09,2023-03-11,TikTok,98239,1488,1842.27,287.0,1,TI,30 days,0.01514673398548438,0.1928763440860215,1.2380846774193548,6.419059233449477
871,CMP-00872,Q1_BlackFriday_CMP-00872,2023-11-17,2023-11-21,Facebook,43318,1148,1945.59,162.0,1,FA,4 days,0.02650168521169029,0.14111498257839722,1.6947648083623692,12.009814814814815
872,CMP-00873,Q1_Launch_CMP-00873,2023-08-23,2023-09-07,TikTok,71173,2995,2542.19,150.0,1,TI,15 days,0.04208056425891841,0.05008347245409015,0.8488113522537563,16.947933333333335
873,CMP-00874,Q4_Winter_CMP-00874,2023-07-22,2023-08-04,Email,71390,2081,1746.06,383.0,1,EM,13 days,0.029149740860064433,0.18404613166746756,0.8390485343584815,4.558903394255874
874,CMP-00875,Q3_Summer_CMP-00875,2023-06-18,2023-07-12,TikTok,53329,571,757.48,73.0,1,TI,24 days,0.010707119953496222,0.12784588441331,1.326584938704028,10.376438356164384
875,CMP-00876,Q1_Summer_CMP-00876,2023-11-30,2023-12-11,Facebook,44088,1184,1521.85,105.0,1,FA,11 days,0.026855380148793323,0.08868243243243243,1.2853462837837837,14.493809523809523
876,CMP-00877,Q4_Summer_CMP-00877,2023-06-14,2023-06-22,Google Ads,40811,452,417.37,74.0,1,GO,8 days,0.011075445345617604,0.16371681415929204,0.9233849557522124,5.640135135135135
877,CMP-00878,Q1_Winter_CMP-00878,2023-09-03,2023-09-23,TikTok,56479,2747,2601.72,519.0,0,TI,20 days,0.048637546698772995,0.18893338187113215,0.9471132144157262,5.012947976878612
878,CMP-00879,Q1_Launch_CMP-00879,2023-06-13,2023-06-29,Google Ads,86392,1304,1195.47,159.0,0,GO,16 days,0.015093990184276321,0.12193251533742332,0.916771472392638,7.518679245283019
879,CMP-00880,Q2_BlackFriday_CMP-00880,2023-09-09,2023-09-11,TikTok,88369,3385,5609.85,329.0,1,TI,2 days,0.038305288053502924,0.09719350073855244,1.6572673559822748,17.051215805471127
880,CMP-00881,Q3_Launch_CMP-00881,2023-06-16,2023-06-27,Instagram,20963,1025,1514.8,172.0,0,IN,11 days,0.048895673329199064,0.1678048780487805,1.4778536585365853,8.806976744186047
881,CMP-00882,Q1_BlackFriday_CMP-00882,2023-07-21,2023-07-31,Email,56123,2415,4222.93,367.0,0,EM,10 days,0.04303048660976783,0.15196687370600415,1.748625258799172,11.506621253405996
882,CMP-00883,Q3_Launch_CMP-00883,2023-04-13,2023-05-01,Google Ads,93705,3558,6985.1,652.0,1,GO,18 days,0.03797022570834,0.18324901630129287,1.9632096683530074,10.71334355828221
883,CMP-00884,Q2_Summer_CMP-00884,2023-12-16,2024-01-10,TikTok,74477,3245,3930.49,499.0,0,TI,25 days,0.04357049827463512,0.15377503852080124,1.2112449922958397,7.876733466933867
884,CMP-00885,Q3_Launch_CMP-00885,2023-08-25,2023-09-17,Google Ads,15388,758,454.83,65.0,0,INVALID,23 days,0.04925916298414349,0.08575197889182058,0.6000395778364116,6.9973846153846155
885,CMP-00886,Q4_BlackFriday_CMP-00886,2023-05-30,2023-06-27,TikTok,6569,228,130.45,43.0,1,TI,28 days,0.03470847922058152,0.18859649122807018,0.5721491228070175,3.033720930232558
887,CMP-00888,Q2_Launch_CMP-00888,2023-06-05,2023-06-12,Instagram,37586,1320,2506.44,119.0,1,IN,7 days,0.03511945937317086,0.09015151515151515,1.898818181818182,21.062521008403362
888,CMP-00889,Q3_Launch_CMP-00889,2023-05-28,2023-08-05,Google Ads,13015,407,522.92,52.0,0,GO,69 days,0.03127160968113715,0.12776412776412777,1.2848157248157248,10.056153846153846
889,CMP-00890,Q3_Winter_CMP-00890,2023-11-03,2023-11-17,Facebook,46002,1628,1477.7,219.0,0,FA,14 days,0.03538976566236251,0.1345208845208845,0.9076781326781327,6.747488584474886
890,CMP-00891,Q4_Summer_CMP-00891,2023-09-17,2023-09-21,Instagram,7254,203,223.05,10.0,1,IN,4 days,0.02798456024262476,0.04926108374384237,1.098768472906404,22.305
891,CMP-00892,Q4_Launch_CMP-00892,2023-08-03,2023-08-04,Instagram,18144,339,473.89,56.0,0,IN,1 days,0.018683862433862435,0.16519174041297935,1.397905604719764,8.462321428571428
892,CMP-00893,Q3_Summer_CMP-00893,2023-07-04,2023-07-26,Facebook,25214,373,551.83,38.0,0,FA,22 days,0.01479336876338542,0.10187667560321716,1.4794369973190349,14.52184210526316
893,CMP-00894,Q4_Winter_CMP-00894,2023-01-16,2023-11-01,TikTok,81719,1040,760.11,115.0,1,TI,289 days,0.012726538503897503,0.11057692307692307,0.730875,6.609652173913044
894,CMP-00895,Q1_Launch_CMP-00895,2023-05-08,2023-05-27,Instagram,72774,1494,2936.53,256.0,0,IN,19 days,0.020529309918377443,0.1713520749665328,1.9655488621151274,11.4708203125
895,CMP-00896,Q2_Launch_CMP-00896,2023-11-28,2023-12-26,Facebook,7090,83,109.32,8.0,1,FA,28 days,0.011706629055007052,0.0963855421686747,1.3171084337349397,13.665
896,CMP-00897,Q3_Launch_CMP-00897,2023-11-27,2023-12-19,Google Ads,12637,413,290.56,23.0,0,INVALID,22 days,0.032681807390994695,0.05569007263922518,0.7035351089588378,12.63304347826087
898,CMP-00899,Q3_Winter_CMP-00899,2023-01-07,2023-06-01,Email,25071,1077,659.08,208.0,1,E-,145 days,0.04295799928203901,0.19312906220984216,0.6119591457753017,3.1686538461538465
899,CMP-00900,Q1_Summer_CMP-00900,2023-04-24,2023-05-24,Facebook,59243,768,1429.71,46.0,1,FA,30 days,0.01296355687591783,0.059895833333333336,1.8616015625,31.080652173913045
900,CMP-00901,Q2_Winter_CMP-00901,2023-10-25,2023-11-11,Facebook,42240,804,1603.86,83.0,0,FA,17 days,0.01903409090909091,0.10323383084577115,1.9948507462686567,19.323614457831326
901,CMP-00902,Q4_Winter_CMP-00902,2023-07-11,2023-07-26,Facebook,84807,3325,5155.9,417.0,0,FA,15 days,0.03920666926079215,0.12541353383458648,1.5506466165413533,12.364268585131894
902,CMP-00903,Q1_Winter_CMP-00903,2023-10-29,2023-11-01,TikTok,34434,1169,1935.48,144.0,1,TI,3 days,0.033949003891502585,0.12318220701454234,1.6556715141146279,13.440833333333334
903,CMP-00904,Q4_Launch_CMP-00904,2023-01-13,2023-01-30,Google Ads,70724,889,894.29,44.0,1,GO,17 days,0.01256999038515921,0.049493813273340834,1.0059505061867267,20.324772727272727
904,CMP-00905,Q2_Summer_CMP-00905,2023-02-13,2023-02-19,Facebook,76697,3458,6612.96,432.0,0,FA,6 days,0.04508650925068777,0.1249277038750723,1.9123655292076345,15.307777777777778
905,CMP-00906,Q4_BlackFriday_CMP-00906,2023-03-14,2023-03-29,Email,29732,1340,1734.73,144.0,0,EM,15 days,0.04506928561818915,0.10746268656716418,1.2945746268656717,12.04673611111111
906,CMP-00907,Q4_BlackFriday_CMP-00907,2023-04-16,2023-04-25,Unknown,12314,285,455.6,55.0,0,XX,9 days,0.02314438850089329,0.19298245614035087,1.5985964912280703,8.283636363636363
907,CMP-00908,Q3_Winter_CMP-00908,2023-02-19,2023-03-14,Email,24954,589,1110.95,43.0,1,EM,23 days,0.023603430311773664,0.0730050933786078,1.88616298811545,25.83604651162791
908,CMP-00909,Q1_BlackFriday_CMP-00909,2023-06-13,2023-07-02,Facebook,58108,2879,5650.81,296.0,1,FA,19 days,0.04954567357334618,0.10281347690170198,1.9627683223341439,19.090574324324326
909,CMP-00910,Q4_Summer_CMP-00910,2023-01-23,2023-02-05,Unknown,88044,3085,5398.15,348.0,1,XX,13 days,0.03503929853255191,0.11280388978930309,1.749805510534846,15.511925287356322
910,CMP-00911,Q3_Winter_CMP-00911,2023-06-25,2023-07-21,Facebook,88505,2766,2640.22,300.0,0,FA,26 days,0.031252471611773344,0.10845986984815618,0.954526391901663,8.800733333333334
911,CMP-00912,Q4_Launch_CMP-00912,2023-03-26,2023-04-25,Email,37668,1639,3195.76,245.0,0,EM,30 days,0.04351173409790804,0.14948139109212935,1.9498230628431972,13.04391836734694
912,CMP-00913,Q3_Winter_CMP-00913,2023-09-22,2023-10-10,Facebook,24061,515,742.72,42.0,1,FA,18 days,0.021403931673662772,0.08155339805825243,1.4421747572815535,17.683809523809526
913,CMP-00914,Q3_Launch_CMP-00914,2023-10-14,2023-11-04,Facebook,80252,2180,4133.2,181.0,0,FA,21 days,0.027164432039076907,0.08302752293577982,1.8959633027522935,22.835359116022097
915,CMP-00916,Q1_Launch_CMP-00916,2023-03-14,2023-12-03,Instagram,17907,744,714.88,93.0,1,IN,264 days,0.041547997989613,0.125,0.9608602150537634,7.686881720430107
916,CMP-00917,Q1_Launch_CMP-00917,2023-11-11,2023-11-20,Instagram,19777,651,686.83,73.0,1,IN,9 days,0.03291702482681903,0.11213517665130568,1.0550384024577573,9.408630136986302
917,CMP-00918,Q2_Summer_CMP-00918,2023-08-08,2023-08-27,TikTok,94229,3425,4540.55,258.0,1,TI,19 days,0.03634762122064333,0.07532846715328467,1.3257080291970804,17.59903100775194
918,CMP-00919,Q2_Summer_CMP-00919,2023-04-16,2023-04-20,TikTok,52745,1059,1784.44,82.0,1,TI,4 days,0.020077732486491612,0.07743153918791312,1.6850236071765818,21.761463414634147
920,CMP-00921,Q4_Summer_CMP-00921,2023-10-02,2023-10-19,Google Ads,82818,2446,3350.03,155.0,0,GO,17 days,0.029534642227535077,0.0633687653311529,1.3695952575633688,21.61309677419355
921,CMP-00922,Q1_Launch_CMP-00922,2023-08-23,2023-09-08,Instagram,24624,972,989.92,129.0,0,INVALID,16 days,0.039473684210526314,0.13271604938271606,1.0184362139917695,7.673798449612403
922,CMP-00923,Q4_Winter_CMP-00923,2023-09-08,2023-09-14,Instagram,24321,754,1299.64,138.0,1,IN,6 days,0.031002014719789483,0.1830238726790451,1.723660477453581,9.41768115942029
923,CMP-00924,Q4_Winter_CMP-00924,2023-11-02,2023-12-01,TikTok,11488,129,154.81,12.0,1,INVALID,29 days,0.011229108635097493,0.09302325581395349,1.200077519379845,12.900833333333333
926,CMP-00927,Q1_Launch_CMP-00927,2023-06-02,2023-06-30,Email,44221,2132,1261.41,230.0,0,EM,28 days,0.048212387779561744,0.10787992495309569,0.591655722326454,5.4843913043478265
927,CMP-00928,Q3_BlackFriday_CMP-00928,2023-12-11,2023-12-17,Google Ads,11478,126,157.37,7.0,0,GO,6 days,0.01097752221641401,0.05555555555555555,1.248968253968254,22.481428571428573
928,CMP-00929,Q3_BlackFriday_CMP-00929,2023-06-06,2023-06-08,TikTok,56645,2139,1410.68,401.0,0,TI,2 days,0.03776149704298702,0.18747078073866294,0.6595044413277232,3.517905236907731
929,CMP-00930,Q2_Winter_CMP-00930,2023-03-14,2023-03-24,Instagram,20262,269,180.56,40.0,0,IN,10 days,0.013276083308656598,0.14869888475836432,0.6712267657992566,4.514
930,CMP-00931,Q3_Winter_CMP-00931,2023-03-12,2023-04-01,Email,53796,2497,4773.2,495.0,1,EM,20 days,0.04641609041564428,0.19823788546255505,1.9115738886663995,9.642828282828283
931,CMP-00932,Q3_BlackFriday_CMP-00932,2023-09-07,2023-09-18,Instagram,5432,155,280.39,28.0,1,IN,11 days,0.02853460972017673,0.18064516129032257,1.8089677419354837,10.01392857142857
933,CMP-00934,Q2_BlackFriday_CMP-00934,2023-03-27,2023-03-31,TikTok,65291,1542,3051.17,197.0,0,TI,4 days,0.023617343891194804,0.12775616083009078,1.978709468223087,15.488172588832487
934,CMP-00935,Q2_Winter_CMP-00935,2023-06-11,2023-07-03,Email,80104,1329,664.87,104.0,1,EM,22 days,0.016590931788674722,0.0782543265613243,0.5002784048156509,6.392980769230769
935,CMP-00936,Q4_Summer_CMP-00936,2023-07-03,2023-07-08,Google Ads,60399,1016,1443.7,121.0,1,GO,5 days,0.016821470554148246,0.11909448818897637,1.420964566929134,11.931404958677687
936,CMP-00937,Q3_Launch_CMP-00937,2023-04-10,2023-05-07,TikTok,80714,3868,5510.52,717.0,0,TI,27 days,0.047922293530242584,0.18536711478800413,1.42464322647363,7.685523012552302
937,CMP-00938,Q2_Winter_CMP-00938,2023-09-16,2023-09-19,Facebook,51428,1430,1696.22,82.0,0,INVALID,3 days,0.027805864509605663,0.057342657342657345,1.1861678321678322,20.685609756097563
938,CMP-00939,Q4_Summer_CMP-00939,2023-09-09,2023-09-16,Email,88731,3686,4037.73,661.0,0,EM,7 days,0.04154128771229897,0.17932718393922953,1.0954232230059686,6.108517397881997
939,CMP-00940,Q1_BlackFriday_CMP-00940,2023-09-08,2023-09-24,Facebook,1302,46,54.42,4.0,1,FA,16 days,0.03533026113671275,0.08695652173913043,1.1830434782608696,13.605
940,CMP-00941,Q2_Winter_CMP-00941,2023-04-23,2023-05-09,TikTok,83558,3096,3475.08,572.0,0,TI,16 days,0.037052107518131115,0.1847545219638243,1.1224418604651163,6.0753146853146855
941,CMP-00942,Q1_Launch_CMP-00942,2023-10-03,2023-10-11,Instagram,1055,16,25.53,3.0,1,INVALID,8 days,0.015165876777251185,0.1875,1.595625,8.51
942,CMP-00943,Q3_Summer_CMP-00943,2023-10-17,2023-10-18,TikTok,9717,188,132.17,28.0,0,TI,1 days,0.019347535247504374,0.14893617021276595,0.7030319148936169,4.720357142857142
943,CMP-00944,Q1_Launch_CMP-00944,2023-10-09,2023-10-22,Instagram,29699,1231,980.44,184.0,0,IN,13 days,0.041449207044008216,0.14947197400487408,0.7964581640942324,5.3284782608695656
944,CMP-00945,Q2_Summer_CMP-00945,2023-05-18,2023-06-12,Unknown,74686,3646,2810.25,429.0,1,XX,25 days,0.04881771684117505,0.1176631925397696,0.7707761930883159,6.550699300699301
945,CMP-00946,Q3_Winter_CMP-00946,2023-07-07,2023-07-31,Email,68661,1408,1258.34,246.0,0,EM,24 days,0.020506546656762936,0.1747159090909091,0.8937073863636363,5.11520325203252
946,CMP-00947,Q3_Summer_CMP-00947,2023-08-14,2023-09-09,TikTok,45247,943,1214.48,183.0,1,TI,26 days,0.02084116073993856,0.19406150583244963,1.2878897136797456,6.636502732240437
947,CMP-00948,Q2_BlackFriday_CMP-00948,2023-02-22,2023-03-15,Email,17748,513,342.08,85.0,1,EM,21 days,0.028904665314401622,0.16569200779727095,0.66682261208577,4.024470588235294
948,CMP-00949,Q3_Launch_CMP-00949,2023-05-07,2023-06-05,Google Ads,5621,277,499.22,39.0,1,GO,29 days,0.04927948763565202,0.1407942238267148,1.8022382671480146,12.800512820512822
949,CMP-00950,Q3_BlackFriday_CMP-00950,2023-08-19,2023-08-25,Facebook,16034,332,314.09,46.0,0,FA,6 days,0.020705999750530123,0.13855421686746988,0.9460542168674698,6.828043478260869
950,CMP-00951,Q4_BlackFriday_CMP-00951,2023-02-14,2023-03-11,Email,6126,160,119.01,28.0,0,EM,25 days,0.02611818478615736,0.175,0.7438125,4.250357142857143
951,CMP-00952,Q2_Summer_CMP-00952,2023-05-02,2023-05-15,Instagram,6122,279,422.25,36.0,0,IN,13 days,0.04557334204508331,0.12903225806451613,1.5134408602150538,11.729166666666666
952,CMP-00953,Q2_Summer_CMP-00953,2023-12-19,2023-12-21,TikTok,19030,192,106.97,32.0,1,TI,2 days,0.010089332632685234,0.16666666666666666,0.5571354166666667,3.3428125
953,CMP-00954,Q2_BlackFriday_CMP-00954,2023-11-20,2023-11-30,Email,83838,971,1388.48,122.0,0,EM,10 days,0.011581860254299959,0.12564366632337795,1.4299485066941298,11.380983606557377
954,CMP-00955,Q2_BlackFriday_CMP-00955,2023-04-16,2023-04-22,Email,85717,2928,4530.49,173.0,1,EM,6 days,0.03415891830092047,0.059084699453551916,1.5472984972677595,26.18780346820809
955,CMP-00956,Q1_Winter_CMP-00956,2023-10-19,2023-10-27,Google Ads,56658,2622,2156.27,282.0,0,GO,8 days,0.04627766599597585,0.10755148741418764,0.8223760488176964,7.646347517730496
956,CMP-00957,Q4_BlackFriday_CMP-00957,2023-10-03,2023-10-14,TikTok,39638,775,436.28,90.0,1,TI,11 days,0.019551945103183813,0.11612903225806452,0.562941935483871,4.847555555555555
957,CMP-00958,Q3_Launch_CMP-00958,2023-05-30,2023-06-27,Google Ads,68067,1959,2048.07,139.0,1,GO,28 days,0.028780466305258056,0.0709545686574783,1.0454670750382848,14.73431654676259
958,CMP-00959,Q2_Winter_CMP-00959,2023-09-21,2023-10-13,Email,89869,2518,1631.39,164.0,1,EM,22 days,0.028018560348952365,0.06513105639396347,0.6478911834789516,9.9475
959,CMP-00960,Q1_Winter_CMP-00960,2023-02-18,2023-03-09,Instagram,35674,1031,695.63,134.0,0,IN,19 days,0.028900599876660875,0.12997090203685743,0.674713870029098,5.191268656716418
960,CMP-00961,Q2_Summer_CMP-00961,2023-07-25,2023-07-30,Unknown,36854,1286,1133.47,80.0,0,XX,5 days,0.03489444836381397,0.06220839813374806,0.8813919129082426,14.168375000000001
961,CMP-00962,Q2_Winter_CMP-00962,2023-12-02,2023-12-18,Facebook,47271,1360,1282.75,129.0,0,FA,16 days,0.02877028199107275,0.09485294117647058,0.9431985294117647,9.943798449612403
962,CMP-00963,Q2_Launch_CMP-00963,2023-05-08,2023-05-16,Google Ads,74688,2083,2697.39,336.0,1,GO,8 days,0.027889353041988002,0.1613058089294287,1.2949543927028324,8.027946428571429
963,CMP-00964,Q1_BlackFriday_CMP-00964,2023-05-07,2023-05-30,Instagram,39518,1144,1736.12,222.0,0,IN,23 days,0.028948833442988004,0.19405594405594406,1.5175874125874125,7.82036036036036
965,CMP-00966,Q2_Launch_CMP-00966,2023-11-18,2023-12-14,Instagram,91825,2890,2088.14,574.0,1,IN,26 days,0.031472910427443504,0.1986159169550173,0.7225397923875432,3.63787456445993
966,CMP-00967,Q4_Launch_CMP-00967,2023-11-21,2023-12-14,Google Ads,2062,91,68.99,14.0,1,GO,23 days,0.04413191076624636,0.15384615384615385,0.7581318681318681,4.9278571428571425
967,CMP-00968,Q3_BlackFriday_CMP-00968,2023-07-26,2023-08-25,Email,51448,616,1119.98,57.0,0,EM,30 days,0.01197325454828176,0.09253246753246754,1.8181493506493507,19.648771929824562
968,CMP-00969,Q1_Winter_CMP-00969,2023-07-08,2023-07-12,Facebook,96462,4179,5589.53,630.0,1,FA,4 days,0.043322759221247745,0.1507537688442211,1.3375281167743478,8.87226984126984
969,CMP-00970,Q4_Launch_CMP-00970,2023-10-25,2023-10-29,Google Ads,7229,316,570.35,49.0,0,GO,4 days,0.043712823350394246,0.1550632911392405,1.8049050632911394,11.639795918367348
970,CMP-00971,Q4_Launch_CMP-00971,2023-02-17,2023-02-23,Google Ads,57793,1236,1306.85,130.0,1,GO,6 days,0.02138667312650321,0.10517799352750809,1.0573220064724917,10.052692307692308
971,CMP-00972,Q3_BlackFriday_CMP-00972,2023-12-07,2023-12-12,Facebook,48915,1394,1981.71,73.0,0,FA,5 days,0.028498415618930798,0.05236728837876614,1.4215997130559541,27.146712328767123
973,CMP-00974,Q2_Winter_CMP-00974,2023-04-19,2023-05-13,TikTok,4596,86,84.17,4.0,0,TI,24 days,0.018711923411662314,0.046511627906976744,0.9787209302325581,21.0425
974,CMP-00975,Q3_Winter_CMP-00975,2023-05-26,2023-06-15,Instagram,7168,185,222.9,26.0,0,IN,20 days,0.025809151785714284,0.14054054054054055,1.204864864864865,8.573076923076924
975,CMP-00976,Q4_Launch_CMP-00976,2023-10-12,2023-10-17,Email,8561,100,125.37,7.0,1,EM,5 days,0.011680878402055835,0.07,1.2537,17.91
976,CMP-00977,Q4_BlackFriday_CMP-00977,2023-12-16,2023-12-17,Email,74794,1579,1265.03,212.0,0,EM,1 days,0.02111131908976656,0.13426219126029132,0.8011589613679544,5.967122641509434
977,CMP-00978,Q1_Launch_CMP-00978,2023-11-17,2023-12-02,Instagram,83152,3547,3449.51,445.0,1,IN,15 days,0.04265682124302482,0.12545813363405695,0.972514801240485,7.75170786516854
978,CMP-00979,Q3_Winter_CMP-00979,2023-03-05,2023-03-21,Google Ads,27734,593,1000.46,30.0,1,GO,16 days,0.021381697555347228,0.050590219224283306,1.6871163575042158,33.34866666666667
979,CMP-00980,Q1_BlackFriday_CMP-00980,2023-08-22,2023-09-03,Email,7371,314,588.34,32.0,1,EM,12 days,0.042599375932709266,0.10191082802547771,1.8736942675159236,18.385625
980,CMP-00981,Q4_BlackFriday_CMP-00981,2023-08-08,2023-09-03,TikTok,27069,846,879.58,118.0,0,TI,26 days,0.03125346337138424,0.13947990543735225,1.0396926713947992,7.45406779661017
982,CMP-00983,Q2_Launch_CMP-00983,2023-05-21,2023-06-04,Email,13910,458,363.1,83.0,1,EM,14 days,0.032925952552120774,0.1812227074235808,0.7927947598253275,4.3746987951807235
983,CMP-00984,Q3_Winter_CMP-00984,2023-07-04,2023-07-05,Google Ads,74479,833,1264.27,102.0,1,GO,1 days,0.011184360692275675,0.12244897959183673,1.5177310924369747,12.394803921568627
984,CMP-00985,Q1_Winter_CMP-00985,2023-11-29,2023-12-22,Instagram,78735,2914,2869.27,464.0,0,IN,23 days,0.037010224169683116,0.15923129718599863,0.9846499656829101,6.183771551724138
985,CMP-00986,Q4_BlackFriday_CMP-00986,2023-06-01,2023-06-06,TikTok,82264,970,1922.18,94.0,1,TI,5 days,0.01179130603909365,0.09690721649484536,1.9816288659793815,20.44872340425532
986,CMP-00987,Q2_Summer_CMP-00987,2023-08-08,2023-09-06,Facebook,24275,680,672.2,68.0,1,FA,29 days,0.028012358393408855,0.1,0.988529411764706,9.88529411764706
987,CMP-00988,Q3_BlackFriday_CMP-00988,2023-01-01,2023-01-24,Instagram,73274,3456,3771.2,273.0,0,IN,23 days,0.04716543385102492,0.07899305555555555,1.0912037037037037,13.813919413919413
988,CMP-00989,Q1_BlackFriday_CMP-00989,2023-10-31,2023-11-12,TikTok,82449,1369,1923.45,183.0,1,TI,12 days,0.016604203810840643,0.13367421475529584,1.4050036523009497,10.510655737704917
989,CMP-00990,Q3_Summer_CMP-00990,2023-01-26,2023-05-01,Email,61004,1561,2657.64,151.0,0,EM,95 days,0.02558848600091797,0.09673286354900705,1.7025240230621397,17.60026490066225
990,CMP-00991,Q3_Summer_CMP-00991,2023-06-25,2023-07-13,Email,63981,2507,3019.12,157.0,1,EM,18 days,0.03918350760381988,0.06262465097726366,1.2042760271240527,19.230063694267514
991,CMP-00992,Q3_Launch_CMP-00992,2023-08-05,2023-08-09,TikTok,85659,3879,4398.72,592.0,1,TI,4 days,0.045284208314362764,0.15261665377674657,1.1339829853054912,7.43027027027027
992,CMP-00993,Q4_Summer_CMP-00993,2023-04-28,2023-05-12,Email,55553,2046,4078.61,319.0,0,EM,14 days,0.03682969416593163,0.15591397849462366,1.993455522971652,12.785611285266459
993,CMP-00994,Q3_BlackFriday_CMP-00994,2023-02-22,2023-03-10,TikTok,49447,1005,518.32,104.0,1,TI,16 days,0.02032479220175137,0.10348258706467661,0.5157412935323383,4.983846153846154
994,CMP-00995,Q1_Summer_CMP-00995,2023-06-03,2023-06-05,TikTok,35529,1314,2421.17,80.0,1,TI,2 days,0.03698387232964621,0.060882800608828,1.8425951293759513,30.264625000000002
995,CMP-00996,Q4_Launch_CMP-00996,2023-03-10,2023-03-19,TikTok,76703,1677,1213.66,191.0,1,TI,9 days,0.02186355162118822,0.1138938580799046,0.7237090041741205,6.354240837696335
996,CMP-00997,Q4_Winter_CMP-00997,2023-02-05,2023-05-16,Instagram,77090,2986,5013.16,347.0,0,IN,100 days,0.038733947334284605,0.11620897521768252,1.6788881446751507,14.4471469740634
997,CMP-00998,Q4_Summer_CMP-00998,2023-11-29,2023-12-17,TikTok,18260,879,1254.24,132.0,1,TI,18 days,0.04813800657174151,0.15017064846416384,1.4268941979522185,9.501818181818182
998,CMP-00999,Q1_BlackFriday_CMP-00999,2023-04-20,2023-05-13,Instagram,4812,186,188.38,18.0,1,IN,23 days,0.03865336658354115,0.0967741935483871,1.012795698924731,10.465555555555556
999,CMP-01000,Q1_Winter_CMP-01000,2023-07-30,2023-08-13,Email,29024,1292,2339.57,196.0,1,EM,14 days,0.044514884233737596,0.15170278637770898,1.810812693498452,11.936581632653063
1000,CMP-01001,Q2_Winter_CMP-01001,2023-04-22,2023-04-25,Facebook,59656,601,312.14,108.0,0,FA,3 days,0.010074426713155425,0.17970049916805325,0.5193677204658902,2.890185185185185
1001,CMP-01002,Q1_Launch_CMP-01002,2023-02-21,2023-02-24,TikTok,28285,1094,919.0,93.0,0,TI,3 days,0.03867774438748453,0.0850091407678245,0.840036563071298,9.881720430107526
1002,CMP-01003,Q1_Summer_CMP-01003,2023-07-16,2023-07-19,Instagram,93436,4034,5447.27,794.0,1,IN,3 days,0.04317393724046406,0.1968269707486366,1.3503396132870602,6.8605415617128465
1003,CMP-01004,Q4_Summer_CMP-01004,2023-03-13,2023-03-22,Google Ads,2605,30,30.82,3.0,0,GO,9 days,0.011516314779270634,0.1,1.0273333333333334,10.273333333333333
1004,CMP-01005,Q3_Summer_CMP-01005,2023-05-08,2023-06-06,Facebook,72158,3237,4582.19,291.0,1,FA,29 days,0.04485989079519943,0.08989805375347544,1.4155668829162804,15.74635738831615
1005,CMP-01006,Q3_Winter_CMP-01006,2023-11-08,2023-11-30,TikTok,73303,1485,796.21,168.0,1,TI,22 days,0.02025837960247193,0.11313131313131314,0.5361683501683502,4.739345238095238
1006,CMP-01007,Q1_BlackFriday_CMP-01007,2023-01-14,2023-01-26,Google Ads,28139,1030,694.93,66.0,1,GO,12 days,0.03660400156366608,0.06407766990291262,0.6746893203883495,10.529242424242424
1007,CMP-01008,Q3_Winter_CMP-01008,2023-06-04,2023-06-20,Facebook,78149,3283,2267.39,226.0,1,FA,16 days,0.04200949468323331,0.06883947608894304,0.6906457508376485,10.032699115044247
1009,CMP-01010,Q4_Launch_CMP-01010,2023-01-28,2023-02-14,Google Ads,77125,1055,1254.39,173.0,0,GO,17 days,0.013679092382495948,0.16398104265402844,1.1889952606635072,7.250809248554914
1010,CMP-01011,Q1_Summer_CMP-01011,2023-05-03,2023-06-02,TikTok,14918,505,822.24,93.0,0,TI,30 days,0.033851722751039016,0.18415841584158416,1.6281980198019803,8.841290322580646
1011,CMP-01012,Q2_Winter_CMP-01012,2023-09-13,2023-09-21,Instagram,86655,2771,5149.37,414.0,1,IN,8 days,0.03197738157059604,0.14940454709491158,1.8583074702273548,12.438091787439614
1012,CMP-01013,Q3_Summer_CMP-01013,2023-01-07,2023-02-06,Email,28446,1308,2293.0,86.0,0,EM,30 days,0.04598186036701118,0.06574923547400612,1.753058103975535,26.662790697674417
1013,CMP-01014,Q2_Launch_CMP-01014,2023-03-09,2023-04-08,Google Ads,14046,367,291.89,55.0,1,GO,30 days,0.026128435141677345,0.14986376021798364,0.7953405994550409,5.307090909090909
1014,CMP-01015,Q1_BlackFriday_CMP-01015,2023-07-30,2023-08-04,Instagram,25818,589,684.26,85.0,0,IN,5 days,0.02281354094042916,0.14431239388794567,1.1617317487266554,8.050117647058823
1015,CMP-01016,Q2_Launch_CMP-01016,2023-08-30,2023-09-04,TikTok,5324,212,169.41,36.0,1,TI,5 days,0.039819684447783624,0.16981132075471697,0.7991037735849057,4.7058333333333335
1017,CMP-01018,Q3_BlackFriday_CMP-01018,2023-04-21,2023-04-22,Facebook,10111,362,454.43,65.0,0,FA,1 days,0.03580259123726634,0.17955801104972377,1.2553314917127072,6.99123076923077
1018,CMP-01019,Q3_Summer_CMP-01019,2023-01-31,2023-02-06,Unknown,39110,1402,844.23,157.0,1,XX,6 days,0.03584760930708259,0.11198288159771755,0.6021611982881598,5.377261146496815
1019,CMP-01020,Q3_Launch_CMP-01020,2023-05-27,2023-05-30,TikTok,17389,791,654.36,122.0,0,TI,3 days,0.04548852722985795,0.15423514538558786,0.8272566371681416,5.363606557377049
1021,CMP-01022,Q1_Summer_CMP-01022,2023-11-19,2023-11-24,Email,80579,2424,2906.8,484.0,1,EM,5 days,0.030082279502103525,0.19966996699669967,1.1991749174917492,6.005785123966943
1022,CMP-01023,Q1_Winter_CMP-01023,2023-05-23,2023-06-14,Instagram,29746,462,539.65,35.0,1,IN,22 days,0.015531500033617966,0.07575757575757576,1.168073593073593,15.418571428571427
1023,CMP-01024,Q1_Winter_CMP-01024,2023-02-10,2023-02-17,TikTok,88886,1300,678.41,66.0,1,TI,7 days,0.014625475327948159,0.05076923076923077,0.5218538461538461,10.278939393939394
1024,CMP-01025,Q3_Summer_CMP-01025,2023-03-21,2023-04-05,TikTok,1117,18,15.68,1.0,0,TI,15 days,0.01611459265890779,0.05555555555555555,0.8711111111111111,15.68
1025,CMP-01026,Q2_Summer_CMP-01026,2023-11-21,2023-12-13,Google Ads,85471,1442,2594.79,239.0,0,GO,22 days,0.016871219477951584,0.16574202496532595,1.7994382801664355,10.856861924686193
1026,CMP-01027,Q2_BlackFriday_CMP-01027,2023-11-26,2023-12-14,Email,14234,505,377.21,59.0,1,EM,18 days,0.0354784319235633,0.11683168316831684,0.746950495049505,6.393389830508474
1027,CMP-01028,Q4_Summer_CMP-01028,2023-12-24,2024-01-05,TikTok,54441,2158,2422.76,252.0,1,TI,12 days,0.03963924248268768,0.11677479147358666,1.1226876737720113,9.614126984126985
1029,CMP-01030,Q2_Winter_CMP-01030,2023-02-14,2023-02-23,Facebook,11954,515,627.01,96.0,1,FA,9 days,0.043081813618872346,0.18640776699029127,1.2174951456310679,6.531354166666667
1030,CMP-01031,Q3_Summer_CMP-01031,2023-11-10,2023-11-26,TikTok,80239,3983,2117.09,385.0,0,TI,16 days,0.04963920288139184,0.09666080843585237,0.5315315089128798,5.498935064935066
1031,CMP-01032,Q4_BlackFriday_CMP-01032,2023-12-03,2023-12-06,Facebook,47514,2033,3515.9,165.0,1,FA,3 days,0.04278738898009008,0.08116084604033448,1.7294146581406789,21.30848484848485
1032,CMP-01033,Q2_BlackFriday_CMP-01033,2023-12-29,2024-01-24,Facebook,89236,3372,5858.11,597.0,0,FA,26 days,0.03778744004661796,0.17704626334519574,1.7372805456702254,9.812579564489111
1033,CMP-01034,Q2_BlackFriday_CMP-01034,2023-09-12,2023-10-04,Google Ads,98579,3085,5187.78,573.0,1,GO,22 days,0.031294697653658485,0.18573743922204214,1.681614262560778,9.05371727748691
1034,CMP-01035,Q4_Winter_CMP-01035,2023-05-13,2023-05-19,Facebook,7469,208,192.41,27.0,0,FA,6 days,0.02784844021957424,0.12980769230769232,0.9250480769230769,7.126296296296296
1035,CMP-01036,Q2_BlackFriday_CMP-01036,2023-05-18,2023-06-06,Facebook,31105,416,730.44,60.0,0,FA,19 days,0.013374055618067834,0.14423076923076922,1.7558653846153847,12.174000000000001
1036,CMP-01037,Q2_Winter_CMP-01037,2023-01-16,2023-01-30,Email,43101,1119,1470.92,99.0,1,EM,14 days,0.02596227465720053,0.08847184986595175,1.3144950848972297,14.857777777777779
1037,CMP-01038,Q3_BlackFriday_CMP-01038,2023-09-26,2023-09-30,Facebook,65323,3031,3215.02,515.0,0,FA,4 days,0.04640019594935934,0.16991092048828768,1.0607126360936985,6.242757281553398
1038,CMP-01039,Q4_BlackFriday_CMP-01039,2023-12-31,2024-01-18,Email,92922,3932,5654.2,569.0,1,EM,18 days,0.04231505994274768,0.14471007121057985,1.437995930824008,9.937082601054481
1039,CMP-01040,Q1_Launch_CMP-01040,2023-09-12,2023-09-14,TikTok,59067,1101,570.88,138.0,1,TI,2 days,0.018639849662247954,0.12534059945504086,0.5185104450499546,4.136811594202898
1040,CMP-01041,Q3_BlackFriday_CMP-01041,2023-09-13,2023-09-21,Facebook,50376,1443,1030.94,85.0,1,FA,8 days,0.02864459266317294,0.058905058905058906,0.7144421344421344,12.128705882352941
1041,CMP-01042,Q3_Launch_CMP-01042,2023-03-22,2023-03-29,Email,46587,1987,3205.91,372.0,1,EM,7 days,0.04265138343314659,0.1872169099144439,1.6134423754403622,8.618037634408601
1042,CMP-01043,Q2_Summer_CMP-01043,2023-10-21,2023-10-26,Unknown,37976,482,417.53,68.0,1,XX,5 days,0.012692226669475459,0.14107883817427386,0.8662448132780083,6.140147058823529
1043,CMP-01044,Q4_Winter_CMP-01044,2023-09-18,2023-09-28,Instagram,68584,1748,2441.98,137.0,0,IN,10 days,0.025486994051090634,0.07837528604118993,1.3970137299771168,17.824671532846715
1044,CMP-01045,Q2_Launch_CMP-01045,2023-01-07,2023-01-12,Email,79477,3502,3773.94,493.0,1,EM,5 days,0.04406306226958743,0.1407766990291262,1.0776527698458025,7.6550507099391485
1045,CMP-01046,Q3_BlackFriday_CMP-01046,2023-07-16,2023-08-09,Email,43533,1138,2028.15,172.0,1,EM,24 days,0.026141088369742493,0.15114235500878734,1.7822056239015818,11.79156976744186
1046,CMP-01047,Q2_BlackFriday_CMP-01047,2023-01-19,2023-02-11,TikTok,2828,37,71.36,4.0,0,TI,23 days,0.013083451202263084,0.10810810810810811,1.9286486486486487,17.84
1047,CMP-01048,Q3_Summer_CMP-01048,2023-12-02,2023-12-15,TikTok,2917,92,167.93,14.0,1,TI,13 days,0.03153925265683922,0.15217391304347827,1.8253260869565218,11.995000000000001
1048,CMP-01049,Q2_BlackFriday_CMP-01049,2023-08-02,2023-08-03,Facebook,21618,961,870.6,131.0,1,FA,1 days,0.04445369599407901,0.13631633714880334,0.9059313215400625,6.645801526717557
1049,CMP-01050,Q2_Launch_CMP-01050,2023-02-09,2023-02-21,Instagram,33254,1117,883.82,214.0,0,IN,12 days,0.03358994406687917,0.19158460161145927,0.7912444046553269,4.13
1050,CMP-01051,Q3_Summer_CMP-01051,2023-12-11,2023-12-13,Email,48362,921,1115.93,53.0,1,EM,2 days,0.019043877424424135,0.05754614549402823,1.2116503800217155,21.055283018867925
1051,CMP-01052,Q1_Winter_CMP-01052,2023-09-22,2023-10-09,Google Ads,21128,536,273.9,35.0,1,GO,17 days,0.025369178341537298,0.06529850746268656,0.5110074626865672,7.825714285714285
1052,CMP-01053,Q4_Winter_CMP-01053,2023-02-05,2023-03-03,Facebook,60383,1691,910.97,128.0,0,FA,26 days,0.028004570822913733,0.07569485511531639,0.5387167356593732,7.116953125
1053,CMP-01054,Q4_BlackFriday_CMP-01054,2023-06-09,2023-06-10,Google Ads,66545,2207,2935.17,338.0,1,GO,1 days,0.033165527086933655,0.15314907113729043,1.3299365654734934,8.683934911242604
1054,CMP-01055,Q3_Launch_CMP-01055,2023-01-05,2023-01-09,Google Ads,83180,3358,4300.5,493.0,1,GO,4 days,0.04037028131762443,0.14681357951161406,1.2806730196545564,8.723123732251521
1055,CMP-01056,Q1_BlackFriday_CMP-01056,2023-06-05,2023-06-22,Instagram,88958,1241,2471.91,228.0,0,IN,17 days,0.013950403561231143,0.18372280419016923,1.9918694601128122,10.841710526315788
1056,CMP-01057,Q1_BlackFriday_CMP-01057,2023-07-08,2023-07-30,TikTok,10865,495,397.37,79.0,0,TI,22 days,0.04555913483663138,0.1595959595959596,0.8027676767676768,5.03
1057,CMP-01058,Q1_Winter_CMP-01058,2023-04-11,2023-04-20,Facebook,3219,33,29.28,4.0,1,FA,9 days,0.010251630941286114,0.12121212121212122,0.8872727272727273,7.32
1058,CMP-01059,Q4_Launch_CMP-01059,2023-05-06,2023-05-25,Google Ads,40809,1012,678.35,201.0,0,GO,19 days,0.0247984513220123,0.19861660079051383,0.6703063241106719,3.3748756218905474
1059,CMP-01060,Q3_BlackFriday_CMP-01060,2023-01-13,2023-01-30,Facebook,6287,69,129.47,6.0,1,FA,17 days,0.010975027835215524,0.08695652173913043,1.8763768115942028,21.578333333333333
1060,CMP-01061,Q1_Winter_CMP-01061,2023-12-22,2023-12-23,Facebook,35387,910,1516.71,159.0,0,FA,1 days,0.025715658292593327,0.17472527472527472,1.6667142857142858,9.539056603773584
1061,CMP-01062,Q3_BlackFriday_CMP-01062,2023-01-01,2023-01-11,TikTok,9512,295,511.39,33.0,1,TI,10 days,0.031013456686291,0.11186440677966102,1.7335254237288136,15.496666666666666
1062,CMP-01063,Q2_Launch_CMP-01063,2023-06-07,2023-07-06,Google Ads,2342,71,131.64,10.0,1,GO,29 days,0.03031596925704526,0.14084507042253522,1.8540845070422534,13.163999999999998
1063,CMP-01064,Q2_Summer_CMP-01064,2023-05-02,2023-05-28,Facebook,64076,1065,1371.03,169.0,1,FA,26 days,0.016620887695861165,0.15868544600938966,1.2873521126760563,8.112603550295859
1064,CMP-01065,Q4_Launch_CMP-01065,2023-03-14,2023-03-19,Instagram,20216,724,852.0,105.0,0,IN,5 days,0.03581321725366047,0.14502762430939226,1.1767955801104972,8.114285714285714
1065,CMP-01066,Q4_Launch_CMP-01066,2023-04-29,2023-05-10,Email,94070,1109,1104.11,78.0,0,EM,11 days,0.0117890932284469,0.0703336339044184,0.995590622182146,14.15525641025641
1066,CMP-01067,Q4_Winter_CMP-01067,2023-12-25,2024-01-24,Email,80767,3269,4523.71,380.0,0,EM,30 days,0.040474451199128354,0.11624349954114407,1.3838207402875498,11.9045
1067,CMP-01068,Q3_BlackFriday_CMP-01068,2023-02-13,2023-02-21,TikTok,98829,4730,5588.11,634.0,0,TI,8 days,0.04786044582055874,0.13403805496828752,1.1814186046511628,8.814053627760252
1068,CMP-01069,Q3_Launch_CMP-01069,2023-11-23,2023-12-21,Google Ads,27614,651,766.45,115.0,0,GO,28 days,0.023574998189324257,0.17665130568356374,1.177342549923195,6.664782608695653
1069,CMP-01070,Q4_BlackFriday_CMP-01070,2023-10-18,2023-11-03,TikTok,37258,1143,2177.86,133.0,1,TI,16 days,0.030677975199957058,0.1163604549431321,1.9053893263342083,16.374887218045114
1070,CMP-01071,Q1_Winter_CMP-01071,2023-12-06,2024-01-01,Facebook,94789,2384,4710.9,447.0,1,FA,26 days,0.025150597643186445,0.1875,1.9760486577181207,10.538926174496643
1071,CMP-01072,Q1_Launch_CMP-01072,2023-05-14,2023-05-21,TikTok,43078,442,749.07,51.0,1,TI,7 days,0.010260457774269928,0.11538461538461539,1.6947285067873303,14.687647058823531
1072,CMP-01073,Q4_BlackFriday_CMP-01073,2023-07-21,2023-07-28,Facebook,84524,2149,3513.91,284.0,1,FA,7 days,0.02542473143722493,0.1321544904606794,1.6351372731503024,12.372922535211266
1073,CMP-01074,Q4_Summer_CMP-01074,2023-06-12,2023-07-04,Unknown,97573,4065,6182.2,688.0,1,INVALID,22 days,0.04166111526754328,0.16924969249692498,1.5208364083640835,8.985755813953489
1074,CMP-01075,Q2_Winter_CMP-01075,2023-04-14,2023-04-30,Instagram,13219,447,334.85,61.0,1,IN,16 days,0.03381496331038657,0.13646532438478748,0.7491051454138703,5.4893442622950825
1075,CMP-01076,Q3_Winter_CMP-01076,2023-02-25,2023-03-13,Instagram,1235,17,10.01,3.0,1,IN,16 days,0.013765182186234818,0.17647058823529413,0.5888235294117647,3.3366666666666664
1076,CMP-01077,Q2_Winter_CMP-01077,2023-08-27,2023-09-12,TikTok,43929,1927,2960.04,287.0,0,TI,16 days,0.043866238703362245,0.14893617021276595,1.5360871821484172,10.313728222996515
1077,CMP-01078,Q3_Summer_CMP-01078,2023-07-03,2023-07-10,Email,68444,2138,3406.22,274.0,1,EM,7 days,0.031237215826076793,0.12815715622076707,1.5931805425631431,12.431459854014598
1078,CMP-01079,Q1_BlackFriday_CMP-01079,2023-06-07,2023-06-11,Instagram,9567,417,237.88,22.0,0,IN,4 days,0.04358733145186579,0.05275779376498801,0.5704556354916067,10.812727272727273
1079,CMP-01080,Q2_BlackFriday_CMP-01080,2023-02-16,2023-02-22,Instagram,71792,2384,4510.71,267.0,0,IN,6 days,0.03320704256741698,0.11199664429530201,1.8920763422818792,16.894044943820226
1080,CMP-01081,Q4_Launch_CMP-01081,2023-12-27,2024-01-09,Email,66441,2151,1369.57,204.0,0,EM,13 days,0.03237458798031336,0.09483960948396095,0.6367131566713157,6.713578431372548
1082,CMP-01083,Q1_Winter_CMP-01083,2023-02-28,2023-07-02,Facebook,74698,1247,1881.21,101.0,1,FA,124 days,0.016693887386543146,0.0809943865276664,1.5085886126704091,18.625841584158415
1083,CMP-01084,Q2_Winter_CMP-01084,2023-06-03,2023-06-24,Email,6415,313,236.26,25.0,0,EM,21 days,0.04879189399844115,0.07987220447284345,0.7548242811501598,9.4504
1084,CMP-01085,Q3_BlackFriday_CMP-01085,2023-01-11,2023-01-16,Instagram,37159,711,414.6,55.0,1,IN,5 days,0.01913399176511747,0.07735583684950774,0.5831223628691984,7.538181818181819
1085,CMP-01086,Q1_Winter_CMP-01086,2023-10-12,2023-11-09,TikTok,44925,2205,2197.77,151.0,1,TI,28 days,0.04908180300500835,0.06848072562358276,0.9967210884353741,14.55476821192053
1086,CMP-01087,Q2_Winter_CMP-01087,2023-08-25,2023-09-20,Google Ads,6951,217,357.82,20.0,0,GO,26 days,0.03121852970795569,0.09216589861751152,1.6489400921658985,17.891
1087,CMP-01088,Q4_Summer_CMP-01088,2023-03-07,2023-04-03,TikTok,88388,1363,1527.27,249.0,0,TI,27 days,0.015420645336471014,0.18268525311812178,1.120520909757887,6.133614457831325
1088,CMP-01089,Q2_Winter_CMP-01089,2023-04-24,2023-04-29,Instagram,9007,125,184.93,20.0,0,IN,5 days,0.013878094815143778,0.16,1.47944,9.246500000000001
1089,CMP-01090,Q3_Summer_CMP-01090,2023-07-10,2023-08-01,Email,42832,786,1076.37,125.0,0,EM,22 days,0.018350765782592454,0.15903307888040713,1.3694274809160305,8.610959999999999
1090,CMP-01091,Q4_Winter_CMP-01091,2023-02-13,2023-02-18,Instagram,59596,2802,1494.38,475.0,0,IN,5 days,0.04701657829384522,0.16952177016416844,0.5333261955745896,3.146063157894737
1091,CMP-01092,Q3_Summer_CMP-01092,2023-03-08,2023-08-02,Email,31523,837,1659.61,75.0,1,EM,147 days,0.026552041366621197,0.08960573476702509,1.9828076463560333,22.12813333333333
1092,CMP-01093,Q4_Launch_CMP-01093,2023-02-03,2023-02-20,Facebook,89861,2319,1303.61,424.0,0,FA,17 days,0.025806523408375158,0.18283742992669255,0.5621431651573954,3.0745518867924524
1093,CMP-01094,Q2_Launch_CMP-01094,2023-03-12,2023-07-03,Facebook,87740,1976,3856.57,139.0,0,FA,113 days,0.02252108502393435,0.07034412955465587,1.9517054655870447,27.745107913669067
1094,CMP-01095,Q4_Launch_CMP-01095,2023-06-19,2023-07-17,Email,16524,262,347.1,26.0,0,EM,28 days,0.015855725006051802,0.09923664122137404,1.3248091603053436,13.350000000000001
1096,CMP-01097,Q4_Winter_CMP-01097,2023-07-22,2023-07-25,Email,24930,378,254.07,24.0,1,EM,3 days,0.01516245487364621,0.06349206349206349,0.6721428571428572,10.58625
1099,CMP-01100,Q3_Launch_CMP-01100,2023-03-18,2023-03-21,TikTok,17984,449,258.83,75.0,1,TI,3 days,0.024966637010676158,0.16703786191536749,0.5764587973273941,3.4510666666666663
1100,CMP-01101,Q4_Summer_CMP-01101,2023-11-14,2023-12-03,Google Ads,15060,436,621.86,54.0,0,GO,19 days,0.02895086321381142,0.12385321100917432,1.4262844036697249,11.515925925925925
1102,CMP-01103,Q1_Winter_CMP-01103,2023-01-02,2023-02-09,Google Ads,85056,4235,5850.85,678.0,0,GO,38 days,0.049790726109857034,0.16009445100354192,1.3815466351829988,8.629572271386431
1104,CMP-01105,Q3_BlackFriday_CMP-01105,2023-09-27,2023-10-22,Facebook,60207,814,812.36,100.0,1,FA,25 days,0.013520022588735529,0.12285012285012285,0.9979852579852581,8.1236
1105,CMP-01106,Q3_Summer_CMP-01106,2023-10-06,2023-10-20,Facebook,76046,2606,4358.4,159.0,1,FA,14 days,0.034268732083212794,0.06101304681504221,1.6724481964696851,27.41132075471698
1106,CMP-01107,Q4_Summer_CMP-01107,2024-01-01,2024-01-28,Instagram,30287,486,561.61,69.0,0,IN,27 days,0.016046488592465415,0.1419753086419753,1.1555761316872428,8.139275362318841
1107,CMP-01108,Q2_Winter_CMP-01108,2023-09-06,2023-09-27,TikTok,94709,1064,1533.88,159.0,1,TI,21 days,0.011234412780200403,0.14943609022556392,1.4416165413533835,9.647044025157234
1108,CMP-01109,Q4_Winter_CMP-01109,2023-06-14,2023-06-26,Email,40711,1987,2923.25,212.0,1,EM,12 days,0.04880744761857975,0.10669350780070458,1.4711877201811776,13.788915094339623
1109,CMP-01110,Q1_Winter_CMP-01110,2023-06-08,2023-06-13,Facebook,12954,530,935.79,102.0,1,FA,5 days,0.040914003396634244,0.19245283018867926,1.7656415094339621,9.174411764705882
1110,CMP-01111,Q3_Launch_CMP-01111,2023-05-24,2023-06-20,TikTok,74340,3657,3610.86,662.0,1,TI,27 days,0.049192897497982245,0.18102269619907027,0.987383100902379,5.4544712990936555
1111,CMP-01112,Q1_BlackFriday_CMP-01112,2023-08-30,2023-09-08,Google Ads,73101,2128,3257.85,332.0,0,GO,9 days,0.029110408886335343,0.15601503759398497,1.5309445488721805,9.812801204819277
1112,CMP-01113,Q4_Winter_CMP-01113,2023-04-30,2023-05-14,TikTok,72520,2269,4407.36,356.0,1,TI,14 days,0.03128792057363486,0.15689731159100925,1.9424239753195238,12.380224719101122
1113,CMP-01114,Q4_Winter_CMP-01114,2023-12-03,2023-12-05,Google Ads,88062,1473,2349.97,129.0,0,GO,2 days,0.016726851536417522,0.08757637474541752,1.5953632043448742,18.216821705426355
1114,CMP-01115,Q3_BlackFriday_CMP-01115,2023-01-29,2023-02-23,Facebook,19574,389,480.34,57.0,0,FA,25 days,0.019873301318074996,0.14652956298200515,1.2348071979434447,8.427017543859648
1116,CMP-01117,Q1_BlackFriday_CMP-01117,2023-07-01,2023-07-03,TikTok,20096,487,783.84,34.0,0,TI,2 days,0.024233678343949044,0.06981519507186858,1.6095277207392198,23.054117647058824
1117,CMP-01118,Q4_Winter_CMP-01118,2023-03-30,2023-04-27,Facebook,68728,2960,4198.5,591.0,1,FA,28 days,0.04306832731928763,0.19966216216216215,1.4184121621621621,7.104060913705584
1118,CMP-01119,Q2_Launch_CMP-01119,2023-12-24,2024-01-04,Google Ads,35016,1343,705.09,192.0,0,GO,11 days,0.03835389536212017,0.14296351451973194,0.5250111690245719,3.67234375
1119,CMP-01120,Q1_Launch_CMP-01120,2023-12-27,2024-01-21,Email,12246,209,165.56,23.0,1,EM,25 days,0.01706679732157439,0.11004784688995216,0.7921531100478469,7.1982608695652175
1120,CMP-01121,Q1_BlackFriday_CMP-01121,2023-10-16,2023-10-29,Instagram,46558,1410,2419.14,131.0,1,IN,13 days,0.030284806048369774,0.09290780141843971,1.7157021276595743,18.466717557251908
1121,CMP-01122,Q1_Launch_CMP-01122,2023-09-10,2023-09-11,TikTok,19381,718,652.64,100.0,0,TI,1 days,0.03704659202311542,0.1392757660167131,0.9089693593314763,6.5264
1122,CMP-01123,Q1_Winter_CMP-01123,2023-01-20,2023-01-27,Facebook,37455,726,1159.67,41.0,1,FA,7 days,0.019383259911894272,0.05647382920110193,1.5973415977961434,28.284634146341464
1123,CMP-01124,Q3_Winter_CMP-01124,2023-04-30,2023-05-22,Email,93263,4031,4265.52,258.0,1,EM,22 days,0.04322185647041163,0.06400396923840238,1.0581791118829076,16.533023255813955
1124,CMP-01125,Q4_Launch_CMP-01125,2023-02-09,2023-09-26,Instagram,5018,159,203.97,8.0,0,IN,229 days,0.03168593064966122,0.050314465408805034,1.2828301886792453,25.49625
1126,CMP-01127,Q4_Launch_CMP-01127,2023-04-01,2023-04-13,Google Ads,68506,2282,1761.34,319.0,1,GO,12 days,0.03331095086561761,0.13978965819456618,0.771840490797546,5.521442006269592
1127,CMP-01128,Q1_BlackFriday_CMP-01128,2023-06-15,2023-06-28,TikTok,42157,2107,4078.72,125.0,0,TI,13 days,0.04997983727494841,0.05932605600379687,1.9357949691504508,32.62976
1128,CMP-01129,Q4_BlackFriday_CMP-01129,2023-03-17,2023-04-01,Instagram,55917,895,1642.51,141.0,1,IN,15 days,0.016005865836865352,0.15754189944134078,1.8352067039106146,11.649007092198582
1129,CMP-01130,Q1_Launch_CMP-01130,2023-02-26,2023-03-18,Email,93738,3999,5912.17,338.0,0,EM,20 days,0.04266146066696537,0.08452113028257065,1.4784121030257564,17.491627218934912
1130,CMP-01131,Q3_Launch_CMP-01131,2023-02-07,2023-03-06,Email,97646,1786,2124.39,272.0,1,EM,27 days,0.01829055977715421,0.1522956326987682,1.1894680851063828,7.810257352941176
1131,CMP-01132,Q3_BlackFriday_CMP-01132,2023-07-22,2023-08-19,Facebook,84122,3473,5256.88,685.0,1,FA,28 days,0.04128527614654906,0.19723581917650446,1.5136423841059603,7.6742773722627735
1132,CMP-01133,Q1_Winter_CMP-01133,2023-06-15,2023-06-23,Facebook,25519,1005,1435.06,154.0,1,FA,8 days,0.039382420941259454,0.15323383084577114,1.4279203980099502,9.318571428571428
1133,CMP-01134,Q4_Launch_CMP-01134,2023-08-12,2023-09-05,Email,97809,2153,2912.64,392.0,1,EM,24 days,0.02201228925763478,0.18207152810032512,1.35282861124013,7.4302040816326524
1134,CMP-01135,Q1_Winter_CMP-01135,2023-11-29,2023-12-29,Email,88487,2038,1199.9,391.0,1,EM,30 days,0.02303163176511804,0.1918547595682041,0.5887634936211973,3.0687979539641947
1135,CMP-01136,Q1_BlackFriday_CMP-01136,2023-10-15,2023-10-20,Google Ads,57819,2411,3494.03,296.0,1,GO,5 days,0.04169909545305177,0.12277063459145583,1.4492036499377852,11.804155405405407
1136,CMP-01137,Q3_Winter_CMP-01137,2023-07-02,2023-07-18,Facebook,81910,2330,3852.38,361.0,0,FA,16 days,0.02844585520693444,0.15493562231759656,1.653381974248927,10.671412742382271
1137,CMP-01138,Q4_Launch_CMP-01138,2023-03-31,2023-04-20,Email,72324,2837,5648.81,504.0,1,EM,20 days,0.03922625960953487,0.17765244977088473,1.9911209023616498,11.20795634920635
1139,CMP-01140,Q3_Summer_CMP-01140,2023-12-26,2024-01-12,Facebook,60379,2662,4246.58,237.0,0,FA,17 days,0.04408817635270541,0.08903080390683696,1.5952592036063111,17.918059071729957
1140,CMP-01141,Q1_Launch_CMP-01141,2023-10-18,2023-11-16,Facebook,26053,1001,1359.04,192.0,0,FA,29 days,0.03842167888534909,0.1918081918081918,1.3576823176823176,7.078333333333333
1143,CMP-01144,Q3_Launch_CMP-01144,2023-09-12,2023-10-10,Email,99723,3362,3744.02,394.0,1,EM,28 days,0.03371338607944005,0.11719214753123142,1.1136287923854848,9.50258883248731
1144,CMP-01145,Q3_BlackFriday_CMP-01145,2023-05-02,2023-05-27,Google Ads,52356,1778,1834.12,301.0,1,GO,25 days,0.033959813583925434,0.16929133858267717,1.0315635545556805,6.093421926910299
1145,CMP-01146,Q1_BlackFriday_CMP-01146,2023-11-22,2023-12-13,Facebook,11789,284,271.01,37.0,1,FA,21 days,0.02409025362626177,0.13028169014084506,0.9542605633802816,7.324594594594594
1146,CMP-01147,Q2_BlackFriday_CMP-01147,2023-12-29,2024-01-04,Instagram,98720,2797,4464.91,412.0,1,IN,6 days,0.028332658022690436,0.1473006792992492,1.596321058276725,10.837160194174757
1147,CMP-01148,Q3_Launch_CMP-01148,2023-06-21,2023-06-29,TikTok,67656,779,1208.3,127.0,0,TI,8 days,0.011514130306255173,0.16302952503209242,1.5510911424903722,9.514173228346456
1148,CMP-01149,Q1_Launch_CMP-01149,2023-05-08,2023-05-28,Google Ads,45028,1793,2480.67,256.0,1,GO,20 days,0.03981966776228125,0.14277746793084217,1.3835303959843837,9.6901171875
1149,CMP-01150,Q3_BlackFriday_CMP-01150,2023-02-25,2023-03-14,Instagram,65484,2093,3993.44,274.0,0,IN,17 days,0.0319620059861951,0.1309125656951744,1.9079980888676542,14.574598540145985
1152,CMP-01153,Q4_Winter_CMP-01153,2023-10-07,2023-11-01,TikTok,3336,95,140.97,13.0,1,TI,25 days,0.028477218225419664,0.1368421052631579,1.4838947368421052,10.843846153846155
1153,CMP-01154,Q2_Summer_CMP-01154,2023-10-23,2023-10-26,Instagram,68779,782,624.21,81.0,0,IN,3 days,0.011369749487488914,0.10358056265984655,0.7982225063938619,7.706296296296297
1154,CMP-01155,Q1_Winter_CMP-01155,2023-03-25,2023-04-08,Google Ads,20029,977,950.15,108.0,1,GO,14 days,0.0487792700584153,0.1105424769703173,0.972517911975435,8.797685185185186
1155,CMP-01156,Q2_Launch_CMP-01156,2023-01-18,2023-02-07,Facebook,60201,2887,2416.14,564.0,0,FA,20 days,0.04795601401970067,0.19535850363699342,0.8369033598891582,4.283936170212765
1156,CMP-01157,Q4_BlackFriday_CMP-01157,2023-02-23,2023-02-24,TikTok,33265,1015,612.79,67.0,1,TI,1 days,0.030512550728994437,0.06600985221674877,0.6037339901477832,9.146119402985073
1158,CMP-01159,Q2_Launch_CMP-01159,2023-02-08,2023-02-11,Google Ads,47197,1896,1671.91,234.0,0,GO,3 days,0.04017204483335805,0.12341772151898735,0.8818090717299578,7.14491452991453
1159,CMP-01160,Q1_Summer_CMP-01160,2023-02-17,2023-03-07,Instagram,56180,1667,2016.31,292.0,1,IN,18 days,0.029672481310074758,0.17516496700659867,1.2095440911817636,6.905171232876712
1160,CMP-01161,Q3_BlackFriday_CMP-01161,2023-09-05,2023-09-08,Instagram,24710,546,308.48,40.0,1,IN,3 days,0.02209631728045326,0.07326007326007326,0.564981684981685,7.712000000000001
1161,CMP-01162,Q1_Winter_CMP-01162,2023-12-01,2023-12-24,Facebook,30486,904,1400.3,82.0,1,FA,23 days,0.029652955454962934,0.09070796460176991,1.549004424778761,17.076829268292684
1163,CMP-01164,Q1_BlackFriday_CMP-01164,2023-06-19,2023-07-14,Facebook,72895,2369,3830.92,369.0,0,FA,25 days,0.032498799643322585,0.15576192486281132,1.6171042634022794,10.38189701897019
1164,CMP-01165,Q3_Launch_CMP-01165,2023-12-23,2023-12-28,Email,65435,1809,2023.56,155.0,1,EM,5 days,0.027645755329716512,0.08568269762299613,1.1186069651741293,13.055225806451613
1165,CMP-01166,Q4_Summer_CMP-01166,2023-10-04,2023-10-29,Facebook,41631,1425,1130.93,154.0,0,FA,25 days,0.03422930028104057,0.1080701754385965,0.7936350877192982,7.3437012987012995
1166,CMP-01167,Q2_BlackFriday_CMP-01167,2023-02-05,2023-05-23,Email,21103,986,1251.99,114.0,0,EM,107 days,0.04672321470880918,0.11561866125760649,1.2697667342799188,10.982368421052632
1167,CMP-01168,Q1_Launch_CMP-01168,2023-07-21,2023-07-23,Facebook,65772,1610,1120.17,295.0,1,FA,2 days,0.02447850148999574,0.18322981366459629,0.6957577639751553,3.7971864406779665
1168,CMP-01169,Q1_Winter_CMP-01169,2023-03-20,2023-04-01,TikTok,15382,600,696.49,67.0,1,TI,12 days,0.03900663112729164,0.11166666666666666,1.1608166666666666,10.395373134328358
1169,CMP-01170,Q3_BlackFriday_CMP-01170,2023-01-02,2023-01-11,Facebook,85291,3904,3810.14,280.0,1,FA,9 days,0.04577270755413818,0.07172131147540983,0.9759579918032787,13.607642857142856
1170,CMP-01171,Q2_Summer_CMP-01171,2023-12-05,2023-12-18,Facebook,4756,134,250.3,17.0,0,FA,13 days,0.028174936921783012,0.12686567164179105,1.867910447761194,14.723529411764707
1171,CMP-01172,Q3_Launch_CMP-01172,2023-02-19,2023-02-28,TikTok,21609,599,354.24,116.0,1,TI,9 days,0.027719931510018975,0.19365609348914858,0.5913856427378965,3.053793103448276
1172,CMP-01173,Q2_Launch_CMP-01173,2023-03-29,2023-04-13,Email,17478,595,916.91,83.0,0,EM,15 days,0.034042796658656595,0.13949579831932774,1.5410252100840336,11.04710843373494
1173,CMP-01174,Q3_Winter_CMP-01174,2023-08-31,2023-09-21,Facebook,40666,1368,1059.01,270.0,1,FA,21 days,0.03363989573599567,0.19736842105263158,0.7741301169590643,3.9222592592592593
1174,CMP-01175,Q3_Summer_CMP-01175,2023-07-23,2023-08-18,Facebook,76683,3240,3170.56,570.0,1,FA,26 days,0.04225186808027855,0.17592592592592593,0.9785679012345679,5.562385964912281
1175,CMP-01176,Q4_Winter_CMP-01176,2023-05-16,2023-06-15,Google Ads,72315,2101,2359.99,116.0,0,GO,30 days,0.02905344672612874,0.05521180390290338,1.1232698714897666,20.344741379310342
1176,CMP-01177,Q3_BlackFriday_CMP-01177,2023-10-06,2023-10-17,TikTok,78834,3929,7315.89,584.0,0,TI,11 days,0.04983890199660045,0.1486383303639603,1.8620234156273863,12.527208904109589
1177,CMP-01178,Q1_Launch_CMP-01178,2023-07-15,2023-07-25,TikTok,15153,187,161.54,17.0,0,TI,10 days,0.012340790602520952,0.09090909090909091,0.8638502673796791,9.50235294117647
1178,CMP-01179,Q2_Summer_CMP-01179,2023-05-15,2023-06-11,Email,77325,783,498.74,104.0,1,EM,27 days,0.010126091173617846,0.13282247765006386,0.6369604086845466,4.795576923076923
1179,CMP-01180,Q4_Winter_CMP-01180,2023-05-18,2023-06-05,Email,13999,498,487.06,45.0,1,E-,18 days,0.035573969569254946,0.09036144578313253,0.9780321285140562,10.823555555555556
1180,CMP-01181,Q3_BlackFriday_CMP-01181,2023-12-23,2024-01-12,TikTok,56318,1235,811.41,126.0,1,TI,20 days,0.021929045775773287,0.1020242914979757,0.6570121457489878,6.439761904761904
1181,CMP-01182,Q4_BlackFriday_CMP-01182,2023-06-26,2023-07-07,TikTok,1814,35,24.25,6.0,0,TI,11 days,0.019294377067254686,0.17142857142857143,0.6928571428571428,4.041666666666667
1182,CMP-01183,Q1_Winter_CMP-01183,2023-10-29,2023-11-28,Email,77077,1732,2356.86,140.0,1,EM,30 days,0.022471035458048447,0.08083140877598152,1.3607736720554273,16.834714285714288
1184,CMP-01185,Q3_Winter_CMP-01185,2023-10-02,2023-10-30,Google Ads,3443,38,20.76,2.0,1,GO,28 days,0.01103688643624746,0.05263157894736842,0.5463157894736842,10.38
1185,CMP-01186,Q1_BlackFriday_CMP-01186,2023-10-16,2023-10-21,Facebook,76993,3761,5910.87,239.0,1,FA,5 days,0.04884859662566727,0.06354692900824249,1.5716219090667376,24.731673640167365
1186,CMP-01187,Q4_Launch_CMP-01187,2023-02-10,2023-02-27,Email,76916,1448,1509.5,258.0,1,EM,17 days,0.018825731967340994,0.1781767955801105,1.0424723756906078,5.85077519379845
1187,CMP-01188,Q3_Launch_CMP-01188,2023-01-18,2023-02-03,Email,74319,2925,2012.58,422.0,0,EM,16 days,0.03935736487304727,0.14427350427350427,0.6880615384615384,4.76914691943128
1188,CMP-01189,Q4_Summer_CMP-01189,2023-10-20,2023-11-02,Instagram,18368,743,654.15,120.0,0,IN,13 days,0.04045078397212543,0.16150740242261102,0.8804172274562584,5.45125
1189,CMP-01190,Q3_BlackFriday_CMP-01190,2023-03-03,2023-03-28,Unknown,16328,770,1126.61,62.0,1,XX,25 days,0.04715825575698187,0.08051948051948052,1.46312987012987,18.17112903225806
1190,CMP-01191,Q3_BlackFriday_CMP-01191,2023-03-27,2023-04-24,Google Ads,57942,650,593.65,84.0,0,GO,28 days,0.011218114666390529,0.12923076923076923,0.9133076923076923,7.067261904761905
1191,CMP-01192,Q4_Winter_CMP-01192,2023-04-02,2023-06-03,TikTok,92751,4162,5168.3,668.0,1,TI,62 days,0.04487283155976755,0.1604997597308986,1.2417827967323403,7.736976047904192
1192,CMP-01193,Q4_Launch_CMP-01193,2023-02-10,2023-03-05,TikTok,28306,880,600.64,126.0,0,TI,23 days,0.0310888150922066,0.1431818181818182,0.6825454545454546,4.766984126984127
1194,CMP-01195,Q4_BlackFriday_CMP-01195,2023-06-13,2023-07-06,Facebook,40915,1463,1425.13,283.0,1,FA,23 days,0.03575705731394354,0.19343814080656185,0.9741148325358853,5.035795053003534
1195,CMP-01196,Q4_Summer_CMP-01196,2023-02-22,2023-04-02,Email,38219,1635,2355.14,247.0,1,INVALID,39 days,0.04277976922473115,0.1510703363914373,1.4404525993883792,9.53497975708502
1196,CMP-01197,Q1_Launch_CMP-01197,2023-10-12,2023-11-11,Google Ads,81879,1910,3271.05,355.0,1,GO,30 days,0.023327104630002808,0.18586387434554974,1.7125916230366494,9.214225352112676
1197,CMP-01198,Q3_Summer_CMP-01198,2023-05-22,2023-06-13,Email,65644,2581,3658.49,411.0,1,EM,22 days,0.039318140271768935,0.15924060441689267,1.417469972878729,8.901435523114355
1199,CMP-01200,Q3_BlackFriday_CMP-01200,2023-09-25,2023-10-15,Email,54028,2254,1991.67,139.0,0,EM,20 days,0.04171910861035019,0.0616681455190772,0.8836157941437445,14.328561151079137
1200,CMP-01201,Q3_Launch_CMP-01201,2023-03-18,2023-04-09,Google Ads,1126,55,54.51,5.0,0,GO,22 days,0.04884547069271759,0.09090909090909091,0.991090909090909,10.902
1201,CMP-01202,Q4_Summer_CMP-01202,2023-02-21,2023-03-19,Email,53329,961,717.8,171.0,0,EM,26 days,0.01802021414239907,0.17793964620187305,0.746930280957336,4.19766081871345
1203,CMP-01204,Q3_Launch_CMP-01204,2023-06-26,2023-07-01,Email,66310,901,1519.12,60.0,0,EM,5 days,0.013587694163776204,0.06659267480577137,1.6860377358490566,25.318666666666665
1204,CMP-01205,Q4_Summer_CMP-01205,2023-12-02,2023-12-18,Email,56176,566,609.64,55.0,0,EM,16 days,0.010075477072059242,0.09717314487632508,1.0771024734982333,11.084363636363635
1206,CMP-01207,Q2_Launch_CMP-01207,2023-11-13,2023-11-16,Instagram,45327,1072,1491.23,202.0,1,IN,3 days,0.023650362918348888,0.1884328358208955,1.39107276119403,7.382326732673268
1207,CMP-01208,Q2_Launch_CMP-01208,2023-01-20,2023-02-12,Instagram,69904,2468,3416.9,444.0,1,IN,23 days,0.035305561913481345,0.17990275526742303,1.384481361426256,7.695720720720721
1208,CMP-01209,Q1_Summer_CMP-01209,2023-12-20,2024-01-05,Google Ads,4797,61,36.66,7.0,0,GO,16 days,0.012716281008963937,0.11475409836065574,0.600983606557377,5.237142857142857
1209,CMP-01210,Q4_Winter_CMP-01210,2023-05-18,2023-05-29,TikTok,48882,499,871.91,29.0,0,TI,11 days,0.010208256617977987,0.05811623246492986,1.7473146292585169,30.065862068965515
1210,CMP-01211,Q2_Summer_CMP-01211,2023-06-05,2023-06-23,TikTok,14718,698,534.66,109.0,0,TI,18 days,0.04742492186438375,0.15616045845272206,0.7659885386819484,4.905137614678899
1212,CMP-01213,Q2_Launch_CMP-01213,2023-04-27,2023-05-17,Email,77589,3287,5453.15,642.0,1,EM,20 days,0.04236425266468185,0.19531487678734408,1.6590051718892607,8.494003115264796
1213,CMP-01214,Q4_BlackFriday_CMP-01214,2023-08-15,2023-09-05,Unknown,23116,1048,1647.82,140.0,0,XX,21 days,0.04533656341927669,0.13358778625954199,1.5723473282442748,11.770142857142856
1214,CMP-01215,Q2_Launch_CMP-01215,2023-02-11,2023-08-02,Google Ads,37244,1415,1936.38,142.0,1,GO,172 days,0.03799269681022446,0.10035335689045936,1.3684664310954064,13.636478873239437
1216,CMP-01217,Q3_Summer_CMP-01217,2023-09-06,2023-09-27,Facebook,48523,1259,1310.07,247.0,1,FA,21 days,0.025946458380561796,0.19618745035742652,1.0405639396346307,5.303927125506073
1217,CMP-01218,Q3_Launch_CMP-01218,2023-01-29,2023-02-07,Facebook,20256,788,1108.92,121.0,1,FA,9 days,0.038902053712480254,0.15355329949238578,1.4072588832487312,9.164628099173555
1218,CMP-01219,Q2_Launch_CMP-01219,2023-06-09,2023-07-09,Instagram,54173,1149,1242.27,173.0,0,IN,30 days,0.02120982777398335,0.15056570931244562,1.0811749347258486,7.180751445086705
1219,CMP-01220,Q4_Launch_CMP-01220,2023-09-26,2023-10-05,Instagram,38430,1440,2585.12,123.0,0,IN,9 days,0.03747072599531616,0.08541666666666667,1.795222222222222,21.017235772357722
1220,CMP-01221,Q3_Launch_CMP-01221,2023-04-09,2023-05-07,Unknown,40282,442,425.74,71.0,1,XX,28 days,0.010972642867782136,0.16063348416289594,0.9632126696832579,5.996338028169014
1221,CMP-01222,Q2_Winter_CMP-01222,2023-01-30,2023-02-09,TikTok,64374,1432,1346.51,232.0,1,TI,10 days,0.0222450057476621,0.16201117318435754,0.9403002793296089,5.803922413793104
1222,CMP-01223,Q4_BlackFriday_CMP-01223,2023-07-04,2023-07-24,Instagram,69244,2213,1989.48,215.0,1,IN,20 days,0.03195944774998556,0.09715318572074108,0.898996836873023,9.25339534883721
1223,CMP-01224,Q1_BlackFriday_CMP-01224,2023-08-26,2023-09-12,Facebook,12694,447,446.63,54.0,1,FA,17 days,0.0352134866866236,0.12080536912751678,0.99917225950783,8.270925925925926
1224,CMP-01225,Q4_Winter_CMP-01225,2023-03-05,2023-03-13,Facebook,57264,1894,2530.59,178.0,0,FA,8 days,0.0330748812517463,0.09398099260823653,1.3361087645195355,14.21679775280899
1225,CMP-01226,Q1_Launch_CMP-01226,2023-09-08,2023-09-19,Email,76060,2883,4498.99,256.0,0,EM,11 days,0.037904286089929004,0.08879639264654873,1.560523759972251,17.5741796875
1227,CMP-01228,Q4_Winter_CMP-01228,2023-03-25,2023-04-23,Email,58545,821,1405.2,76.0,1,EM,29 days,0.014023400802801265,0.0925700365408039,1.7115712545676005,18.489473684210527
1228,CMP-01229,Q1_Winter_CMP-01229,2023-12-19,2023-12-30,Google Ads,40224,1800,3291.97,239.0,0,GO,11 days,0.04474940334128878,0.13277777777777777,1.828872222222222,13.773933054393305
1229,CMP-01230,Q2_Summer_CMP-01230,2023-01-15,2023-02-14,Facebook,98945,3687,6356.83,185.0,1,FA,30 days,0.037263125979079284,0.05017629509085978,1.7241198806617846,34.361243243243244
1230,CMP-01231,Q4_Summer_CMP-01231,2023-10-20,2023-10-28,Unknown,14224,206,108.85,19.0,0,XX,8 days,0.014482564679415073,0.09223300970873786,0.5283980582524271,5.728947368421053
1231,CMP-01232,Q3_Winter_CMP-01232,2023-04-24,2023-05-13,Google Ads,41738,1823,2923.87,332.0,1,INVALID,19 days,0.04367722459149935,0.1821173889193637,1.603878222709819,8.80683734939759
1232,CMP-01233,Q2_Launch_CMP-01233,2023-05-18,2023-05-25,Google Ads,26150,514,417.68,71.0,1,GO,7 days,0.01965583173996176,0.13813229571984437,0.8126070038910506,5.882816901408451
1233,CMP-01234,Q1_BlackFriday_CMP-01234,2023-12-16,2023-12-28,Instagram,64731,1885,1318.35,266.0,1,IN,12 days,0.029120514127697703,0.14111405835543767,0.6993899204244032,4.956203007518797
1234,CMP-01235,Q1_Launch_CMP-01235,2023-03-09,2023-03-19,Facebook,50688,801,1167.64,88.0,0,FA,10 days,0.01580255681818182,0.10986267166042447,1.4577278401997504,13.268636363636364
1235,CMP-01236,Q2_Winter_CMP-01236,2023-01-05,2023-01-12,Google Ads,74509,2861,2802.68,433.0,1,GO,7 days,0.03839804587365285,0.15134568332750786,0.9796155190492835,6.47270207852194
1236,CMP-01237,Q4_BlackFriday_CMP-01237,2023-06-06,2023-07-03,Facebook,9577,351,205.57,27.0,0,FA,27 days,0.03665030802965438,0.07692307692307693,0.5856695156695156,7.613703703703703
1237,CMP-01238,Q2_Winter_CMP-01238,2023-05-21,2023-06-01,Instagram,9070,167,117.98,28.0,1,IN,11 days,0.018412348401323043,0.16766467065868262,0.7064670658682635,4.213571428571429
1238,CMP-01239,Q4_Winter_CMP-01239,2023-06-28,2023-07-15,Facebook,9666,430,215.6,29.0,0,FA,17 days,0.044485826608731634,0.06744186046511629,0.5013953488372093,7.43448275862069
1239,CMP-01240,Q3_Winter_CMP-01240,2023-06-04,2023-06-26,Instagram,58761,1530,2837.9,227.0,0,IN,22 days,0.02603767805176903,0.14836601307189543,1.8548366013071895,12.501762114537446
1240,CMP-01241,Q3_Summer_CMP-01241,2023-07-23,2023-08-06,Instagram,37368,810,434.91,81.0,0,IN,14 days,0.02167630057803468,0.1,0.5369259259259259,5.36925925925926
1241,CMP-01242,Q1_Winter_CMP-01242,2023-12-06,2023-12-15,Google Ads,7783,125,101.77,20.0,0,GO,9 days,0.01606064499550302,0.16,0.81416,5.0885
1242,CMP-01243,Q4_Launch_CMP-01243,2023-10-15,2023-10-24,Email,42914,886,996.21,117.0,1,EM,9 days,0.020645943048888473,0.13205417607223477,1.1243905191873589,8.514615384615386
1243,CMP-01244,Q2_Launch_CMP-01244,2023-06-02,2023-06-22,Email,71507,778,805.12,91.0,1,INVALID,20 days,0.010880053701036263,0.11696658097686376,1.0348586118251928,8.847472527472528
1244,CMP-01245,Q2_Winter_CMP-01245,2023-06-22,2023-07-06,Facebook,80026,2667,4980.86,201.0,0,FA,14 days,0.03332666883262939,0.07536557930258718,1.867589051368579,24.780398009950247
1245,CMP-01246,Q4_Summer_CMP-01246,2023-05-22,2023-06-13,Instagram,68526,2993,1677.38,435.0,1,IN,22 days,0.04367685258150191,0.14533912462412296,0.5604343468092216,3.8560459770114943
1246,CMP-01247,Q3_Winter_CMP-01247,2023-11-30,2023-12-22,Instagram,71835,2295,2910.8,450.0,1,IN,22 days,0.03194821465859261,0.19607843137254902,1.268322440087146,6.468444444444445
1247,CMP-01248,Q2_Launch_CMP-01248,2023-05-04,2023-05-11,Google Ads,46765,877,1333.67,152.0,0,GO,7 days,0.01875334117395488,0.1733181299885975,1.5207183580387686,8.774144736842105
1248,CMP-01249,Q1_Summer_CMP-01249,2023-11-04,2023-11-29,TikTok,20956,237,449.72,13.0,0,TI,25 days,0.011309410192784882,0.05485232067510549,1.897552742616034,34.59384615384616
1249,CMP-01250,Q1_Launch_CMP-01250,2023-03-13,2023-04-02,Instagram,88895,1652,2363.28,175.0,0,IN,20 days,0.018583722369087126,0.1059322033898305,1.4305569007263923,13.504457142857143
1250,CMP-01251,Q4_Launch_CMP-01251,2023-06-01,2023-06-30,Email,47240,1258,2145.69,237.0,0,EM,29 days,0.026629974597798475,0.18839427662957076,1.7056359300476949,9.05354430379747
1251,CMP-01252,Q1_Launch_CMP-01252,2023-07-18,2023-08-13,Email,38148,1540,963.4,193.0,1,EM,26 days,0.040369088811995385,0.1253246753246753,0.6255844155844156,4.991709844559585
1252,CMP-01253,Q3_Summer_CMP-01253,2023-10-20,2023-10-25,Instagram,95270,1668,1799.62,249.0,1,IN,5 days,0.017508134774850425,0.14928057553956833,1.0789088729016787,7.2273895582329315
1253,CMP-01254,Q1_Launch_CMP-01254,2024-01-01,2024-01-27,Facebook,5757,223,236.59,41.0,1,FA,26 days,0.03873545249261768,0.18385650224215247,1.0609417040358744,5.770487804878049
1254,CMP-01255,Q4_Summer_CMP-01255,2023-09-01,2023-09-26,Google Ads,20097,897,1641.0,162.0,0,GO,25 days,0.044633527392148084,0.1806020066889632,1.8294314381270902,10.12962962962963
1255,CMP-01256,Q3_Launch_CMP-01256,2023-09-17,2023-10-10,Email,11395,320,232.66,40.0,1,EM,23 days,0.028082492321193506,0.125,0.7270625,5.8165
1257,CMP-01258,Q4_Launch_CMP-01258,2023-02-19,2023-02-26,Facebook,28696,923,916.39,93.0,0,FA,7 days,0.03216476163925286,0.10075839653304441,0.9928385698808234,9.853655913978494
1258,CMP-01259,Q4_Summer_CMP-01259,2023-10-14,2023-11-05,Email,71480,2536,1475.19,400.0,1,EM,22 days,0.03547845551203134,0.15772870662460567,0.5816995268138802,3.6879750000000002
1259,CMP-01260,Q1_Winter_CMP-01260,2023-12-15,2024-01-06,Email,47163,1464,1132.68,136.0,1,EM,22 days,0.031041282361172953,0.09289617486338798,0.773688524590164,8.328529411764706
1260,CMP-01261,Q3_Summer_CMP-01261,2023-04-24,2023-05-06,Email,20816,593,1155.05,51.0,1,EM,12 days,0.02848770176787087,0.08600337268128162,1.9478077571669477,22.648039215686275
1261,CMP-01262,Q2_BlackFriday_CMP-01262,2023-06-07,2023-06-30,Email,50840,985,1125.14,101.0,1,EM,23 days,0.019374508261211645,0.10253807106598985,1.142274111675127,11.14
1262,CMP-01263,Q4_BlackFriday_CMP-01263,2023-07-10,2023-07-28,Google Ads,53853,1191,1724.6,91.0,0,GO,18 days,0.022115759567712105,0.0764063811922754,1.4480268681780015,18.951648351648352
1263,CMP-01264,Q2_Winter_CMP-01264,2023-03-02,2023-03-20,Email,25917,559,888.34,86.0,1,EM,18 days,0.021568854419878845,0.15384615384615385,1.5891592128801433,10.32953488372093
1265,CMP-01266,Q3_Summer_CMP-01266,2023-08-30,2023-09-06,Email,22566,333,240.04,40.0,1,EM,7 days,0.014756713639989365,0.12012012012012012,0.7208408408408408,6.0009999999999994
1266,CMP-01267,Q3_Summer_CMP-01267,2023-12-15,2024-01-10,Email,76452,3568,2889.62,387.0,1,EM,26 days,0.046669805891278185,0.10846412556053811,0.8098710762331838,7.46671834625323
1267,CMP-01268,Q4_Launch_CMP-01268,2023-01-28,2023-02-12,Instagram,63823,2478,2403.41,461.0,0,IN,15 days,0.03882612851166507,0.18603712671509282,0.9698991121872477,5.2134707158351405
1268,CMP-01269,Q2_BlackFriday_CMP-01269,2023-04-13,2023-05-02,Instagram,21806,568,825.93,30.0,1,IN,19 days,0.026047876731174906,0.0528169014084507,1.4541021126760563,27.531
1269,CMP-01270,Q3_BlackFriday_CMP-01270,2023-08-23,2023-09-09,Instagram,76520,1250,1371.78,206.0,0,IN,17 days,0.016335598536330372,0.1648,1.097424,6.6591262135922324
1270,CMP-01271,Q4_BlackFriday_CMP-01271,2023-04-03,2023-04-09,Google Ads,2759,124,63.27,22.0,1,GO,6 days,0.0449438202247191,0.1774193548387097,0.510241935483871,2.875909090909091
1271,CMP-01272,Q4_BlackFriday_CMP-01272,2023-11-20,2023-11-24,TikTok,42949,1844,2369.74,215.0,1,TI,4 days,0.042934643414282055,0.11659436008676789,1.2851084598698481,11.022046511627906
1272,CMP-01273,Q3_Summer_CMP-01273,2023-01-30,2023-02-23,Google Ads,93374,3629,6830.76,481.0,1,GO,24 days,0.03886520873048172,0.13254340038578122,1.882270597960871,14.201164241164241
1273,CMP-01274,Q2_Winter_CMP-01274,2023-05-21,2023-06-14,Facebook,3482,72,123.7,13.0,1,FA,24 days,0.02067777139574957,0.18055555555555555,1.7180555555555557,9.515384615384615
1274,CMP-01275,Q3_Summer_CMP-01275,2023-10-23,2023-11-21,Facebook,25442,663,1152.17,54.0,0,FA,29 days,0.026059272069805833,0.08144796380090498,1.737812971342383,21.33648148148148
1275,CMP-01276,Q2_BlackFriday_CMP-01276,2023-02-15,2023-02-25,Email,34719,489,827.68,62.0,1,EM,10 days,0.014084507042253521,0.12678936605316973,1.692597137014315,13.349677419354839
1276,CMP-01277,Q3_BlackFriday_CMP-01277,2023-08-08,2023-08-29,Email,59066,1037,1022.06,125.0,1,E-,21 days,0.017556631564690346,0.12054001928640308,0.9855930568948891,8.17648
1277,CMP-01278,Q3_Winter_CMP-01278,2023-07-16,2023-07-24,Email,94501,3904,6432.98,346.0,1,EM,8 days,0.04131173215098253,0.08862704918032786,1.6477920081967212,18.59242774566474
1278,CMP-01279,Q3_Launch_CMP-01279,2023-10-01,2023-10-08,TikTok,3079,118,84.34,20.0,0,TI,7 days,0.038324131211432286,0.1694915254237288,0.7147457627118644,4.2170000000000005
1279,CMP-01280,Q4_BlackFriday_CMP-01280,2023-01-08,2023-01-28,TikTok,3717,125,185.82,23.0,1,TI,20 days,0.03362927091740651,0.184,1.4865599999999999,8.07913043478261
1280,CMP-01281,Q2_Winter_CMP-01281,2023-09-29,2023-10-25,TikTok,60676,2780,4065.34,465.0,0,TI,26 days,0.045817127035401146,0.1672661870503597,1.4623525179856116,8.742666666666667
1281,CMP-01282,Q2_BlackFriday_CMP-01282,2023-11-17,2023-12-08,TikTok,28952,964,518.97,76.0,0,TI,21 days,0.033296490743299254,0.07883817427385892,0.538350622406639,6.8285526315789475
1282,CMP-01283,Q4_BlackFriday_CMP-01283,2023-06-26,2023-07-23,TikTok,87444,2507,4216.66,157.0,1,TI,27 days,0.02866977722885504,0.06262465097726366,1.6819545273234942,26.857707006369427
1283,CMP-01284,Q2_Summer_CMP-01284,2023-09-15,2023-09-26,Facebook,43460,1026,1903.1,144.0,1,FA,11 days,0.023607915324436263,0.14035087719298245,1.8548732943469786,13.215972222222222
1284,CMP-01285,Q2_BlackFriday_CMP-01285,2023-01-24,2023-01-30,Facebook,91397,4352,3921.69,254.0,1,FA,6 days,0.04761644255281902,0.058363970588235295,0.9011236213235294,15.43972440944882
1285,CMP-01286,Q2_Summer_CMP-01286,2023-09-24,2023-10-23,Email,73847,982,1687.65,148.0,0,EM,29 days,0.01329776429645077,0.15071283095723015,1.718584521384929,11.403040540540541
1286,CMP-01287,Q3_BlackFriday_CMP-01287,2023-12-18,2024-01-08,Facebook,94607,4468,2786.28,578.0,0,FA,21 days,0.04722694938006702,0.12936436884512087,0.6236078782453,4.820553633217993
1287,CMP-01288,Q4_Launch_CMP-01288,2023-09-08,2023-10-04,Instagram,90106,3880,5431.81,579.0,1,IN,26 days,0.04306039553414867,0.14922680412371134,1.3999510309278351,9.381364421416235
1288,CMP-01289,Q2_BlackFriday_CMP-01289,2023-07-26,2023-08-11,Facebook,19449,295,362.4,40.0,1,FA,16 days,0.01516787495501054,0.13559322033898305,1.2284745762711864,9.059999999999999
1289,CMP-01290,Q2_BlackFriday_CMP-01290,2023-04-25,2023-05-07,Email,34536,1125,1483.75,127.0,1,EM,12 days,0.032574704656011116,0.11288888888888889,1.318888888888889,11.683070866141732
1290,CMP-01291,Q3_Launch_CMP-01291,2023-01-12,2023-01-20,Instagram,65077,2906,5490.33,232.0,1,IN,8 days,0.044654793552253484,0.07983482450103235,1.8893083275980729,23.66521551724138
1291,CMP-01292,Q4_Winter_CMP-01292,2023-07-07,2023-07-20,Google Ads,39258,1290,2331.0,123.0,0,GO,13 days,0.03285954455142901,0.09534883720930233,1.8069767441860465,18.951219512195124
1292,CMP-01293,Q4_Winter_CMP-01293,2023-07-12,2023-07-28,Google Ads,49302,2282,3828.34,293.0,1,GO,16 days,0.04628615471988966,0.12839614373356706,1.6776248904469764,13.066006825938567
1293,CMP-01294,Q4_Launch_CMP-01294,2023-10-01,2023-10-24,Email,29865,1425,1297.53,210.0,0,EM,23 days,0.047714716223003516,0.14736842105263157,0.9105473684210527,6.178714285714285
1294,CMP-01295,Q1_Summer_CMP-01295,2023-01-25,2023-02-03,Email,7645,205,382.88,34.0,1,EM,9 days,0.026814911706998037,0.16585365853658537,1.8677073170731706,11.261176470588236
1296,CMP-01297,Q3_Winter_CMP-01297,2023-03-01,2023-03-20,Google Ads,27737,1316,2342.47,257.0,1,INVALID,19 days,0.047445650214514905,0.1952887537993921,1.7799924012158053,9.114669260700389
1297,CMP-01298,Q2_Winter_CMP-01298,2023-10-08,2023-10-23,TikTok,12485,462,458.41,42.0,0,TI,15 days,0.03700440528634361,0.09090909090909091,0.9922294372294372,10.91452380952381
1298,CMP-01299,Q3_Summer_CMP-01299,2023-04-16,2023-05-04,Email,39565,579,336.2,35.0,0,EM,18 days,0.014634146341463415,0.06044905008635579,0.5806563039723661,9.605714285714285
1299,CMP-01300,Q2_BlackFriday_CMP-01300,2023-06-04,2023-06-15,Facebook,26522,310,466.25,31.0,0,FA,11 days,0.011688409622200437,0.1,1.5040322580645162,15.040322580645162
1300,CMP-01301,Q4_Launch_CMP-01301,2023-09-24,2023-09-29,Email,66155,2155,1825.11,348.0,1,EM,5 days,0.03257501322651349,0.1614849187935035,0.8469187935034802,5.244568965517241
1301,CMP-01302,Q1_Winter_CMP-01302,2023-03-12,2023-03-21,Instagram,56168,2651,2294.06,306.0,0,IN,9 days,0.04719769263637658,0.11542814032440589,0.8653564692568841,7.496928104575163
1302,CMP-01303,Q2_BlackFriday_CMP-01303,2023-09-19,2023-10-09,Instagram,53487,2341,2245.18,404.0,1,IN,20 days,0.043767644474358255,0.17257582229816318,0.959068774028193,5.557376237623762
1303,CMP-01304,Q1_Launch_CMP-01304,2023-02-28,2023-03-03,Instagram,13342,494,294.19,65.0,0,IN,3 days,0.03702593314345675,0.13157894736842105,0.5955263157894737,4.526
1304,CMP-01305,Q1_BlackFriday_CMP-01305,2023-11-08,2023-11-17,Email,41806,650,497.7,123.0,0,EM,9 days,0.015548007463043582,0.18923076923076923,0.7656923076923077,4.046341463414634
1305,CMP-01306,Q1_BlackFriday_CMP-01306,2023-09-25,2023-09-29,Email,49770,1003,509.23,192.0,1,EM,4 days,0.020152702431183445,0.1914257228315055,0.5077068793619143,2.6522395833333334
1306,CMP-01307,Q1_Summer_CMP-01307,2023-07-29,2023-08-11,TikTok,79623,3584,4186.52,216.0,0,TI,13 days,0.045012119613679465,0.060267857142857144,1.1681138392857144,19.38203703703704
1307,CMP-01308,Q4_Winter_CMP-01308,2023-09-12,2023-10-09,Facebook,76629,1326,830.58,157.0,0,FA,27 days,0.01730415377990056,0.11840120663650075,0.6263800904977376,5.29031847133758
1308,CMP-01309,Q2_BlackFriday_CMP-01309,2023-04-27,2023-09-04,Instagram,53603,1133,1726.67,160.0,1,INVALID,130 days,0.02113687666735071,0.1412180052956752,1.5239805825242718,10.7916875
1309,CMP-01310,Q2_Winter_CMP-01310,2023-10-12,2023-12-23,TikTok,82974,1259,1074.47,111.0,0,TI,72 days,0.01517342782076313,0.08816521048451152,0.8534312946783161,9.67990990990991
1310,CMP-01311,Q2_Launch_CMP-01311,2023-02-26,2023-02-27,TikTok,27399,1014,1942.18,112.0,0,TI,1 days,0.037008649950728126,0.11045364891518737,1.9153648915187378,17.340892857142858
1311,CMP-01312,Q2_Summer_CMP-01312,2023-03-18,2023-03-21,Facebook,86382,4125,7453.37,625.0,0,INVALID,3 days,0.047753004098075987,0.15151515151515152,1.8068775757575757,11.925392
1312,CMP-01313,Q3_BlackFriday_CMP-01313,2023-02-08,2023-02-15,Email,82244,1707,1594.61,143.0,1,EM,7 days,0.020755313457516657,0.0837727006444054,0.9341593438781487,11.151118881118881
1313,CMP-01314,Q1_Winter_CMP-01314,2023-05-12,2023-06-07,Google Ads,77534,2249,3766.68,315.0,0,GO,26 days,0.029006629349704646,0.14006224988883947,1.67482436638506,11.957714285714285
1314,CMP-01315,Q1_Winter_CMP-01315,2023-02-05,2023-06-01,Facebook,56106,1984,3382.46,306.0,0,FA,116 days,0.03536163690157915,0.15423387096774194,1.7048689516129032,11.053790849673202
1315,CMP-01316,Q3_Summer_CMP-01316,2023-03-31,2023-04-09,Google Ads,31678,1583,3134.09,100.0,0,GO,9 days,0.04997158911547446,0.06317119393556538,1.9798420720151613,31.3409
1316,CMP-01317,Q2_Winter_CMP-01317,2023-07-04,2023-08-03,Unknown,77218,1095,1529.45,136.0,0,XX,30 days,0.014180631458986247,0.12420091324200913,1.39675799086758,11.245955882352941
1318,CMP-01319,Q4_Summer_CMP-01319,2023-01-24,2023-02-08,Email,75055,1906,2802.31,302.0,1,EM,15 days,0.025394710545599893,0.1584470094438615,1.4702570828961175,9.279172185430463
1319,CMP-01320,Q1_BlackFriday_CMP-01320,2023-03-12,2023-04-11,Email,57373,2560,3679.92,200.0,0,E-,30 days,0.04462029177487668,0.078125,1.43746875,18.3996
1320,CMP-01321,Q1_Winter_CMP-01321,2023-07-03,2023-07-21,Facebook,32480,943,1374.45,173.0,1,FA,18 days,0.029033251231527092,0.18345705196182396,1.4575291622481443,7.944797687861272
1321,CMP-01322,Q4_Summer_CMP-01322,2023-05-18,2023-06-06,Instagram,86230,1245,1196.09,142.0,1,IN,19 days,0.01443813058100429,0.1140562248995984,0.9607148594377509,8.423169014084506
1322,CMP-01323,Q4_Summer_CMP-01323,2023-06-25,2023-07-22,Google Ads,69836,2470,4420.11,196.0,1,GO,27 days,0.03536857781087118,0.07935222672064778,1.7895182186234817,22.55158163265306
1323,CMP-01324,Q4_Winter_CMP-01324,2023-08-22,2023-08-31,Email,73258,2991,5800.17,346.0,1,EM,9 days,0.04082830544104398,0.11568037445670344,1.939207622868606,16.76349710982659
1324,CMP-01325,Q1_Winter_CMP-01325,2023-09-02,2023-09-19,Email,40986,414,342.2,46.0,0,EM,17 days,0.010101010101010102,0.1111111111111111,0.8265700483091787,7.439130434782609
1325,CMP-01326,Q4_BlackFriday_CMP-01326,2023-03-27,2023-04-15,TikTok,25160,1116,705.57,127.0,1,TI,19 days,0.04435612082670906,0.11379928315412187,0.632231182795699,5.5556692913385834
1326,CMP-01327,Q1_Launch_CMP-01327,2023-01-31,2023-02-14,TikTok,86595,1510,1195.62,208.0,1,TI,14 days,0.01743749639124661,0.13774834437086092,0.7918013245033112,5.748173076923076
1327,CMP-01328,Q1_Launch_CMP-01328,2023-02-23,2023-03-02,TikTok,80111,2570,4448.23,329.0,1,INVALID,7 days,0.0320804883224526,0.12801556420233462,1.730828793774319,13.520455927051671
1330,CMP-01331,Q4_BlackFriday_CMP-01331,2023-12-17,2023-12-31,Google Ads,35911,892,983.6,142.0,0,GO,14 days,0.02483918576480744,0.1591928251121076,1.1026905829596412,6.926760563380282
1331,CMP-01332,Q4_Winter_CMP-01332,2023-03-08,2023-03-29,Facebook,88127,3947,5394.53,528.0,0,FA,21 days,0.0447876360252817,0.13377248543197365,1.3667418292373954,10.216912878787879
1332,CMP-01333,Q3_Launch_CMP-01333,2023-07-30,2023-08-15,Instagram,32821,1287,1237.85,133.0,0,IN,16 days,0.039212699186496454,0.10334110334110334,0.9618104118104117,9.307142857142857
1333,CMP-01334,Q3_BlackFriday_CMP-01334,2023-12-02,2023-12-22,Email,76039,2730,3319.13,467.0,0,EM,20 days,0.03590262891410986,0.17106227106227107,1.215798534798535,7.1073447537473236
1334,CMP-01335,Q3_Winter_CMP-01335,2023-12-14,2023-12-18,Instagram,61535,2575,4350.71,278.0,1,IN,4 days,0.04184610384334119,0.1079611650485437,1.6895961165048543,15.650035971223021
1335,CMP-01336,Q3_BlackFriday_CMP-01336,2023-10-17,2023-11-02,TikTok,85458,3432,6767.43,581.0,0,TI,16 days,0.04016007863511901,0.1692890442890443,1.9718618881118881,11.64790017211704
1337,CMP-01338,Q1_Winter_CMP-01338,2023-11-13,2023-11-26,Email,55771,1438,2733.35,87.0,1,EM,13 days,0.025784009610729592,0.06050069541029207,1.9007997218358832,31.417816091954023
1338,CMP-01339,Q4_Summer_CMP-01339,2023-12-05,2023-12-16,Facebook,87925,4152,4581.05,788.0,1,FA,11 days,0.04722206425931191,0.18978805394990367,1.1033357418111753,5.813515228426396
1339,CMP-01340,Q3_Launch_CMP-01340,2023-12-01,2023-12-06,Facebook,67358,1012,1217.62,110.0,0,FA,5 days,0.015024199055791443,0.10869565217391304,1.2031818181818181,11.069272727272727
1340,CMP-01341,Q4_Winter_CMP-01341,2023-10-13,2023-10-18,TikTok,18327,723,1126.76,122.0,1,TI,5 days,0.03944999181535439,0.16874135546334718,1.5584508990318118,9.235737704918034
1341,CMP-01342,Q2_Summer_CMP-01342,2023-01-06,2023-01-12,Facebook,48057,2354,4433.26,216.0,0,FA,6 days,0.04898349876188693,0.09175870858113849,1.8832880203908242,20.524351851851854
1342,CMP-01343,Q4_BlackFriday_CMP-01343,2023-08-29,2023-09-02,TikTok,7150,86,61.32,12.0,0,TI,4 days,0.012027972027972029,0.13953488372093023,0.7130232558139535,5.11
1343,CMP-01344,Q1_Launch_CMP-01344,2023-02-08,2023-02-20,Facebook,5425,202,193.19,36.0,1,FA,12 days,0.037235023041474656,0.1782178217821782,0.9563861386138613,5.366388888888888
1344,CMP-01345,Q3_Winter_CMP-01345,2023-06-19,2023-07-14,Instagram,17032,489,346.64,27.0,1,IN,25 days,0.02871066228276186,0.05521472392638037,0.7088752556237219,12.838518518518518
1345,CMP-01346,Q2_Summer_CMP-01346,2023-04-25,2023-05-21,Instagram,3198,106,150.31,18.0,1,IN,26 days,0.03314571607254534,0.16981132075471697,1.4180188679245282,8.350555555555555
1346,CMP-01347,Q2_Winter_CMP-01347,2022-12-31,2023-01-05,TikTok,61500,824,790.59,111.0,1,TI,5 days,0.013398373983739838,0.13470873786407767,0.9594538834951457,7.122432432432433
1347,CMP-01348,Q3_BlackFriday_CMP-01348,2023-08-16,2023-08-18,Email,54394,637,630.1,89.0,0,EM,2 days,0.011710850461447955,0.13971742543171115,0.9891679748822606,7.079775280898876
1348,CMP-01349,Q3_Launch_CMP-01349,2023-09-13,2023-10-11,Email,21079,773,468.73,99.0,1,EM,28 days,0.03667156886000285,0.12807244501940493,0.6063777490297543,4.734646464646465
1349,CMP-01350,Q1_BlackFriday_CMP-01350,2023-09-12,2023-12-12,TikTok,37220,1597,1636.44,289.0,1,TI,91 days,0.04290703922622246,0.18096430807764557,1.0246963055729492,5.66242214532872
1351,CMP-01352,Q3_Winter_CMP-01352,2023-01-01,2023-01-05,TikTok,14859,471,400.17,41.0,0,TI,4 days,0.0316979608318191,0.0870488322717622,0.8496178343949045,9.760243902439024
1352,CMP-01353,Q2_Launch_CMP-01353,2023-11-13,2023-12-01,TikTok,51460,720,1110.8,130.0,1,TI,18 days,0.013991449669646328,0.18055555555555555,1.5427777777777778,8.544615384615383
1353,CMP-01354,Q2_Winter_CMP-01354,2023-10-15,2023-11-02,Instagram,32419,1216,1756.44,198.0,1,INVALID,18 days,0.03750886825626947,0.16282894736842105,1.4444407894736842,8.870909090909091
1354,CMP-01355,Q2_BlackFriday_CMP-01355,2023-06-24,2023-07-03,Email,9705,190,341.09,10.0,1,EM,9 days,0.019577537351880475,0.05263157894736842,1.7952105263157894,34.108999999999995
1357,CMP-01358,Q3_Launch_CMP-01358,2023-07-06,2023-07-10,Google Ads,88955,3413,4689.27,375.0,1,GO,4 days,0.03836771401270305,0.1098740111338998,1.3739437445062996,12.50472
1359,CMP-01360,Q2_BlackFriday_CMP-01360,2023-11-21,2023-12-15,Google Ads,16358,184,343.58,28.0,1,GO,24 days,0.011248318865386967,0.15217391304347827,1.867282608695652,12.270714285714286
1360,CMP-01361,Q3_BlackFriday_CMP-01361,2023-09-20,2023-09-25,Instagram,95914,3783,3148.5,307.0,1,IN,5 days,0.03944158308484684,0.08115252445149353,0.8322759714512292,10.2557003257329
1361,CMP-01362,Q3_Launch_CMP-01362,2023-03-26,2023-04-09,Unknown,77918,1808,1056.31,307.0,1,XX,14 days,0.02320388100310583,0.1698008849557522,0.5842422566371681,3.440749185667752
1362,CMP-01363,Q3_Launch_CMP-01363,2023-07-29,2023-08-05,TikTok,15596,721,636.97,122.0,1,TI,7 days,0.04622980251346499,0.16920943134535368,0.8834535367545077,5.221065573770492
1363,CMP-01364,Q4_Launch_CMP-01364,2023-04-07,2023-04-09,Instagram,34572,714,922.02,80.0,0,IN,2 days,0.020652551197500868,0.11204481792717087,1.291344537815126,11.52525
1364,CMP-01365,Q1_Launch_CMP-01365,2023-04-21,2023-05-20,Facebook,79757,3110,2355.5,287.0,0,FA,29 days,0.03899344258184235,0.09228295819935692,0.7573954983922829,8.207317073170731
1365,CMP-01366,Q1_Launch_CMP-01366,2023-06-23,2023-07-15,Facebook,2279,102,76.62,9.0,1,FA,22 days,0.04475647213690215,0.08823529411764706,0.7511764705882353,8.513333333333334
1366,CMP-01367,Q3_Winter_CMP-01367,2023-11-21,2023-12-10,Unknown,64197,748,893.03,91.0,1,XX,19 days,0.011651634811595557,0.12165775401069519,1.1938903743315508,9.813516483516484
1367,CMP-01368,Q4_BlackFriday_CMP-01368,2023-08-19,2023-08-21,Email,63516,1645,904.59,259.0,0,EM,2 days,0.025898986082246993,0.1574468085106383,0.5499027355623101,3.4926254826254826
1368,CMP-01369,Q1_Winter_CMP-01369,2023-09-16,2023-09-17,Facebook,8083,327,223.29,33.0,1,FA,1 days,0.04045527650624768,0.10091743119266056,0.6828440366972477,6.766363636363636
1369,CMP-01370,Q2_BlackFriday_CMP-01370,2023-09-29,2023-10-03,Instagram,18771,529,594.49,74.0,0,IN,4 days,0.028181769751211977,0.13988657844990549,1.1237996219281663,8.033648648648649
1370,CMP-01371,Q3_BlackFriday_CMP-01371,2023-08-10,2023-08-21,TikTok,30975,640,380.6,68.0,0,TI,11 days,0.02066182405165456,0.10625,0.5946875,5.597058823529412
1371,CMP-01372,Q1_BlackFriday_CMP-01372,2023-09-18,2023-10-08,Email,46648,876,959.34,83.0,1,EM,20 days,0.018778940147487565,0.09474885844748858,1.0951369863013698,11.558313253012049
1372,CMP-01373,Q4_Launch_CMP-01373,2023-12-21,2024-01-14,Google Ads,49285,752,910.68,40.0,0,GO,24 days,0.015258192147712285,0.05319148936170213,1.2110106382978723,22.767
1373,CMP-01374,Q3_Winter_CMP-01374,2023-03-07,2023-03-16,Facebook,20063,888,1045.09,44.0,0,FA,9 days,0.04426057917559687,0.04954954954954955,1.176903153153153,23.752045454545453
1374,CMP-01375,Q2_Launch_CMP-01375,2023-11-07,2023-11-17,Google Ads,68642,2266,4087.33,190.0,0,GO,10 days,0.03301185862882783,0.08384819064430715,1.803764342453663,21.512263157894736
1375,CMP-01376,Q3_Summer_CMP-01376,2023-07-16,2023-07-30,Instagram,91093,1189,1539.87,131.0,0,IN,14 days,0.01305259460112193,0.11017661900756939,1.2950967199327166,11.75473282442748
1376,CMP-01377,Q1_Winter_CMP-01377,2023-12-21,2023-12-29,Email,87143,2204,2649.14,391.0,1,INVALID,8 days,0.025291761816783907,0.17740471869328495,1.2019691470054445,6.775294117647059
1378,CMP-01379,Q4_Launch_CMP-01379,2023-03-10,2023-03-18,TikTok,52920,913,1576.24,82.0,1,TI,8 days,0.017252456538170823,0.08981380065717415,1.7264403066812706,19.222439024390244
1379,CMP-01380,Q1_Launch_CMP-01380,2023-09-20,2023-10-10,TikTok,29529,809,1490.65,70.0,0,TI,20 days,0.027396796369670493,0.0865265760197775,1.842583436341162,21.295
1380,CMP-01381,Q4_Winter_CMP-01381,2023-06-10,2023-06-30,TikTok,36954,860,1530.68,72.0,0,TI,20 days,0.023272176219083184,0.08372093023255814,1.779860465116279,21.259444444444444
1381,CMP-01382,Q3_Launch_CMP-01382,2023-11-20,2023-12-09,Google Ads,28856,683,1031.55,68.0,1,GO,19 days,0.023669254227890214,0.09956076134699854,1.5103221083455343,15.16985294117647
1382,CMP-01383,Q1_Summer_CMP-01383,2024-01-01,2024-01-26,Instagram,3573,141,99.55,17.0,1,IN,25 days,0.03946263643996641,0.12056737588652482,0.7060283687943262,5.855882352941176
1383,CMP-01384,Q1_BlackFriday_CMP-01384,2023-12-11,2023-12-20,TikTok,79344,1502,1374.79,173.0,0,TI,9 days,0.01893022786852188,0.1151797603195739,0.915306258322237,7.946763005780347
1384,CMP-01385,Q3_BlackFriday_CMP-01385,2023-04-02,2023-05-02,Facebook,36367,1297,738.12,107.0,0,FA,30 days,0.03566420106140182,0.08249807247494217,0.5690979182729375,6.8983177570093455
1385,CMP-01386,Q4_BlackFriday_CMP-01386,2023-06-15,2023-07-03,Instagram,61774,2027,3843.67,141.0,1,IN,18 days,0.032813157639136205,0.06956092747903306,1.896235816477553,27.260070921985815
1386,CMP-01387,Q1_Launch_CMP-01387,2023-10-15,2023-10-27,TikTok,24752,809,1206.38,41.0,1,TI,12 days,0.032684227537168715,0.05067985166872682,1.4911990111248457,29.423902439024392
1387,CMP-01388,Q2_Summer_CMP-01388,2023-12-08,2024-01-04,Unknown,56029,2046,3313.59,149.0,1,XX,27 days,0.03651680379803316,0.07282502443792767,1.6195454545454546,22.238859060402685
1388,CMP-01389,Q3_Launch_CMP-01389,2023-10-01,2023-10-09,Instagram,18685,596,576.55,92.0,0,IN,8 days,0.031897243778431894,0.15436241610738255,0.9673657718120805,6.2668478260869565
1389,CMP-01390,Q2_Winter_CMP-01390,2023-01-07,2023-07-06,Email,52693,2380,4208.98,205.0,1,EM,180 days,0.0451672897728351,0.0861344537815126,1.7684789915966386,20.53160975609756
1390,CMP-01391,Q3_Winter_CMP-01391,2023-03-16,2023-03-17,Google Ads,56961,2108,1874.87,253.0,0,INVALID,1 days,0.03700777725110163,0.12001897533206832,0.8894070208728653,7.410553359683794
1392,CMP-01393,Q2_BlackFriday_CMP-01393,2023-03-24,2023-04-12,Facebook,75532,3262,3472.8,597.0,1,FA,19 days,0.043186993592119895,0.18301655426118946,1.0646229307173514,5.817085427135678
1393,CMP-01394,Q3_BlackFriday_CMP-01394,2023-03-16,2023-03-27,Instagram,82994,2842,3854.16,521.0,1,IN,11 days,0.03424343928476757,0.1833216045038705,1.3561435608726249,7.397619961612284
1394,CMP-01395,Q1_Winter_CMP-01395,2023-06-01,2023-06-26,Instagram,57133,1236,1505.52,200.0,1,IN,25 days,0.021633731818738733,0.16181229773462782,1.2180582524271844,7.5276
1396,CMP-01397,Q3_Launch_CMP-01397,2023-12-12,2023-12-18,Email,62268,1002,659.42,136.0,1,EM,6 days,0.016091732511081133,0.13572854291417166,0.6581037924151696,4.848676470588235
1398,CMP-01399,Q3_Launch_CMP-01399,2023-12-23,2024-01-19,Email,39243,1507,1913.09,79.0,1,INVALID,27 days,0.03840175317891089,0.05242203052422031,1.2694691439946915,24.21632911392405
1399,CMP-01400,Q2_Launch_CMP-01400,2023-07-15,2023-07-28,Facebook,58384,2772,2556.03,367.0,0,FA,13 days,0.04747876130446698,0.1323953823953824,0.9220887445887447,6.96465940054496
1400,CMP-01401,Q3_BlackFriday_CMP-01401,2023-12-17,2023-12-24,Google Ads,32653,1114,1930.94,199.0,0,GO,7 days,0.03411631396808869,0.17863554757630162,1.7333393177737881,9.70321608040201
1401,CMP-01402,Q2_BlackFriday_CMP-01402,2023-01-07,2023-01-25,Email,27657,800,1303.42,96.0,1,E-,18 days,0.02892576924467585,0.12,1.629275,13.577291666666667
1402,CMP-01403,Q3_Summer_CMP-01403,2023-08-15,2023-09-04,TikTok,40952,507,810.84,25.0,1,TI,20 days,0.012380347724164876,0.04930966469428008,1.5992899408284025,32.4336
1403,CMP-01404,Q2_Summer_CMP-01404,2023-12-27,2023-12-28,Instagram,23180,854,1549.4,44.0,0,IN,1 days,0.03684210526315789,0.05152224824355972,1.8142857142857145,35.21363636363637
1405,CMP-01406,Q4_Launch_CMP-01406,2023-04-10,2023-04-13,Facebook,79411,3939,3339.33,288.0,1,FA,3 days,0.049602699877850674,0.07311500380807312,0.8477608530083778,11.594895833333332
1406,CMP-01407,Q1_Summer_CMP-01407,2023-12-16,2024-01-04,Facebook,2622,51,79.48,7.0,1,FA,19 days,0.019450800915331808,0.13725490196078433,1.5584313725490198,11.354285714285714
1407,CMP-01408,Q3_Summer_CMP-01408,2023-03-30,2023-04-23,Instagram,49756,1553,1493.29,242.0,1,IN,24 days,0.031212316102580594,0.15582743077913716,0.9615518351577591,6.1706198347107435
1408,CMP-01409,Q4_Summer_CMP-01409,2023-01-21,2023-02-10,Facebook,41809,1506,1300.07,115.0,0,FA,20 days,0.03602095242651104,0.07636122177954847,0.8632602921646746,11.304956521739129
1410,CMP-01411,Q3_BlackFriday_CMP-01411,2023-01-03,2023-01-29,Instagram,62396,2024,3270.87,235.0,1,IN,26 days,0.03243797679338419,0.11610671936758893,1.616042490118577,13.91859574468085
1411,CMP-01412,Q1_Summer_CMP-01412,2023-03-21,2023-04-06,Facebook,52226,2145,3360.15,153.0,0,FA,16 days,0.04107149695553939,0.07132867132867132,1.5665034965034965,21.961764705882352
1412,CMP-01413,Q1_Summer_CMP-01413,2023-06-15,2023-06-19,Facebook,82182,1495,1273.37,246.0,0,FA,4 days,0.018191331435107445,0.1645484949832776,0.851752508361204,5.17630081300813
1413,CMP-01414,Q2_Summer_CMP-01414,2023-11-17,2023-11-21,Google Ads,83565,3261,5296.09,549.0,1,GO,4 days,0.03902351462933046,0.16835326586936522,1.6240693038945109,9.646794171220401
1414,CMP-01415,Q4_Winter_CMP-01415,2023-09-09,2023-09-17,Instagram,30402,1057,1983.74,154.0,0,IN,8 days,0.03476744950990066,0.1456953642384106,1.8767644276253548,12.881428571428572
1415,CMP-01416,Q1_Launch_CMP-01416,2023-02-07,2023-03-07,Email,5263,241,159.55,42.0,1,EM,28 days,0.045791373741212234,0.17427385892116182,0.662033195020747,3.798809523809524
1416,CMP-01417,Q3_Launch_CMP-01417,2023-04-23,2023-05-07,TikTok,97523,4280,3633.53,687.0,1,TI,14 days,0.04388708304707607,0.1605140186915888,0.8489556074766356,5.2889810771470165
1417,CMP-01418,Q4_Winter_CMP-01418,2023-09-16,2023-09-24,Instagram,47828,1081,1757.05,197.0,0,IN,8 days,0.02260182319979928,0.1822386679000925,1.6253931544865865,8.919035532994924
1419,CMP-01420,Q2_BlackFriday_CMP-01420,2023-04-24,2023-05-09,TikTok,75182,3703,5321.2,600.0,1,TI,15 days,0.049253810752573755,0.16203078584931138,1.4369970294355927,8.868666666666666
1420,CMP-01421,Q4_Launch_CMP-01421,2023-06-19,2023-07-09,Facebook,94065,2924,1817.99,584.0,1,FA,20 days,0.03108488810928613,0.1997264021887825,0.6217476060191518,3.112996575342466
1421,CMP-01422,Q1_Launch_CMP-01422,2023-11-13,2023-11-19,TikTok,60052,2777,3272.15,440.0,1,TI,6 days,0.04624325584493439,0.15844436442203816,1.1783039250990277,7.436704545454545
1422,CMP-01423,Q3_Summer_CMP-01423,2023-11-29,2023-12-28,Google Ads,12664,209,336.21,14.0,1,GO,29 days,0.016503474415666457,0.06698564593301436,1.6086602870813396,24.014999999999997
1423,CMP-01424,Q4_Summer_CMP-01424,2023-12-09,2023-12-15,Google Ads,36737,1311,2005.53,167.0,1,INVALID,6 days,0.03568609303971473,0.12738367658276126,1.529771167048055,12.009161676646707
1425,CMP-01426,Q3_Launch_CMP-01426,2023-01-21,2023-01-29,Email,30373,1454,2640.72,110.0,1,EM,8 days,0.047871464787804956,0.07565337001375516,1.8161760660247592,24.006545454545453
1426,CMP-01427,Q2_BlackFriday_CMP-01427,2023-02-28,2023-03-09,Facebook,37397,878,1457.28,170.0,0,FA,9 days,0.0234778190763965,0.19362186788154898,1.659772209567198,8.572235294117647
1427,CMP-01428,Q2_BlackFriday_CMP-01428,2023-05-25,2023-05-29,Email,87145,3398,5122.08,259.0,0,EM,4 days,0.038992483791382176,0.07622130665097115,1.5073808122424956,19.776370656370656
1429,CMP-01430,Q3_Winter_CMP-01430,2023-09-18,2023-09-26,TikTok,62120,771,1004.19,144.0,0,INVALID,8 days,0.012411461687057309,0.1867704280155642,1.3024513618677043,6.973541666666667
1430,CMP-01431,Q2_Winter_CMP-01431,2023-11-30,2023-12-22,Instagram,20250,761,423.53,91.0,1,IN,22 days,0.037580246913580244,0.11957950065703023,0.5565440210249671,4.654175824175824
1432,CMP-01433,Q2_Summer_CMP-01433,2023-10-03,2023-10-17,Unknown,12555,592,580.8,82.0,0,XX,14 days,0.04715252887295898,0.13851351351351351,0.981081081081081,7.082926829268292
1433,CMP-01434,Q1_Summer_CMP-01434,2023-04-18,2023-05-07,Facebook,88410,2642,3549.91,370.0,0,FA,19 days,0.029883497341929646,0.1400454201362604,1.3436449659348977,9.594351351351351
1434,CMP-01435,Q2_BlackFriday_CMP-01435,2023-12-17,2024-01-14,Email,79617,1529,1405.41,91.0,0,EM,28 days,0.01920444126254443,0.059516023544800525,0.9191693917593199,15.444065934065934
1435,CMP-01436,Q1_BlackFriday_CMP-01436,2023-10-03,2023-10-23,Email,54276,639,1069.53,125.0,1,EM,20 days,0.011773159407472917,0.19561815336463223,1.6737558685446008,8.556239999999999
1436,CMP-01437,Q3_Winter_CMP-01437,2023-08-11,2023-09-08,Instagram,58492,1557,2848.93,204.0,1,IN,28 days,0.026619024823907544,0.13102119460500963,1.82975594091201,13.965343137254902
1437,CMP-01438,Q2_Winter_CMP-01438,2023-12-18,2023-12-31,Facebook,54002,1192,1308.77,159.0,0,FA,13 days,0.02207325654605385,0.13338926174496643,1.097961409395973,8.23125786163522
1438,CMP-01439,Q3_Winter_CMP-01439,2023-06-19,2023-07-04,Email,90599,3664,6574.62,469.0,0,EM,15 days,0.040441947482864046,0.12800218340611352,1.7943831877729257,14.018379530916844
1439,CMP-01440,Q4_BlackFriday_CMP-01440,2023-02-14,2023-07-02,Facebook,73355,1773,1596.79,251.0,0,FA,138 days,0.02417013155204144,0.14156796390298929,0.9006147772137619,6.3617131474103585
1440,CMP-01441,Q2_Winter_CMP-01441,2023-05-09,2023-05-17,TikTok,92248,4424,5760.01,396.0,1,TI,8 days,0.0479576792992802,0.08951175406871609,1.301991410488246,14.545479797979798
1441,CMP-01442,Q3_Summer_CMP-01442,2023-04-27,2023-05-01,Email,25762,1249,2233.39,116.0,1,EM,4 days,0.048482260694045494,0.09287429943955164,1.7881425140112088,19.253362068965515
1442,CMP-01443,Q2_Launch_CMP-01443,2023-08-19,2023-09-16,Instagram,12046,419,414.32,53.0,0,IN,28 days,0.03478333056616304,0.12649164677804295,0.9888305489260143,7.817358490566038
1443,CMP-01444,Q1_Launch_CMP-01444,2023-01-09,2023-01-12,Google Ads,97999,4620,8921.51,790.0,0,GO,3 days,0.04714333819732854,0.170995670995671,1.9310627705627705,11.293050632911394
1444,CMP-01445,Q1_Launch_CMP-01445,2023-01-04,2023-01-18,TikTok,29769,1203,821.43,69.0,1,TI,14 days,0.040411165978030836,0.057356608478802994,0.6828179551122194,11.904782608695651
1445,CMP-01446,Q2_Launch_CMP-01446,2023-10-27,2023-11-19,Facebook,54302,1730,912.42,243.0,1,FA,23 days,0.0318588633936135,0.14046242774566475,0.5274104046242775,3.754814814814815
1446,CMP-01447,Q1_Launch_CMP-01447,2023-02-07,2023-02-22,Email,24150,415,770.32,70.0,1,EM,15 days,0.017184265010351966,0.1686746987951807,1.8561927710843376,11.00457142857143
1447,CMP-01448,Q4_Launch_CMP-01448,2023-05-29,2023-06-13,TikTok,69247,1962,1183.03,144.0,0,TI,15 days,0.028333357401764698,0.07339449541284404,0.6029714576962283,8.215486111111112
1448,CMP-01449,Q2_Winter_CMP-01449,2023-02-14,2023-02-19,Google Ads,5853,189,375.7,9.0,1,GO,5 days,0.03229113275243465,0.047619047619047616,1.9878306878306877,41.74444444444444
1449,CMP-01450,Q4_Summer_CMP-01450,2023-07-15,2023-08-08,Google Ads,95613,4260,8209.43,412.0,1,GO,24 days,0.04455461077468545,0.09671361502347418,1.9270962441314554,19.925800970873787
1450,CMP-01451,Q1_Winter_CMP-01451,2023-08-31,2023-09-29,Facebook,90399,2644,1865.42,365.0,1,FA,29 days,0.029248111151672033,0.1380484114977307,0.7055295007564297,5.110739726027398
1451,CMP-01452,Q1_Winter_CMP-01452,2023-07-20,2023-08-02,TikTok,22792,1046,1366.47,73.0,1,TI,13 days,0.045893295893295896,0.06978967495219886,1.306376673040153,18.718767123287673
1452,CMP-01453,Q2_Summer_CMP-01453,2023-06-01,2023-06-29,Google Ads,60129,2223,1728.12,253.0,1,GO,28 days,0.036970513396198175,0.1138101664417454,0.7773819163292847,6.830513833992095
1453,CMP-01454,Q4_BlackFriday_CMP-01454,2023-12-13,2024-01-02,Instagram,75478,1168,1334.13,155.0,1,IN,20 days,0.015474707861893531,0.1327054794520548,1.142234589041096,8.607290322580646
1454,CMP-01455,Q3_Launch_CMP-01455,2023-11-28,2023-12-23,Google Ads,68298,3401,2013.86,475.0,0,INVALID,25 days,0.049796480131189785,0.13966480446927373,0.5921376065862981,4.239705263157894
1455,CMP-01456,Q2_Winter_CMP-01456,2023-10-11,2023-10-24,Instagram,32987,1025,856.78,93.0,0,IN,13 days,0.031072846879073576,0.09073170731707317,0.8358829268292682,9.212688172043011
1458,CMP-01459,Q1_Launch_CMP-01459,2023-02-13,2023-03-10,TikTok,25058,359,705.88,68.0,1,TI,25 days,0.014326761912363317,0.1894150417827298,1.9662395543175488,10.380588235294118
1460,CMP-01461,Q4_Launch_CMP-01461,2023-09-20,2023-09-27,Facebook,39890,1193,500000.0,160.0,1,FA,7 days,0.029907244923539734,0.13411567476948869,419.11148365465215,3125.0
1463,CMP-01464,Q3_Summer_CMP-01464,2023-01-28,2023-02-13,Instagram,33921,1048,1057.42,72.0,0,IN,16 days,0.030895315586215027,0.06870229007633588,1.0089885496183206,14.68638888888889
1464,CMP-01465,Q4_BlackFriday_CMP-01465,2023-10-09,2023-10-23,Instagram,2524,47,73.48,3.0,1,IN,14 days,0.01862123613312203,0.06382978723404255,1.563404255319149,24.493333333333336
1465,CMP-01466,Q2_Summer_CMP-01466,2023-05-29,2023-06-24,Email,16048,455,905.76,69.0,0,EM,26 days,0.028352442671984047,0.15164835164835164,1.9906813186813186,13.12695652173913
1466,CMP-01467,Q4_Launch_CMP-01467,2023-04-12,2023-05-11,Instagram,36111,1689,1641.61,150.0,1,IN,29 days,0.04677245160754341,0.08880994671403197,0.9719419775014801,10.944066666666666
1467,CMP-01468,Q1_BlackFriday_CMP-01468,2023-06-19,2023-07-06,Facebook,38904,663,1001.81,58.0,1,FA,17 days,0.01704194941394201,0.08748114630467571,1.5110256410256409,17.272586206896552
1468,CMP-01469,Q3_Summer_CMP-01469,2023-05-01,2023-05-12,Unknown,55912,1037,1831.83,207.0,1,XX,11 days,0.018547002432393763,0.19961427193828352,1.766470588235294,8.849420289855072
1469,CMP-01470,Q2_Winter_CMP-01470,2023-04-10,2023-04-21,Instagram,35008,368,689.53,28.0,0,IN,11 days,0.010511882998171846,0.07608695652173914,1.8737228260869565,24.62607142857143
1470,CMP-01471,Q2_Summer_CMP-01471,2023-11-12,2023-11-13,Unknown,1060,11,17.35,0.0,0,XX,1 days,0.010377358490566037,0.0,1.5772727272727274,inf
1471,CMP-01472,Q2_Winter_CMP-01472,2023-03-20,2023-04-05,Google Ads,75666,3266,3022.4,211.0,0,GO,16 days,0.04316337588877435,0.0646050214329455,0.9254133496631965,14.324170616113744
1472,CMP-01473,Q2_Launch_CMP-01473,2023-06-11,2023-06-28,TikTok,84559,3321,3285.87,454.0,0,TI,17 days,0.03927435281874194,0.13670581150255948,0.9894218608852755,7.237599118942731
1473,CMP-01474,Q1_Summer_CMP-01474,2023-06-10,2023-06-30,Instagram,56337,1363,723.94,196.0,0,IN,20 days,0.024193691534870512,0.1438004402054292,0.5311371973587674,3.693571428571429
1474,CMP-01475,Q2_BlackFriday_CMP-01475,2023-11-25,2023-12-08,Unknown,14350,544,892.88,57.0,0,XX,13 days,0.037909407665505226,0.10477941176470588,1.6413235294117647,15.664561403508772
1475,CMP-01476,Q3_Launch_CMP-01476,2023-03-10,2023-04-06,Google Ads,25354,654,368.93,85.0,1,GO,27 days,0.025794746391101995,0.12996941896024464,0.5641131498470948,4.34035294117647
1476,CMP-01477,Q2_Launch_CMP-01477,2023-09-03,2023-09-18,Instagram,46186,2222,3992.89,373.0,0,IN,15 days,0.0481098168276101,0.16786678667866786,1.796980198019802,10.704798927613941
1479,CMP-01480,Q3_Summer_CMP-01480,2023-03-13,2023-03-25,TikTok,87123,3848,4674.51,668.0,1,TI,12 days,0.0441674414333758,0.1735966735966736,1.2147895010395011,6.997769461077844
1480,CMP-01481,Q2_Summer_CMP-01481,2023-11-17,2023-11-22,TikTok,76186,3117,5008.46,419.0,1,INVALID,5 days,0.04091302864043263,0.1344241257619506,1.6068206608918831,11.953365155131266
1481,CMP-01482,Q4_Winter_CMP-01482,2023-02-08,2023-03-03,Facebook,86469,1936,1371.66,148.0,1,FA,23 days,0.022389526882466548,0.07644628099173553,0.7085020661157025,9.267972972972974
1482,CMP-01483,Q3_Launch_CMP-01483,2023-11-20,2023-11-23,Google Ads,21581,416,482.6,27.0,1,GO,3 days,0.019276215189286874,0.06490384615384616,1.1600961538461538,17.874074074074073
1483,CMP-01484,Q3_BlackFriday_CMP-01484,2023-10-25,2023-11-14,Instagram,89929,2547,3118.23,148.0,0,IN,20 days,0.028322343181843453,0.058107577542206516,1.2242756183745582,21.069121621621623
1484,CMP-01485,Q3_Summer_CMP-01485,2023-04-19,2023-05-16,Instagram,24051,992,811.88,148.0,0,IN,27 days,0.041245686250051976,0.14919354838709678,0.8184274193548388,5.485675675675676
1485,CMP-01486,Q1_BlackFriday_CMP-01486,2023-10-06,2023-10-29,TikTok,52474,2540,1710.28,434.0,1,TI,23 days,0.048404924343484396,0.17086614173228346,0.6733385826771654,3.94073732718894
1486,CMP-01487,Q1_Launch_CMP-01487,2023-12-01,2023-12-23,Google Ads,92748,3760,6597.41,474.0,0,GO,22 days,0.04053995773493768,0.12606382978723404,1.754630319148936,13.918586497890296
1487,CMP-01488,Q1_Winter_CMP-01488,2023-04-25,2023-05-08,Email,70626,3122,3914.05,181.0,0,EM,13 days,0.04420468382748563,0.05797565663036515,1.2536995515695069,21.624585635359118
1488,CMP-01489,Q4_Summer_CMP-01489,2023-05-29,2023-06-04,Unknown,7960,271,141.35,35.0,1,XX,6 days,0.034045226130653264,0.12915129151291513,0.5215867158671587,4.038571428571428
1490,CMP-01491,Q2_Summer_CMP-01491,2023-12-06,2023-12-19,Instagram,22520,931,1835.18,130.0,0,IN,13 days,0.041341030195381885,0.13963480128893663,1.9711922663802364,14.116769230769231
1491,CMP-01492,Q1_BlackFriday_CMP-01492,2023-11-11,2023-11-18,Email,50481,1266,1783.65,217.0,1,EM,7 days,0.025078742497177155,0.17140600315955767,1.4088862559241706,8.219585253456222
1492,CMP-01493,Q2_Summer_CMP-01493,2023-03-13,2023-03-20,Google Ads,37408,1200,1506.68,204.0,1,GO,7 days,0.0320786997433704,0.17,1.2555666666666667,7.385686274509804
1493,CMP-01494,Q4_Summer_CMP-01494,2023-10-17,2023-10-28,TikTok,95006,4008,7285.04,760.0,1,TI,11 days,0.04218680925415237,0.18962075848303392,1.817624750499002,9.585578947368422
1494,CMP-01495,Q1_Launch_CMP-01495,2023-05-21,2023-09-05,Google Ads,58134,688,1327.0,113.0,1,GO,107 days,0.0118347266659786,0.16424418604651161,1.9287790697674418,11.743362831858407
1496,CMP-01497,Q4_Winter_CMP-01497,2023-04-30,2023-05-09,Email,2341,40,46.73,3.0,1,EM,9 days,0.01708671507902606,0.075,1.16825,15.576666666666666
1497,CMP-01498,Q1_BlackFriday_CMP-01498,2023-04-11,2023-04-16,Facebook,45623,1395,1936.72,82.0,0,FA,5 days,0.030576682813493194,0.05878136200716846,1.3883297491039426,23.618536585365852
1498,CMP-01499,Q4_Launch_CMP-01499,2023-07-18,2023-08-10,Facebook,91327,3865,5996.17,493.0,0,FA,23 days,0.04232045287811929,0.12755498059508408,1.5514023285899095,12.162616632860042
1500,CMP-01501,Q3_BlackFriday_CMP-01501,2023-11-29,2023-12-28,TikTok,72431,1436,1681.27,279.0,1,TI,29 days,0.019825765211028426,0.19428969359331477,1.170800835654596,6.026057347670251
1501,CMP-01502,Q1_Launch_CMP-01502,2023-09-24,2023-10-02,Unknown,13254,346,603.68,32.0,1,XX,8 days,0.026105326693828278,0.09248554913294797,1.7447398843930635,18.865
1502,CMP-01503,Q4_Winter_CMP-01503,2023-05-15,2023-05-28,TikTok,52860,2420,3586.65,430.0,1,TI,13 days,0.04578130911842603,0.17768595041322313,1.482086776859504,8.341046511627907
1503,CMP-01504,Q2_Winter_CMP-01504,2023-07-12,2023-08-01,Google Ads,12344,123,137.37,13.0,1,GO,20 days,0.009964355152300713,0.10569105691056911,1.116829268292683,10.566923076923077
1504,CMP-01505,Q2_Winter_CMP-01505,2023-02-10,2023-12-01,TikTok,2750,126,188.38,12.0,0,TI,294 days,0.04581818181818182,0.09523809523809523,1.495079365079365,15.698333333333332
1505,CMP-01506,Q2_Summer_CMP-01506,2023-05-09,2023-05-25,Instagram,55756,900,609.6,171.0,1,INVALID,16 days,0.01614176052801492,0.19,0.6773333333333333,3.5649122807017544
1506,CMP-01507,Q1_Launch_CMP-01507,2023-09-22,2023-09-23,Facebook,68957,3420,3769.68,357.0,1,FA,1 days,0.0495961251214525,0.10438596491228071,1.1022456140350876,10.559327731092436
1507,CMP-01508,Q3_Summer_CMP-01508,2023-06-26,2023-07-18,Google Ads,59053,2845,4807.18,308.0,0,GO,22 days,0.048177061283931386,0.10826010544815466,1.6896942003514939,15.607727272727274
1508,CMP-01509,Q2_Winter_CMP-01509,2023-06-11,2023-12-06,Facebook,71855,2140,1777.83,141.0,1,FA,178 days,0.029782200264421403,0.06588785046728972,0.8307616822429906,12.608723404255318
1509,CMP-01510,Q3_Winter_CMP-01510,2023-03-13,2023-04-01,Unknown,16896,515,401.16,77.0,1,XX,19 days,0.03048058712121212,0.14951456310679612,0.7789514563106796,5.20987012987013
1510,CMP-01511,Q3_BlackFriday_CMP-01511,2023-09-21,2023-09-29,Unknown,56761,1660,3197.54,154.0,1,XX,8 days,0.029245432603372035,0.0927710843373494,1.9262289156626506,20.763246753246754
1511,CMP-01512,Q4_BlackFriday_CMP-01512,2023-04-06,2023-04-27,Instagram,63552,2250,1833.4,310.0,0,IN,21 days,0.03540407854984894,0.13777777777777778,0.8148444444444445,5.914193548387097
1512,CMP-01513,Q2_BlackFriday_CMP-01513,2023-03-02,2023-03-25,Email,78454,1069,952.88,148.0,1,EM,23 days,0.01362581895123257,0.1384471468662301,0.8913751169317119,6.438378378378379
1513,CMP-01514,Q4_BlackFriday_CMP-01514,2023-06-19,2023-06-22,Instagram,91600,1035,2022.83,163.0,0,IN,3 days,0.011299126637554585,0.157487922705314,1.9544251207729468,12.41
1514,CMP-01515,Q2_Summer_CMP-01515,2023-09-03,2023-09-18,Facebook,28935,356,570.33,57.0,0,FA,15 days,0.012303438742007948,0.1601123595505618,1.602050561797753,10.005789473684212
1515,CMP-01516,Q4_Summer_CMP-01516,2023-11-28,2023-12-21,TikTok,38641,1073,1662.5,136.0,1,TI,23 days,0.027768432493983076,0.1267474370922647,1.549394221808015,12.224264705882353
1516,CMP-01517,Q2_Winter_CMP-01517,2023-01-23,2023-02-18,Email,30711,645,1147.71,64.0,0,EM,26 days,0.021002246751978117,0.09922480620155039,1.7793953488372094,17.93296875
1517,CMP-01518,Q1_Winter_CMP-01518,2023-03-10,2023-10-04,Facebook,71342,2488,1676.25,436.0,1,FA,208 days,0.03487426761234616,0.1752411575562701,0.673733922829582,3.844610091743119
1518,CMP-01519,Q1_Winter_CMP-01519,2023-10-21,2023-11-03,Unknown,13182,655,1021.1,63.0,0,XX,13 days,0.049688969807313,0.09618320610687023,1.5589312977099237,16.20793650793651
1519,CMP-01520,Q2_Launch_CMP-01520,2023-04-03,2023-04-22,Instagram,88833,2261,2838.76,285.0,1,IN,19 days,0.025452253104139226,0.12605042016806722,1.2555329500221142,9.960561403508773
1520,CMP-01521,Q3_Summer_CMP-01521,2023-10-16,2023-10-28,Google Ads,57276,1887,3290.41,207.0,0,GO,12 days,0.03294573643410853,0.10969793322734499,1.7437254901960784,15.895700483091787
1521,CMP-01522,Q4_Launch_CMP-01522,2023-12-05,2023-12-17,Email,20541,546,689.17,97.0,0,EM,12 days,0.02658098437271798,0.17765567765567766,1.262216117216117,7.104845360824742
1522,CMP-01523,Q3_Winter_CMP-01523,2023-04-21,2023-05-04,TikTok,95457,4189,5991.79,480.0,0,TI,13 days,0.04388363346847272,0.11458582000477441,1.4303628550966818,12.482895833333334
1523,CMP-01524,Q4_Launch_CMP-01524,2023-09-04,2023-09-05,TikTok,83310,3839,4670.58,414.0,1,TI,1 days,0.04608090265274277,0.10784058348528262,1.2166137014847616,11.281594202898551
1524,CMP-01525,Q2_Launch_CMP-01525,2023-11-04,2023-11-20,Facebook,45813,2065,2513.6,316.0,0,FA,16 days,0.045074542160522126,0.15302663438256658,1.2172397094430993,7.954430379746835
1525,CMP-01526,Q3_Launch_CMP-01526,2023-04-04,2023-04-18,Email,38198,1870,3089.16,262.0,1,EM,14 days,0.04895544269333473,0.14010695187165775,1.6519572192513368,11.790687022900762
1526,CMP-01527,Q1_BlackFriday_CMP-01527,2023-03-27,2023-04-20,Google Ads,9820,109,157.27,7.0,1,GO,24 days,0.01109979633401222,0.06422018348623854,1.4428440366972477,22.467142857142857
1527,CMP-01528,Q3_BlackFriday_CMP-01528,2023-08-21,2023-09-05,Google Ads,25070,1092,1583.29,137.0,1,GO,15 days,0.04355803749501396,0.12545787545787546,1.4498992673992674,11.556861313868612
1528,CMP-01529,Q2_BlackFriday_CMP-01529,2023-07-13,2023-08-12,TikTok,70768,2835,3332.33,454.0,0,TI,30 days,0.0400604793126837,0.16014109347442682,1.1754250440917107,7.339933920704846
1529,CMP-01530,Q3_Launch_CMP-01530,2023-04-14,2023-04-28,Facebook,12122,232,300.83,46.0,1,FA,14 days,0.019138755980861243,0.19827586206896552,1.2966810344827586,6.539782608695652
1530,CMP-01531,Q4_Summer_CMP-01531,2023-12-17,2023-12-20,TikTok,81559,3935,6369.1,568.0,1,TI,3 days,0.04824728110938094,0.1443456162642948,1.618576874205845,11.213204225352113
1531,CMP-01532,Q3_BlackFriday_CMP-01532,2023-02-19,2023-03-05,Facebook,74543,1187,2064.09,125.0,1,FA,14 days,0.0159236950484955,0.10530749789385004,1.7389132266217355,16.51272
1532,CMP-01533,Q1_BlackFriday_CMP-01533,2023-04-11,2023-11-13,TikTok,84441,3139,4849.26,263.0,0,TI,216 days,0.03717388472424533,0.08378464479133482,1.5448423064670278,18.438250950570342
1533,CMP-01534,Q4_Summer_CMP-01534,2023-09-30,2023-10-12,Google Ads,42786,812,1531.52,146.0,1,GO,12 days,0.01897817042957977,0.17980295566502463,1.8861083743842364,10.48986301369863
1534,CMP-01535,Q2_Summer_CMP-01535,2023-09-04,2023-09-12,Instagram,95934,2614,4523.49,450.0,1,IN,8 days,0.027247899597640044,0.17214996174445293,1.7304858454475898,10.0522
1535,CMP-01536,Q2_Launch_CMP-01536,2023-10-04,2023-10-13,Instagram,7737,299,401.5,25.0,0,IN,9 days,0.0386454698203438,0.08361204013377926,1.342809364548495,16.06
1536,CMP-01537,Q1_Summer_CMP-01537,2023-12-14,2023-12-26,Instagram,37062,1205,1816.07,96.0,1,IN,12 days,0.03251308617991474,0.07966804979253111,1.5071120331950207,18.917395833333334
1537,CMP-01538,Q3_Winter_CMP-01538,2023-07-09,2023-08-08,Email,55237,1496,2826.64,235.0,0,EM,30 days,0.02708329561706827,0.1570855614973262,1.8894652406417112,12.028255319148936
1538,CMP-01539,Q3_BlackFriday_CMP-01539,2023-08-08,2023-08-17,TikTok,52571,1211,1730.22,117.0,0,TI,9 days,0.02303551387647182,0.09661436829066887,1.4287530966143682,14.788205128205128
1539,CMP-01540,Q4_Launch_CMP-01540,2023-07-15,2023-07-31,Instagram,26510,1155,2006.48,110.0,1,IN,16 days,0.043568464730290454,0.09523809523809523,1.7372121212121212,18.240727272727273
1540,CMP-01541,Q1_Winter_CMP-01541,2023-12-23,2023-12-29,Facebook,20426,321,492.16,23.0,1,FA,6 days,0.01571526485851366,0.07165109034267912,1.533208722741433,21.398260869565217
1541,CMP-01542,Q4_Winter_CMP-01542,2023-05-11,2023-05-17,Instagram,38265,1040,1381.02,93.0,0,IN,6 days,0.02717888409773945,0.08942307692307692,1.3279038461538462,14.849677419354839
1542,CMP-01543,Q2_Winter_CMP-01543,2023-02-12,2023-02-20,TikTok,18850,869,749.74,99.0,1,TI,8 days,0.04610079575596817,0.11392405063291139,0.8627617951668585,7.573131313131313
1543,CMP-01544,Q1_Winter_CMP-01544,2023-07-29,2023-08-26,Email,67150,2943,3352.07,470.0,0,EM,28 days,0.043827252419955325,0.15970098538905877,1.1389976214746858,7.132063829787234
1545,CMP-01546,Q1_BlackFriday_CMP-01546,2023-01-04,2023-01-25,Facebook,90613,3672,5458.97,364.0,0,FA,21 days,0.040523986624435786,0.09912854030501089,1.486647603485839,14.99717032967033
1546,CMP-01547,Q2_Winter_CMP-01547,2023-06-11,2023-06-28,Unknown,75910,3258,4387.2,302.0,1,XX,17 days,0.042919246476090106,0.09269490484960098,1.3465930018416206,14.527152317880795
1547,CMP-01548,Q3_Winter_CMP-01548,2023-08-07,2023-08-27,Facebook,53375,2431,4617.53,295.0,0,FA,20 days,0.045545667447306794,0.12134923899629782,1.899436445907034,15.65264406779661
1548,CMP-01549,Q1_Winter_CMP-01549,2023-10-02,2023-10-19,TikTok,36435,1157,1596.39,89.0,1,TI,17 days,0.03175518045835049,0.07692307692307693,1.3797666378565256,17.936966292134834
1549,CMP-01550,Q2_Winter_CMP-01550,2023-05-22,2023-06-17,Facebook,97443,1771,2283.04,217.0,1,FA,26 days,0.01817472778957955,0.1225296442687747,1.289124788255223,10.520921658986175
1550,CMP-01551,Q4_Winter_CMP-01551,2023-04-15,2023-04-22,Google Ads,58132,1174,1924.15,182.0,1,INVALID,7 days,0.02019541732608546,0.15502555366269166,1.63896933560477,10.572252747252747
1551,CMP-01552,Q3_Summer_CMP-01552,2023-09-05,2023-10-03,Facebook,79945,1745,2737.9,95.0,1,FA,28 days,0.021827506410657328,0.054441260744985676,1.5689971346704872,28.82
1552,CMP-01553,Q4_BlackFriday_CMP-01553,2023-09-05,2023-09-07,Facebook,83050,2803,2213.64,144.0,1,FA,2 days,0.03375075255869958,0.051373528362468786,0.7897395647520513,15.372499999999999
1553,CMP-01554,Q4_Launch_CMP-01554,2023-06-26,2023-07-09,Email,96402,1090,1315.59,66.0,1,EM,13 days,0.011306819360594179,0.060550458715596334,1.2069633027522935,19.93318181818182
1554,CMP-01555,Q4_Launch_CMP-01555,2023-03-12,2023-03-24,TikTok,3983,141,170.44,18.0,0,TI,12 days,0.035400451920662816,0.1276595744680851,1.2087943262411347,9.46888888888889
1555,CMP-01556,Q3_Winter_CMP-01556,2023-04-28,2023-04-30,Google Ads,98241,2414,2576.55,430.0,1,GO,2 days,0.024572225445587893,0.17812758906379453,1.0673363711681856,5.991976744186047
1556,CMP-01557,Q3_Summer_CMP-01557,2023-03-24,2023-04-18,TikTok,21662,472,602.24,23.0,0,TI,25 days,0.021789308466438926,0.048728813559322036,1.2759322033898306,26.184347826086956
1558,CMP-01559,Q3_Winter_CMP-01559,2023-12-17,2023-12-20,Google Ads,79187,2248,1796.19,148.0,1,GO,3 days,0.02838849811206385,0.06583629893238434,0.7990169039145908,12.136418918918919
1560,CMP-01561,Q4_Winter_CMP-01561,2023-02-16,2023-03-18,Instagram,57846,2491,1515.56,304.0,0,IN,30 days,0.043062614528230125,0.12203934162986753,0.6084142914492172,4.985394736842105
1561,CMP-01562,Q2_Launch_CMP-01562,2023-04-17,2023-11-04,TikTok,95071,1131,1542.32,168.0,1,TI,201 days,0.01189637218499858,0.14854111405835543,1.36367816091954,9.18047619047619
1562,CMP-01563,Q2_Winter_CMP-01563,2023-04-24,2023-04-27,Facebook,7640,298,530.58,37.0,0,FA,3 days,0.03900523560209424,0.12416107382550336,1.7804697986577183,14.340000000000002
1563,CMP-01564,Q4_Winter_CMP-01564,2023-07-16,2023-08-05,Google Ads,45547,1865,2961.49,226.0,1,GO,20 days,0.04094671438294509,0.12117962466487936,1.587930294906166,13.103938053097345
1564,CMP-01565,Q4_Launch_CMP-01565,2023-12-02,2023-12-25,Facebook,55620,1340,1394.39,234.0,0,FA,23 days,0.02409205321826681,0.1746268656716418,1.040589552238806,5.958931623931624
1565,CMP-01566,Q2_Winter_CMP-01566,2023-02-11,2023-11-20,TikTok,16317,701,442.06,114.0,0,TI,282 days,0.04296132867561439,0.16262482168330955,0.6306134094151212,3.877719298245614
1566,CMP-01567,Q3_Summer_CMP-01567,2023-03-31,2023-04-02,Instagram,8564,262,210.44,32.0,0,IN,2 days,0.030593180756655767,0.12213740458015267,0.803206106870229,6.57625
1567,CMP-01568,Q2_BlackFriday_CMP-01568,2023-04-14,2023-04-23,Facebook,28345,808,1065.13,53.0,1,FA,9 days,0.028505909331451754,0.0655940594059406,1.3182301980198021,20.09679245283019
1568,CMP-01569,Q2_Launch_CMP-01569,2023-09-23,2023-09-26,Google Ads,95223,1125,911.91,75.0,1,GO,3 days,0.01181437257805362,0.06666666666666667,0.8105866666666667,12.1588
1569,CMP-01570,Q1_Winter_CMP-01570,2023-11-03,2023-11-20,Instagram,80273,1733,2280.56,295.0,0,IN,17 days,0.02158882812402676,0.1702250432775534,1.3159607616849394,7.730711864406779
1572,CMP-01573,Q3_Summer_CMP-01573,2023-02-14,2023-03-01,Instagram,75038,2391,2620.31,363.0,1,IN,15 days,0.031863855646472455,0.15181932245922208,1.09590547887913,7.218484848484849
1574,CMP-01575,Q1_Launch_CMP-01575,2023-04-13,2023-04-23,Google Ads,67081,2255,3875.19,325.0,0,GO,10 days,0.03361607608711856,0.14412416851441243,1.7184878048780488,11.92366153846154
1575,CMP-01576,Q2_Launch_CMP-01576,2023-02-05,2023-02-10,Google Ads,30430,378,383.39,62.0,1,GO,5 days,0.012421952021031876,0.164021164021164,1.0142592592592592,6.183709677419355
1576,CMP-01577,Q3_Summer_CMP-01577,2023-10-14,2023-11-11,Instagram,76532,1874,1250.39,308.0,1,IN,28 days,0.024486489311660482,0.16435432230522945,0.6672305229455711,4.059707792207792
1577,CMP-01578,Q4_Winter_CMP-01578,2023-05-22,2023-06-05,TikTok,28788,1120,1518.29,115.0,0,TI,14 days,0.03890509934695012,0.10267857142857142,1.3556160714285714,13.202521739130434
1578,CMP-01579,Q1_BlackFriday_CMP-01579,2023-08-21,2023-08-30,Facebook,96505,1739,2386.51,158.0,0,FA,9 days,0.018019791720636235,0.09085681426106958,1.3723461759631974,15.104493670886077
1580,CMP-01581,Q4_BlackFriday_CMP-01581,2023-10-14,2023-11-13,Facebook,14919,155,133.35,16.0,0,FA,30 days,0.010389436289295529,0.1032258064516129,0.8603225806451612,8.334375
1581,CMP-01582,Q1_Launch_CMP-01582,2023-05-31,2023-06-06,Google Ads,70346,1934,2254.38,358.0,1,GO,6 days,0.02749267904358457,0.18510858324715615,1.1656566701137538,6.297150837988827
1582,CMP-01583,Q4_Winter_CMP-01583,2023-09-20,2023-09-28,Instagram,97122,4400,4063.63,265.0,0,IN,8 days,0.04530384464899817,0.060227272727272727,0.9235522727272728,15.33445283018868
1583,CMP-01584,Q4_BlackFriday_CMP-01584,2023-10-22,2023-11-05,Email,40974,494,306.99,29.0,1,EM,14 days,0.012056426026260555,0.058704453441295545,0.6214372469635627,10.585862068965518
1584,CMP-01585,Q2_Summer_CMP-01585,2023-07-13,2023-07-23,Email,17371,306,555.37,57.0,0,E-,10 days,0.01761556617350757,0.18627450980392157,1.814934640522876,9.743333333333334
1585,CMP-01586,Q1_BlackFriday_CMP-01586,2023-06-23,2023-06-29,TikTok,46084,1032,1644.29,151.0,1,TI,6 days,0.02239388941932124,0.14631782945736435,1.5933042635658914,10.88933774834437
1587,CMP-01588,Q4_Launch_CMP-01588,2023-04-12,2023-09-04,Email,52184,1859,2600.85,303.0,1,EM,145 days,0.035623946037099494,0.1629908552985476,1.3990586336740183,8.583663366336634
1588,CMP-01589,Q1_Summer_CMP-01589,2023-11-21,2023-11-29,TikTok,62916,1675,1343.18,252.0,0,TI,8 days,0.02662279865217115,0.15044776119402986,0.8018985074626866,5.330079365079365
1589,CMP-01590,Q3_BlackFriday_CMP-01590,2023-12-26,2024-01-23,TikTok,74972,3026,5553.78,392.0,1,TI,28 days,0.04036173504775116,0.12954395241242564,1.8353536021150032,14.16780612244898
1590,CMP-01591,Q3_BlackFriday_CMP-01591,2023-06-30,2023-07-03,TikTok,63187,2172,1460.36,140.0,1,TI,3 days,0.03437415924161615,0.06445672191528545,0.6723572744014733,10.431142857142856
1591,CMP-01592,Q4_BlackFriday_CMP-01592,2023-05-15,2023-06-04,Unknown,13984,641,324.19,110.0,0,XX,20 days,0.04583810068649886,0.17160686427457097,0.5057566302652106,2.9471818181818183
1592,CMP-01593,Q3_Summer_CMP-01593,2023-12-11,2023-12-13,Instagram,34039,1454,1821.88,261.0,1,IN,2 days,0.042715708452069685,0.17950481430536452,1.253012379642366,6.980383141762452
1594,CMP-01595,Q4_Winter_CMP-01595,2023-07-01,2023-07-22,Facebook,84691,1766,2416.68,313.0,1,FA,21 days,0.020852274739936946,0.17723669309173273,1.3684484711211777,7.7210223642172515
1595,CMP-01596,Q4_Winter_CMP-01596,2023-04-04,2023-04-30,Google Ads,59606,894,520.1,162.0,0,GO,26 days,0.014998490084890783,0.18120805369127516,0.5817673378076063,3.210493827160494
1596,CMP-01597,Q4_BlackFriday_CMP-01597,2023-04-08,2023-05-04,Google Ads,11616,272,264.13,36.0,0,GO,26 days,0.023415977961432508,0.1323529411764706,0.9710661764705882,7.336944444444445
1597,CMP-01598,Q1_Launch_CMP-01598,2023-05-04,2023-06-01,Google Ads,51072,2552,3186.93,378.0,1,GO,28 days,0.049968671679197996,0.1481191222570533,1.2487970219435736,8.431031746031746
1599,CMP-01600,Q1_Summer_CMP-01600,2023-07-02,2023-07-26,Email,4430,83,150.14,7.0,0,EM,24 days,0.01873589164785553,0.08433734939759036,1.8089156626506022,21.448571428571427
1600,CMP-01601,Q1_Summer_CMP-01601,2023-02-10,2023-02-16,TikTok,13676,553,348.76,87.0,0,TI,6 days,0.04043579994150336,0.15732368896925858,0.6306690777576853,4.008735632183908
1601,CMP-01602,Q1_Winter_CMP-01602,2023-11-11,2023-11-21,Google Ads,11816,374,460.42,67.0,0,GO,10 days,0.03165199729180772,0.17914438502673796,1.2310695187165777,6.871940298507463
1602,CMP-01603,Q3_Launch_CMP-01603,2023-10-05,2023-10-23,Email,33733,539,828.51,79.0,1,EM,18 days,0.01597841875907865,0.14656771799628943,1.5371243042671614,10.48746835443038
1603,CMP-01604,Q4_Summer_CMP-01604,2023-07-10,2023-07-26,Email,86680,2186,1951.28,277.0,0,EM,16 days,0.025219197046608213,0.12671546203110703,0.8926258005489478,7.044332129963899
1605,CMP-01606,Q4_Summer_CMP-01606,2023-09-19,2023-10-18,TikTok,34933,1402,2445.2,81.0,0,TI,29 days,0.04013397074399565,0.05777460770328103,1.7440798858773179,30.18765432098765
1606,CMP-01607,Q4_Launch_CMP-01607,2023-10-23,2023-10-29,Email,25951,280,219.94,32.0,1,EM,6 days,0.010789564949327578,0.11428571428571428,0.7855,6.873125
1607,CMP-01608,Q1_Winter_CMP-01608,2023-08-05,2023-08-13,TikTok,33413,693,1299.95,39.0,1,TI,8 days,0.020740430371412325,0.05627705627705628,1.8758297258297258,33.33205128205128
1608,CMP-01609,Q2_Summer_CMP-01609,2023-09-15,2023-09-16,Instagram,35801,1099,1462.04,148.0,1,IN,1 days,0.030697466551213654,0.13466787989080983,1.330336669699727,9.878648648648648
1609,CMP-01610,Q3_Summer_CMP-01610,2023-03-31,2023-04-26,Google Ads,56619,1175,1114.9,126.0,1,GO,26 days,0.020752750843356472,0.1072340425531915,0.9488510638297873,8.8484126984127
1610,CMP-01611,Q3_Launch_CMP-01611,2023-09-23,2023-09-30,Facebook,33913,1191,1365.23,194.0,1,FA,7 days,0.035119275793943326,0.16288832913518053,1.1462888329135181,7.037268041237113
1611,CMP-01612,Q1_Launch_CMP-01612,2023-01-07,2023-01-27,Email,41600,1217,1178.41,116.0,1,EM,20 days,0.02925480769230769,0.09531635168447,0.9682908792111751,10.158706896551724
1612,CMP-01613,Q3_BlackFriday_CMP-01613,2023-02-21,2023-03-16,Facebook,58775,1438,2283.06,199.0,0,FA,23 days,0.024466184602296895,0.1383866481223922,1.587663421418637,11.472663316582913
1613,CMP-01614,Q3_BlackFriday_CMP-01614,2023-05-13,2023-05-16,Instagram,91816,4404,7462.36,575.0,1,IN,3 days,0.04796549620981093,0.13056312443233425,1.6944504995458674,12.978017391304347
1614,CMP-01615,Q2_BlackFriday_CMP-01615,2023-05-18,2023-05-21,TikTok,91093,3214,5622.59,162.0,1,INVALID,3 days,0.03528262325315886,0.05040448039825762,1.7494057249533292,34.70734567901235
1615,CMP-01616,Q4_Summer_CMP-01616,2023-07-07,2023-08-01,Unknown,36400,553,1094.19,33.0,0,XX,25 days,0.015192307692307692,0.059674502712477394,1.9786437613019892,33.157272727272726
1616,CMP-01617,Q3_Launch_CMP-01617,2023-08-03,2023-08-07,Email,5494,178,300.27,16.0,1,INVALID,4 days,0.032398980706224975,0.0898876404494382,1.6869101123595505,18.766875
1617,CMP-01618,Q3_Winter_CMP-01618,2023-07-25,2023-08-03,Unknown,81688,3367,4720.79,613.0,1,XX,9 days,0.04121780432866517,0.18206118206118205,1.4020760320760322,7.701125611745514
1618,CMP-01619,Q2_BlackFriday_CMP-01619,2023-03-09,2023-04-05,Google Ads,90431,3467,3497.62,249.0,1,GO,27 days,0.03833862281739669,0.07182001730602827,1.0088318430920105,14.046666666666667
1619,CMP-01620,Q4_BlackFriday_CMP-01620,2023-02-21,2023-03-19,Instagram,75691,1277,1681.67,200.0,0,IN,26 days,0.016871226433790014,0.15661707126076743,1.3168911511354737,8.40835
1620,CMP-01621,Q2_Launch_CMP-01621,2023-10-12,2023-10-18,Email,98419,4812,2702.43,943.0,0,EM,6 days,0.04889299830317317,0.1959684123025769,0.5616022443890274,2.8657794273594908
1621,CMP-01622,Q1_BlackFriday_CMP-01622,2023-03-16,2023-04-03,Facebook,44001,1229,1987.59,207.0,0,FA,18 days,0.02793118338219586,0.16842961757526445,1.6172416598860861,9.601884057971015
1622,CMP-01623,Q3_Winter_CMP-01623,2023-08-31,2023-09-04,Email,68364,1118,1306.87,96.0,1,EM,4 days,0.01635363641682757,0.08586762075134168,1.1689355992844364,13.613229166666665
1623,CMP-01624,Q3_BlackFriday_CMP-01624,2023-09-13,2023-10-08,Google Ads,46028,792,419.79,147.0,1,GO,25 days,0.017206917528460937,0.1856060606060606,0.5300378787878788,2.855714285714286
1624,CMP-01625,Q1_Summer_CMP-01625,2023-11-19,2023-12-04,Google Ads,98659,1374,815.83,87.0,1,GO,15 days,0.013926757822398363,0.06331877729257641,0.5937627365356624,9.37735632183908
1626,CMP-01627,Q4_Winter_CMP-01627,2023-10-18,2023-11-12,Instagram,1806,26,35.75,4.0,1,IN,25 days,0.014396456256921373,0.15384615384615385,1.375,8.9375
1627,CMP-01628,Q4_Winter_CMP-01628,2023-02-20,2023-03-04,Instagram,57638,864,1033.61,126.0,0,IN,12 days,0.014990110690863666,0.14583333333333334,1.1963078703703702,8.203253968253968
1628,CMP-01629,Q3_Launch_CMP-01629,2023-05-11,2023-06-04,Facebook,30757,1353,1933.18,151.0,1,FA,24 days,0.04398998601944273,0.11160384331116038,1.4288100517368811,12.80251655629139
1629,CMP-01630,Q3_BlackFriday_CMP-01630,2023-08-19,2023-08-25,Google Ads,35636,847,1033.71,79.0,1,GO,6 days,0.023768099674486474,0.09327036599763873,1.2204368358913813,13.08493670886076
1630,CMP-01631,Q4_BlackFriday_CMP-01631,2023-07-04,2023-07-09,Facebook,81097,911,1359.72,96.0,0,INVALID,5 days,0.011233461163791508,0.10537870472008781,1.4925576289791438,14.16375
1631,CMP-01632,Q2_Winter_CMP-01632,2023-05-12,2023-05-30,Email,49280,595,493.07,75.0,0,EM,18 days,0.012073863636363636,0.12605042016806722,0.8286890756302521,6.5742666666666665
1632,CMP-01633,Q3_Summer_CMP-01633,2023-06-29,2023-07-29,Instagram,25262,396,265.03,38.0,1,IN,30 days,0.015675718470429895,0.09595959595959595,0.6692676767676767,6.974473684210525
1633,CMP-01634,Q1_Winter_CMP-01634,2023-04-07,2023-04-12,Unknown,81435,1509,2104.53,294.0,0,XX,5 days,0.01853011604347025,0.19483101391650098,1.3946520874751491,7.158265306122449
1634,CMP-01635,Q3_BlackFriday_CMP-01635,2023-10-03,2023-10-11,Google Ads,63211,2313,2838.13,439.0,1,GO,8 days,0.036591732451630256,0.18979680069174232,1.2270341547773456,6.46498861047836
1635,CMP-01636,Q2_Launch_CMP-01636,2023-07-01,2023-07-27,Instagram,55842,909,491.13,164.0,0,INVALID,26 days,0.01627807026968948,0.18041804180418042,0.5402970297029703,2.9946951219512195
1636,CMP-01637,Q1_Winter_CMP-01637,2023-08-17,2023-08-18,Instagram,57979,855,915.47,96.0,1,IN,1 days,0.014746718639507408,0.11228070175438597,1.0707251461988305,9.536145833333334
1637,CMP-01638,Q1_Summer_CMP-01638,2023-05-27,2023-06-07,Unknown,82470,3347,2206.3,514.0,1,XX,11 days,0.040584454953316355,0.15357036151777712,0.65918733193905,4.292412451361868
1638,CMP-01639,Q4_BlackFriday_CMP-01639,2023-03-27,2023-04-24,Instagram,39197,1444,1872.92,267.0,0,INVALID,28 days,0.036839554047503636,0.18490304709141275,1.2970360110803325,7.014681647940075
1639,CMP-01640,Q2_BlackFriday_CMP-01640,2023-08-04,2023-08-10,TikTok,42844,1174,1283.96,208.0,0,TI,6 days,0.027401736532536646,0.17717206132879046,1.0936626916524703,6.172884615384616
1640,CMP-01641,Q3_Launch_CMP-01641,2023-03-03,2023-06-02,Instagram,65754,2102,2984.27,235.0,0,IN,91 days,0.03196763694984336,0.11179828734538534,1.4197288296860133,12.699021276595744
1642,CMP-01643,Q1_BlackFriday_CMP-01643,2023-05-30,2023-06-16,TikTok,78129,2289,2173.41,140.0,1,TI,17 days,0.02929769995776216,0.06116207951070336,0.9495019659239842,15.524357142857141
1643,CMP-01644,Q1_BlackFriday_CMP-01644,2023-07-22,2023-08-18,Google Ads,41042,1242,2413.4,169.0,1,GO,27 days,0.030261683153842405,0.1360708534621578,1.943156199677939,14.280473372781065
1644,CMP-01645,Q2_Launch_CMP-01645,2023-07-05,2023-07-06,TikTok,62665,1597,2081.61,233.0,1,TI,1 days,0.02548472033830687,0.1458985597996243,1.3034502191609267,8.933948497854077
1645,CMP-01646,Q1_Winter_CMP-01646,2023-08-19,2023-09-05,Google Ads,83856,3879,5537.03,688.0,0,INVALID,17 days,0.046257870635374926,0.17736530033513792,1.4274374838875998,8.048008720930232
1646,CMP-01647,Q2_BlackFriday_CMP-01647,2023-01-12,2023-01-29,Instagram,28376,301,457.82,28.0,1,IN,17 days,0.010607555680857063,0.09302325581395349,1.5209966777408637,16.350714285714286
1647,CMP-01648,Q1_Launch_CMP-01648,2023-05-09,2023-06-07,Email,56554,2334,3501.23,175.0,0,EM,29 days,0.04127029034197404,0.07497857754927163,1.5000985432733505,20.00702857142857
1648,CMP-01649,Q2_Winter_CMP-01649,2023-02-10,2023-02-12,Instagram,15199,227,287.49,24.0,0,IN,2 days,0.014935193104809527,0.10572687224669604,1.2664757709251102,11.97875
1649,CMP-01650,Q2_Winter_CMP-01650,2023-02-18,2023-03-03,Email,82412,3453,3947.28,355.0,0,EM,13 days,0.04189923797505218,0.10280915146249638,1.1431450912250218,11.119098591549296
1650,CMP-01651,Q4_Winter_CMP-01651,2023-08-31,2023-09-05,Facebook,51948,1799,1044.63,125.0,1,FA,5 days,0.03463078463078463,0.06948304613674264,0.5806725958866037,8.357040000000001
1651,CMP-01652,Q2_Summer_CMP-01652,2023-07-23,2023-07-29,Google Ads,74781,3270,1743.33,493.0,0,GO,6 days,0.043727684839732016,0.1507645259938838,0.5331284403669725,3.5361663286004057
1652,CMP-01653,Q3_Winter_CMP-01653,2023-02-23,2023-02-25,Instagram,73750,1025,1062.87,129.0,1,IN,2 days,0.013898305084745762,0.12585365853658537,1.0369463414634146,8.239302325581395
1653,CMP-01654,Q1_Launch_CMP-01654,2023-12-02,2023-12-18,TikTok,67262,2176,2177.07,344.0,0,TI,16 days,0.032351104635604054,0.15808823529411764,1.0004917279411765,6.328691860465117
1654,CMP-01655,Q4_Launch_CMP-01655,2023-04-28,2023-05-03,Google Ads,47600,1430,1546.61,147.0,1,INVALID,5 days,0.03004201680672269,0.1027972027972028,1.0815454545454544,10.521156462585033
1655,CMP-01656,Q2_Launch_CMP-01656,2023-11-17,2023-12-15,Instagram,77898,2979,2107.8,294.0,1,IN,28 days,0.03824231687591466,0.0986908358509567,0.7075528700906345,7.169387755102042
1658,CMP-01659,Q3_BlackFriday_CMP-01659,2023-09-01,2023-09-29,Email,31448,854,1629.49,47.0,1,EM,28 days,0.02715593996438565,0.05503512880562061,1.9080679156908664,34.67
1659,CMP-01660,Q4_BlackFriday_CMP-01660,2023-05-20,2023-06-09,Unknown,27172,607,751.8,103.0,0,XX,20 days,0.022339172677756515,0.1696869851729819,1.2385502471169687,7.299029126213592
1660,CMP-01661,Q3_Winter_CMP-01661,2023-12-24,2024-01-20,TikTok,43874,1285,1993.42,135.0,1,TI,27 days,0.02928841683001322,0.10505836575875487,1.5512996108949417,14.766074074074075
1661,CMP-01662,Q3_BlackFriday_CMP-01662,2023-08-22,2023-09-03,Instagram,8657,127,226.48,22.0,1,IN,12 days,0.014670209079357744,0.1732283464566929,1.7833070866141731,10.294545454545455
1662,CMP-01663,Q1_Winter_CMP-01663,2023-10-16,2023-11-04,Facebook,85386,4137,4664.21,704.0,1,FA,19 days,0.04845056566650271,0.1701716219482717,1.1274377568286198,6.625298295454545
1663,CMP-01664,Q3_Winter_CMP-01664,2023-10-01,2023-10-27,TikTok,26425,1019,982.44,104.0,1,TI,26 days,0.038561967833491015,0.10206084396467124,0.9641216879293425,9.446538461538463
1664,CMP-01665,Q2_Summer_CMP-01665,2023-04-19,2023-10-04,Facebook,27685,1331,2535.67,205.0,0,FA,168 days,0.04807657576304858,0.15401953418482345,1.9050864012021038,12.369121951219512
1665,CMP-01666,Q4_BlackFriday_CMP-01666,2023-06-07,2023-06-22,Email,25578,487,620.2,36.0,1,EM,15 days,0.01903979982797717,0.07392197125256673,1.273511293634497,17.227777777777778
1666,CMP-01667,Q1_Winter_CMP-01667,2023-05-01,2023-05-06,Email,29831,1347,1678.2,248.0,1,EM,5 days,0.04515436961550066,0.18411284335560504,1.2458797327394209,6.766935483870968
1667,CMP-01668,Q3_Winter_CMP-01668,2023-09-25,2023-10-10,Instagram,8906,377,289.39,41.0,0,IN,15 days,0.04233101280035931,0.10875331564986737,0.7676127320954906,7.058292682926829
1668,CMP-01669,Q4_BlackFriday_CMP-01669,2023-06-26,2023-07-02,TikTok,62413,2314,1532.41,273.0,1,TI,6 days,0.03707560924807332,0.11797752808988764,0.6622342264477097,5.613223443223443
1669,CMP-01670,Q1_Launch_CMP-01670,2023-12-19,2024-01-11,Facebook,55028,1926,3395.85,300.0,0,FA,23 days,0.035000363451333866,0.1557632398753894,1.7631619937694702,11.3195
1670,CMP-01671,Q4_Launch_CMP-01671,2023-09-02,2023-09-06,TikTok,8287,187,265.76,32.0,0,TI,4 days,0.022565463979727283,0.1711229946524064,1.4211764705882353,8.305
1671,CMP-01672,Q4_Summer_CMP-01672,2023-05-30,2023-06-22,Email,34660,1478,1461.35,126.0,0,EM,23 days,0.042642815926139645,0.08525033829499323,0.9887347767253044,11.598015873015873
1672,CMP-01673,Q2_Summer_CMP-01673,2023-10-08,2023-10-16,TikTok,76758,2307,1817.0,344.0,1,TI,8 days,0.030055499101070898,0.14911140008669269,0.787602947550932,5.281976744186046
1673,CMP-01674,Q4_Summer_CMP-01674,2023-10-15,2023-10-21,Facebook,61504,789,1051.93,85.0,1,INVALID,6 days,0.012828433922996879,0.10773130544993663,1.3332446134347276,12.37564705882353
1674,CMP-01675,Q3_Launch_CMP-01675,2023-11-27,2023-12-18,TikTok,60720,1367,1880.83,143.0,1,TI,21 days,0.022513175230566534,0.10460863204096561,1.3758814923189466,13.152657342657342
1675,CMP-01676,Q2_Summer_CMP-01676,2023-05-15,2023-06-04,TikTok,35701,1692,1371.35,259.0,1,TI,20 days,0.04739363043052015,0.15307328605200946,0.8104905437352246,5.294787644787644
1676,CMP-01677,Q3_Summer_CMP-01677,2023-11-17,2023-12-12,Facebook,84300,3711,6594.85,401.0,1,FA,25 days,0.04402135231316726,0.10805712745890596,1.7771085960657507,16.446009975062346
1677,CMP-01678,Q3_BlackFriday_CMP-01678,2023-11-10,2023-11-12,Facebook,18674,920,576.28,93.0,0,FA,2 days,0.049266359644425405,0.10108695652173913,0.6263913043478261,6.196559139784946
1678,CMP-01679,Q1_Launch_CMP-01679,2023-05-26,2023-05-29,Email,84560,2969,3070.36,520.0,0,EM,3 days,0.03511116367076632,0.1751431458403503,1.0341394408891884,5.904538461538462
1679,CMP-01680,Q4_Winter_CMP-01680,2023-05-18,2023-05-31,Email,24874,495,752.69,32.0,1,EM,13 days,0.019900297499396962,0.06464646464646465,1.5205858585858587,23.5215625
1680,CMP-01681,Q4_Winter_CMP-01681,2023-04-04,2023-04-09,Email,44642,737,671.54,111.0,1,EM,5 days,0.01650911697504592,0.15061058344640435,0.911180461329715,6.04990990990991
1681,CMP-01682,Q4_BlackFriday_CMP-01682,2023-08-22,2023-08-23,Facebook,98820,1727,3007.59,150.0,0,FA,1 days,0.017476219388787694,0.08685581933989578,1.7415112912565143,20.0506
1682,CMP-01683,Q3_BlackFriday_CMP-01683,2023-11-15,2023-11-25,Instagram,66160,713,1147.79,37.0,1,IN,10 days,0.010776904474002418,0.051893408134642355,1.6098036465638148,31.02135135135135
1683,CMP-01684,Q2_Launch_CMP-01684,2023-03-19,2023-04-03,TikTok,18602,476,801.36,35.0,0,TI,15 days,0.02558864638210945,0.07352941176470588,1.683529411764706,22.896
1684,CMP-01685,Q2_BlackFriday_CMP-01685,2023-01-10,2023-10-18,Instagram,89801,1585,1075.68,223.0,1,IN,281 days,0.01765013752630817,0.14069400630914827,0.6786624605678234,4.823677130044843
1686,CMP-01687,Q3_Summer_CMP-01687,2023-08-13,2023-08-29,Email,95377,4520,4202.29,240.0,1,INVALID,16 days,0.04739088040093523,0.05309734513274336,0.9297101769911504,17.509541666666667
1687,CMP-01688,Q1_Summer_CMP-01688,2023-03-19,2023-04-10,Facebook,30192,821,1048.51,45.0,1,FA,22 days,0.027192633810280867,0.05481120584652863,1.2771132764920827,23.30022222222222
1688,CMP-01689,Q4_Winter_CMP-01689,2023-04-22,2023-05-17,Email,47542,2145,3479.24,397.0,1,EM,25 days,0.045118000925497455,0.1850815850815851,1.62202331002331,8.76382871536524
1689,CMP-01690,Q2_Winter_CMP-01690,2023-09-13,2023-09-26,Email,43520,1489,2612.89,90.0,1,EM,13 days,0.03421415441176471,0.06044325050369376,1.7547951645399595,29.03211111111111
1690,CMP-01691,Q2_Winter_CMP-01691,2023-01-17,2023-02-04,Email,65772,1307,2034.35,240.0,1,EM,18 days,0.01987167791765493,0.18362662586074982,1.5565034429992348,8.476458333333333
1692,CMP-01693,Q1_BlackFriday_CMP-01693,2023-07-20,2023-08-13,Facebook,51106,682,1096.73,109.0,1,FA,24 days,0.01334481274214378,0.1598240469208211,1.608108504398827,10.061743119266055
1693,CMP-01694,Q1_Summer_CMP-01694,2023-08-29,2023-09-11,Instagram,82121,1916,1838.21,184.0,0,IN,13 days,0.023331425579328064,0.09603340292275574,0.9593997912317328,9.990271739130435
1694,CMP-01695,Q4_Launch_CMP-01695,2023-05-09,2023-06-07,Facebook,26559,985,884.16,176.0,1,FA,29 days,0.03708723973041154,0.17868020304568527,0.8976243654822335,5.0236363636363635
1695,CMP-01696,Q4_Launch_CMP-01696,2023-03-04,2023-03-21,Email,34742,447,690.3,69.0,1,INVALID,17 days,0.012866271371826608,0.15436241610738255,1.5442953020134227,10.004347826086956
1696,CMP-01697,Q4_Winter_CMP-01697,2023-07-17,2023-08-01,Facebook,70669,1287,1015.84,141.0,0,FA,15 days,0.018211662822453976,0.10955710955710955,0.7893084693084693,7.204539007092198
1697,CMP-01698,Q3_Winter_CMP-01698,2023-01-18,2023-02-08,Google Ads,81199,2050,1310.1,125.0,0,GO,21 days,0.025246616337639628,0.06097560975609756,0.6390731707317072,10.480799999999999
1698,CMP-01699,Q1_BlackFriday_CMP-01699,2023-02-18,2023-03-07,Instagram,22754,1121,1455.43,179.0,0,IN,17 days,0.0492660631097829,0.15967885816235505,1.2983318465655664,8.130893854748603
1699,CMP-01700,Q3_Winter_CMP-01700,2023-08-31,2023-09-12,Instagram,4972,205,355.15,29.0,1,IN,12 days,0.04123089300080451,0.14146341463414633,1.7324390243902439,12.24655172413793
1700,CMP-01701,Q4_BlackFriday_CMP-01701,2023-06-15,2023-07-11,Google Ads,71831,2825,1842.1,142.0,1,GO,26 days,0.0393284236610934,0.050265486725663715,0.652070796460177,12.972535211267605
1702,CMP-01703,Q2_BlackFriday_CMP-01703,2023-11-23,2023-12-12,Facebook,95661,3945,6774.98,675.0,0,FA,19 days,0.041239376548436665,0.17110266159695817,1.717358681875792,10.037007407407406
1703,CMP-01704,Q4_Winter_CMP-01704,2023-01-27,2023-02-19,Google Ads,10903,451,551.76,40.0,1,GO,23 days,0.04136476199211226,0.08869179600886919,1.2234146341463414,13.794
1704,CMP-01705,Q2_BlackFriday_CMP-01705,2023-02-27,2023-03-26,Instagram,4020,136,79.69,19.0,0,IN,27 days,0.03383084577114428,0.13970588235294118,0.5859558823529412,4.194210526315789
1705,CMP-01706,Q1_BlackFriday_CMP-01706,2023-01-08,2023-02-01,Facebook,42755,2121,1615.96,250.0,0,FA,24 days,0.04960823295520992,0.11786892975011787,0.7618859028760019,6.46384
1706,CMP-01707,Q4_Summer_CMP-01707,2023-03-03,2023-03-16,Facebook,86956,2000,3122.28,359.0,0,FA,13 days,0.023000138000828004,0.1795,1.5611400000000002,8.697158774373259
1707,CMP-01708,Q3_Summer_CMP-01708,2023-01-22,2023-02-16,Email,87988,4192,6571.66,786.0,1,EM,25 days,0.047642860390053186,0.1875,1.5676669847328244,8.36089058524173
1708,CMP-01709,Q1_Summer_CMP-01709,2023-12-19,2023-12-28,Google Ads,46648,2173,4014.69,433.0,1,GO,9 days,0.04658291888183845,0.19926369075011505,1.8475333640128855,9.271801385681293
1709,CMP-01710,Q3_Summer_CMP-01710,2023-02-15,2023-03-04,TikTok,10516,109,149.77,7.0,1,TI,17 days,0.010365157854697604,0.06422018348623854,1.3740366972477065,21.395714285714288
1712,CMP-01713,Q3_Launch_CMP-01713,2023-07-02,2023-07-08,Google Ads,20129,284,449.2,39.0,0,GO,6 days,0.014108996969546426,0.13732394366197184,1.5816901408450703,11.517948717948718
1713,CMP-01714,Q3_Summer_CMP-01714,2023-02-24,2023-03-13,Email,2591,82,63.61,10.0,1,EM,17 days,0.031648012350443844,0.12195121951219512,0.7757317073170732,6.361
1714,CMP-01715,Q3_Summer_CMP-01715,2023-10-13,2023-11-10,Facebook,12303,604,599.52,31.0,1,FA,28 days,0.049093716979598474,0.05132450331125828,0.9925827814569537,19.339354838709678
1716,CMP-01717,Q4_Winter_CMP-01717,2023-07-13,2023-07-18,Instagram,72719,1279,687.01,78.0,1,IN,5 days,0.017588250663512973,0.06098514464425332,0.5371462079749805,8.807820512820513
1717,CMP-01718,Q2_BlackFriday_CMP-01718,2023-01-21,2023-02-16,Instagram,93108,3099,2706.14,474.0,1,IN,26 days,0.03328392834128109,0.15295256534365925,0.8732300742174894,5.70915611814346
1718,CMP-01719,Q1_Winter_CMP-01719,2023-05-31,2023-06-02,Email,87231,1585,500000.0,265.0,0,EM,2 days,0.018170145934358197,0.167192429022082,315.45741324921136,1886.7924528301887
1719,CMP-01720,Q3_Winter_CMP-01720,2023-10-18,2023-10-25,Email,8314,255,234.46,43.0,0,EM,7 days,0.03067115708443589,0.16862745098039217,0.9194509803921569,5.452558139534884
1720,CMP-01721,Q4_Winter_CMP-01721,2023-08-28,2023-08-31,Instagram,20623,267,188.12,18.0,1,IN,3 days,0.012946709983998448,0.06741573033707865,0.7045692883895132,10.45111111111111
1721,CMP-01722,Q2_Launch_CMP-01722,2023-10-11,2023-10-31,TikTok,68675,2350,3741.24,275.0,0,TI,20 days,0.03421914816163087,0.11702127659574468,1.5920170212765956,13.60450909090909
1722,CMP-01723,Q1_Summer_CMP-01723,2023-08-19,2023-08-31,Google Ads,97826,3000,5159.16,523.0,0,GO,12 days,0.030666693925950155,0.17433333333333334,1.71972,9.864550669216062
1723,CMP-01724,Q1_BlackFriday_CMP-01724,2023-07-07,2023-08-03,Instagram,66082,2617,2319.23,249.0,1,IN,27 days,0.03960231227868406,0.09514711501719526,0.886217042414979,9.31417670682731
1724,CMP-01725,Q3_Summer_CMP-01725,2023-09-17,2023-09-27,Facebook,84624,2981,4953.32,358.0,0,FA,10 days,0.03522641331064474,0.1200939282120094,1.6616303253941629,13.83608938547486
1725,CMP-01726,Q3_Winter_CMP-01726,2023-01-10,2023-01-14,TikTok,34130,1091,1176.46,99.0,0,TI,4 days,0.031966012305889246,0.09074243813015583,1.0783318056828597,11.883434343434343
1726,CMP-01727,Q2_Summer_CMP-01727,2023-11-14,2023-12-04,Instagram,52756,1983,2498.64,237.0,1,IN,20 days,0.03758814163317917,0.11951588502269289,1.2600302571860815,10.542784810126582
1727,CMP-01728,Q4_Winter_CMP-01728,2023-12-04,2024-01-02,Facebook,98624,1554,2772.34,284.0,0,FA,29 days,0.015756813757300453,0.18275418275418276,1.784002574002574,9.761760563380282
1728,CMP-01729,Q2_BlackFriday_CMP-01729,2023-04-08,2023-04-22,Google Ads,27292,922,1498.19,109.0,1,GO,14 days,0.033782793492598565,0.11822125813449023,1.6249349240780913,13.7448623853211
1729,CMP-01730,Q4_Launch_CMP-01730,2023-10-10,2023-10-23,Instagram,87206,1472,2513.7,196.0,0,IN,13 days,0.016879572506478913,0.1331521739130435,1.7076766304347826,12.825
1730,CMP-01731,Q4_Summer_CMP-01731,2023-07-29,2023-08-11,Email,70274,3304,2330.2,365.0,1,EM,13 days,0.04701596607564675,0.11047215496368039,0.7052663438256658,6.3841095890410955
1731,CMP-01732,Q1_BlackFriday_CMP-01732,2023-09-25,2023-10-05,Email,3469,44,26.6,5.0,0,EM,10 days,0.012683770539060248,0.11363636363636363,0.6045454545454546,5.32
1732,CMP-01733,Q2_BlackFriday_CMP-01733,2023-03-08,2023-08-15,TikTok,54947,1495,2750.96,78.0,1,TI,160 days,0.027208036835496024,0.05217391304347826,1.8401070234113712,35.26871794871795
1733,CMP-01734,Q2_Winter_CMP-01734,2023-02-24,2023-02-25,Google Ads,23534,890,962.76,82.0,1,GO,1 days,0.03781762556301521,0.09213483146067415,1.081752808988764,11.740975609756097
1734,CMP-01735,Q4_Winter_CMP-01735,2023-10-20,2023-10-31,TikTok,64620,1830,1705.23,211.0,0,TI,11 days,0.028319405756731662,0.11530054644808743,0.9318196721311476,8.081658767772511
1735,CMP-01736,Q4_Summer_CMP-01736,2023-09-08,2023-09-24,Email,49874,682,1082.36,98.0,1,EM,16 days,0.013674459638288486,0.1436950146627566,1.5870381231671553,11.044489795918366
1736,CMP-01737,Q3_Summer_CMP-01737,2023-05-19,2023-12-05,Google Ads,50708,1629,2858.28,191.0,0,GO,200 days,0.03212510846414767,0.1172498465316145,1.754622467771639,14.964816753926703
1737,CMP-01738,Q4_Summer_CMP-01738,2023-04-24,2023-05-19,Facebook,75553,2694,4832.32,271.0,1,INVALID,25 days,0.03565708840151946,0.1005939123979213,1.79373422420193,17.83143911439114
1738,CMP-01739,Q1_BlackFriday_CMP-01739,2023-04-17,2023-04-18,TikTok,69344,2645,2576.22,286.0,1,TI,1 days,0.03814317028149516,0.10812854442344046,0.9739962192816635,9.007762237762238
1739,CMP-01740,Q4_Winter_CMP-01740,2023-02-10,2023-02-17,Facebook,50138,1249,2221.12,107.0,0,FA,7 days,0.024911244963899636,0.08566853482786228,1.7783186549239391,20.758130841121496
1740,CMP-01741,Q3_BlackFriday_CMP-01741,2023-07-04,2023-07-18,Unknown,55302,1799,1009.96,339.0,1,XX,14 days,0.03253046906079346,0.18843802112284602,0.5614007782101168,2.9792330383480827
1742,CMP-01743,Q2_BlackFriday_CMP-01743,2023-01-30,2023-02-20,Instagram,79249,2922,4193.88,151.0,1,IN,21 days,0.03687112771139068,0.05167693360711841,1.435277207392197,27.77403973509934
1743,CMP-01744,Q4_Launch_CMP-01744,2023-01-21,2023-02-15,Facebook,3719,123,73.14,6.0,0,FA,25 days,0.033073406829792956,0.04878048780487805,0.5946341463414634,12.19
1744,CMP-01745,Q4_Launch_CMP-01745,2023-02-09,2023-02-14,Unknown,23890,741,731.3,145.0,1,INVALID,5 days,0.031017161992465465,0.19568151147098514,0.9869095816464237,5.043448275862069
1745,CMP-01746,Q1_Launch_CMP-01746,2023-02-19,2023-03-06,Facebook,78236,1563,2358.78,130.0,0,FA,15 days,0.01997801523595276,0.08317338451695458,1.5091362763915548,18.14446153846154
1746,CMP-01747,Q1_Launch_CMP-01747,2023-07-17,2023-08-14,Facebook,37509,378,380.23,64.0,1,FA,28 days,0.010077581380468688,0.1693121693121693,1.0058994708994708,5.94109375
1747,CMP-01748,Q1_BlackFriday_CMP-01748,2023-05-08,2023-05-27,Google Ads,43534,738,567.82,43.0,1,GO,19 days,0.016952267193457986,0.058265582655826556,0.7694037940379405,13.205116279069768
1748,CMP-01749,Q4_Launch_CMP-01749,2023-10-13,2023-11-08,TikTok,93241,1369,1262.25,257.0,1,TI,26 days,0.014682382213832971,0.1877282688093499,0.9220233747260774,4.91147859922179
1749,CMP-01750,Q3_Launch_CMP-01750,2023-02-24,2023-03-21,Google Ads,19787,553,656.06,100.0,1,GO,25 days,0.027947642391469147,0.18083182640144665,1.1863652802893307,6.560599999999999
1751,CMP-01752,Q1_Winter_CMP-01752,2023-02-23,2023-02-28,Email,58932,1091,1826.88,56.0,1,EM,5 days,0.01851286228195208,0.051329055912007336,1.6745004582951422,32.62285714285714
1753,CMP-01754,Q2_BlackFriday_CMP-01754,2023-10-01,2023-10-27,TikTok,92659,951,1127.15,105.0,0,TI,26 days,0.010263439061505088,0.11041009463722397,1.1852260778128287,10.734761904761905
1754,CMP-01755,Q1_Summer_CMP-01755,2023-06-30,2023-07-10,Email,34062,1392,500000.0,165.0,0,INVALID,10 days,0.040866654923375025,0.11853448275862069,359.1954022988506,3030.3030303030305
1755,CMP-01756,Q1_BlackFriday_CMP-01756,2023-06-16,2023-06-29,TikTok,76713,2685,1802.59,254.0,0,TI,13 days,0.03500058660201009,0.09459962756052141,0.6713556797020483,7.096811023622047
1757,CMP-01758,Q3_Summer_CMP-01758,2023-11-08,2023-11-13,Email,96756,1162,2024.16,160.0,1,EM,5 days,0.012009591136466989,0.13769363166953527,1.741962134251291,12.651
1759,CMP-01760,Q3_Summer_CMP-01760,2023-05-06,2023-05-11,Email,76418,1942,3829.18,179.0,1,EM,5 days,0.0254128608443037,0.092173017507724,1.9717713697219361,21.392067039106145
1760,CMP-01761,Q2_Summer_CMP-01761,2023-07-23,2023-07-31,Facebook,67672,3211,3851.21,178.0,1,FA,8 days,0.04744946211136068,0.05543444409841171,1.1993802553721582,21.636011235955056
1761,CMP-01762,Q4_Winter_CMP-01762,2023-01-18,2023-02-16,Google Ads,35832,1135,1915.77,226.0,0,GO,29 days,0.031675597231524896,0.19911894273127753,1.6879030837004405,8.476858407079646
1762,CMP-01763,Q2_BlackFriday_CMP-01763,2023-09-23,2023-10-08,Instagram,32966,1568,1730.23,191.0,0,IN,15 days,0.04756415701025299,0.12181122448979592,1.1034630102040817,9.058795811518324
1763,CMP-01764,Q1_Winter_CMP-01764,2023-01-04,2023-01-13,TikTok,73545,1384,1574.2,226.0,1,TI,9 days,0.018818410496974643,0.16329479768786126,1.13742774566474,6.965486725663717
1764,CMP-01765,Q4_Winter_CMP-01765,2023-06-27,2023-11-06,Instagram,13987,545,585.51,64.0,0,IN,132 days,0.038964752984914565,0.11743119266055047,1.0743302752293578,9.14859375
1765,CMP-01766,Q1_Summer_CMP-01766,2023-12-20,2024-01-02,Google Ads,38311,1329,2097.98,75.0,1,GO,13 days,0.03468977578241236,0.056433408577878104,1.5786155003762228,27.973066666666668
1766,CMP-01767,Q4_Winter_CMP-01767,2023-09-19,2023-10-04,Email,32575,1289,1703.13,124.0,1,EM,15 days,0.039570222563315424,0.09619860356865788,1.3212800620636154,13.734919354838711
1767,CMP-01768,Q1_BlackFriday_CMP-01768,2023-03-16,2023-03-21,TikTok,64852,1205,2308.38,118.0,1,TI,5 days,0.01858076851908962,0.0979253112033195,1.9156680497925311,19.562542372881357
1768,CMP-01769,Q1_Winter_CMP-01769,2023-08-24,2023-09-08,Instagram,2007,73,63.97,12.0,0,IN,15 days,0.036372695565520675,0.1643835616438356,0.8763013698630137,5.3308333333333335
1769,CMP-01770,Q3_Winter_CMP-01770,2023-07-07,2023-07-19,Facebook,71981,2153,1401.27,318.0,1,INVALID,12 days,0.029910670871479975,0.14770088248954946,0.6508453320947515,4.406509433962264
1770,CMP-01771,Q4_Winter_CMP-01771,2023-05-12,2024-01-03,TikTok,77242,3067,3342.7,280.0,1,TI,236 days,0.039706377359467644,0.09129442451907402,1.089892402999674,11.938214285714285
1773,CMP-01774,Q2_Winter_CMP-01774,2023-03-30,2023-04-04,Facebook,88272,1180,1202.77,235.0,1,FA,5 days,0.013367772340039876,0.19915254237288135,1.0192966101694916,5.118170212765957
1774,CMP-01775,Q3_Launch_CMP-01775,2023-12-26,2024-01-09,Facebook,43207,1827,2705.2,364.0,1,FA,14 days,0.0422848149605388,0.19923371647509577,1.480678708264915,7.431868131868131
1775,CMP-01776,Q3_Winter_CMP-01776,2023-01-13,2023-11-01,Google Ads,14281,634,650.04,49.0,1,GO,292 days,0.044394650234577414,0.07728706624605679,1.0252996845425868,13.26612244897959
1776,CMP-01777,Q3_Launch_CMP-01777,2023-10-23,2023-10-31,TikTok,62246,2657,3788.43,257.0,0,TI,8 days,0.042685473765382516,0.09672563041023712,1.4258298833270606,14.740972762645914
1777,CMP-01778,Q1_Launch_CMP-01778,2023-06-21,2023-06-26,Facebook,2435,74,135.21,9.0,0,FA,5 days,0.030390143737166326,0.12162162162162163,1.8271621621621623,15.023333333333333
1779,CMP-01780,Q3_Winter_CMP-01780,2023-04-27,2023-05-18,Unknown,92357,4604,5093.69,594.0,1,XX,21 days,0.04985003843780114,0.12901824500434406,1.1063618592528235,8.57523569023569
1780,CMP-01781,Q4_BlackFriday_CMP-01781,2023-01-06,2023-02-05,Email,27660,530,1054.65,103.0,0,EM,30 days,0.019161243673174257,0.19433962264150945,1.9899056603773586,10.239320388349515
1782,CMP-01783,Q1_Launch_CMP-01783,2023-10-04,2023-10-14,TikTok,83197,3063,4125.74,250.0,0,TI,10 days,0.03681623135449596,0.08161932745674176,1.3469604962455108,16.502959999999998
1783,CMP-01784,Q2_Winter_CMP-01784,2023-12-24,2024-01-05,Instagram,14507,551,702.49,36.0,1,IN,12 days,0.03798166402426415,0.06533575317604355,1.2749364791288567,19.51361111111111
1784,CMP-01785,Q1_Summer_CMP-01785,2023-07-21,2023-07-23,Facebook,73595,1336,1238.34,204.0,0,FA,2 days,0.018153407160812554,0.15269461077844312,0.9269011976047904,6.070294117647059
1785,CMP-01786,Q1_Winter_CMP-01786,2023-10-22,2023-11-03,Email,84807,3066,3911.65,226.0,0,EM,12 days,0.036152676076267286,0.07371167645140247,1.2758153946510111,17.308185840707964
1786,CMP-01787,Q4_Summer_CMP-01787,2023-05-29,2023-06-13,Instagram,46539,1988,3523.28,334.0,1,IN,15 days,0.04271686112722663,0.16800804828973842,1.7722736418511067,10.54874251497006
1787,CMP-01788,Q2_BlackFriday_CMP-01788,2023-06-22,2023-07-22,Email,8491,101,154.3,9.0,1,EM,30 days,0.011894947591567543,0.0891089108910891,1.5277227722772277,17.144444444444446
1788,CMP-01789,Q2_BlackFriday_CMP-01789,2023-10-20,2023-11-02,Facebook,51192,2378,2223.59,235.0,0,FA,13 days,0.046452570714174087,0.09882253994953742,0.9350672834314551,9.462085106382979
1789,CMP-01790,Q4_BlackFriday_CMP-01790,2023-05-15,2023-06-13,Instagram,81395,910,730.0,46.0,1,IN,29 days,0.011180047914491061,0.05054945054945055,0.8021978021978022,15.869565217391305
1790,CMP-01791,Q3_BlackFriday_CMP-01791,2023-09-14,2023-10-05,Email,64888,1572,1411.36,243.0,1,EM,21 days,0.024226359265195414,0.15458015267175573,0.8978117048346055,5.8080658436213985
1791,CMP-01792,Q3_Summer_CMP-01792,2023-03-11,2023-04-08,Instagram,74609,793,598.43,53.0,1,IN,28 days,0.010628744521438433,0.06683480453972257,0.7546406052963429,11.291132075471698
1792,CMP-01793,Q1_Launch_CMP-01793,2023-07-22,2023-08-05,Unknown,10077,131,84.29,21.0,0,XX,14 days,0.012999900764116305,0.16030534351145037,0.6434351145038169,4.013809523809524
1793,CMP-01794,Q2_Summer_CMP-01794,2023-11-12,2023-11-15,Facebook,21953,1019,1150.15,126.0,1,FA,3 days,0.04641734614859017,0.12365063788027478,1.128704612365064,9.128174603174603
1794,CMP-01795,Q4_Winter_CMP-01795,2023-05-05,2023-05-25,TikTok,77919,1885,1262.85,316.0,1,TI,20 days,0.02419178890899524,0.16763925729442972,0.669946949602122,3.9963607594936708
1795,CMP-01796,Q2_Summer_CMP-01796,2023-08-09,2023-08-19,Facebook,68889,1859,1408.88,255.0,0,FA,10 days,0.026985440346063958,0.1371705217859064,0.7578698224852072,5.525019607843138
1797,CMP-01798,Q1_Summer_CMP-01798,2023-07-07,2023-08-03,Facebook,38567,1306,975.45,215.0,1,FA,27 days,0.03386314725023984,0.16462480857580397,0.7468989280245023,4.536976744186047
1798,CMP-01799,Q2_Summer_CMP-01799,2023-11-01,2023-11-18,TikTok,25860,873,520.15,52.0,1,TI,17 days,0.03375870069605569,0.05956471935853379,0.5958190148911798,10.002884615384614
1800,CMP-01801,Q1_Summer_CMP-01801,2023-08-15,2023-08-31,Email,78475,1830,1519.78,138.0,1,EM,16 days,0.023319528512265052,0.07540983606557378,0.8304808743169398,11.012898550724637
1801,CMP-01802,Q2_Launch_CMP-01802,2023-04-25,2023-04-30,Google Ads,91874,4170,5308.23,679.0,0,GO,5 days,0.04538824912379999,0.16282973621103117,1.272956834532374,7.817717231222385
1802,CMP-01803,Q3_Launch_CMP-01803,2023-02-13,2023-03-15,Email,88266,2235,1460.69,417.0,1,EM,30 days,0.02532118822649718,0.1865771812080537,0.6535525727069351,3.502853717026379
1803,CMP-01804,Q2_Launch_CMP-01804,2023-11-14,2023-12-12,Facebook,22427,666,1084.02,88.0,1,FA,28 days,0.029696348151781335,0.13213213213213212,1.6276576576576576,12.31840909090909
1804,CMP-01805,Q1_Winter_CMP-01805,2023-05-28,2023-06-25,Email,28083,599,1113.75,77.0,1,EM,28 days,0.0213296300252822,0.1285475792988314,1.8593489148580968,14.464285714285714
1806,CMP-01807,Q1_Summer_CMP-01807,2023-08-30,2023-09-02,Unknown,58372,1511,1963.15,76.0,1,XX,3 days,0.02588569862262729,0.05029781601588352,1.2992389146260754,25.83092105263158
1807,CMP-01808,Q2_BlackFriday_CMP-01808,2023-04-18,2023-04-30,Google Ads,45064,1376,2464.42,258.0,0,GO,12 days,0.030534351145038167,0.1875,1.7910029069767441,9.55201550387597
1808,CMP-01809,Q3_Winter_CMP-01809,2023-10-07,2023-10-18,Facebook,8813,177,273.0,14.0,1,FA,11 days,0.020083966867128107,0.07909604519774012,1.5423728813559323,19.5
1809,CMP-01810,Q3_Launch_CMP-01810,2023-09-05,2023-09-12,Instagram,32598,1613,832.03,318.0,1,IN,7 days,0.04948156328609117,0.19714817110973343,0.5158276503409795,2.616446540880503
1810,CMP-01811,Q2_Summer_CMP-01811,2023-12-22,2024-01-01,Facebook,94106,2038,2223.73,326.0,1,FA,10 days,0.02165642998321042,0.15996074582924436,1.0911334641805692,6.821257668711657
1811,CMP-01812,Q4_Launch_CMP-01812,2023-10-26,2023-11-25,TikTok,28082,1146,2035.79,190.0,0,TI,30 days,0.040809059183818816,0.16579406631762653,1.7764310645724257,10.714684210526316
1812,CMP-01813,Q2_BlackFriday_CMP-01813,2023-05-11,2023-05-28,Email,30241,819,834.39,121.0,1,EM,17 days,0.027082437750074403,0.14774114774114774,1.0187912087912088,6.895785123966942
1813,CMP-01814,Q1_Winter_CMP-01814,2023-12-23,2023-12-29,Instagram,97214,1774,980.71,214.0,0,INVALID,6 days,0.018248400436151172,0.12063134160090191,0.5528241262683202,4.582757009345794
1814,CMP-01815,Q2_Winter_CMP-01815,2023-02-13,2023-12-02,TikTok,45569,1913,3097.66,259.0,1,TI,292 days,0.04198029362066317,0.1353894406691061,1.6192681651855723,11.960077220077219
1815,CMP-01816,Q3_Launch_CMP-01816,2023-12-05,2023-12-09,Google Ads,12745,297,505.81,16.0,1,GO,4 days,0.023303256178893682,0.05387205387205387,1.7030639730639732,31.613125
1816,CMP-01817,Q1_Launch_CMP-01817,2023-12-04,2023-12-09,TikTok,27029,1205,892.77,173.0,1,TI,5 days,0.04458174553257612,0.14356846473029045,0.7408879668049793,5.160520231213873
1817,CMP-01818,Q1_Winter_CMP-01818,2023-05-30,2023-06-23,Google Ads,14025,653,852.83,93.0,0,GO,24 days,0.046559714795008915,0.14241960183767227,1.3060183767228177,9.17021505376344
1818,CMP-01819,Q3_Winter_CMP-01819,2023-04-29,2023-05-22,Instagram,15288,678,534.22,124.0,0,IN,23 days,0.04434850863422292,0.18289085545722714,0.7879351032448378,4.308225806451613
1819,CMP-01820,Q2_BlackFriday_CMP-01820,2023-12-30,2024-01-17,Google Ads,90186,1028,1623.06,129.0,0,GO,18 days,0.01139866498126095,0.1254863813229572,1.578852140077821,12.581860465116279
1821,CMP-01822,Q1_Launch_CMP-01822,2023-02-15,2023-02-17,TikTok,98768,2612,2544.93,250.0,1,TI,2 days,0.02644581240887737,0.09571209800918837,0.9743223583460949,10.17972
1822,CMP-01823,Q1_Winter_CMP-01823,2023-08-23,2023-08-24,Google Ads,82958,3728,6589.08,553.0,1,GO,1 days,0.044938402565153454,0.14833690987124465,1.7674570815450643,11.915153707052442
1823,CMP-01824,Q3_BlackFriday_CMP-01824,2023-01-21,2023-02-07,Facebook,69878,2481,3013.13,213.0,1,FA,17 days,0.03550473682704142,0.08585247883917775,1.2144820636839984,14.146150234741784
1824,CMP-01825,Q1_Winter_CMP-01825,2023-06-20,2023-06-27,Instagram,42846,1857,2794.1,170.0,0,IN,7 days,0.043341268729869764,0.09154550350026926,1.50463112547119,16.435882352941174
1825,CMP-01826,Q1_Winter_CMP-01826,2023-01-10,2023-01-31,Google Ads,76932,2306,2544.81,399.0,0,GO,21 days,0.02997452295533718,0.1730268863833478,1.1035602775368603,6.37796992481203
1826,CMP-01827,Q1_Launch_CMP-01827,2023-11-17,2023-12-04,TikTok,18482,580,549.27,79.0,1,TI,17 days,0.03138188507737258,0.13620689655172413,0.9470172413793103,6.952784810126582
1827,CMP-01828,Q1_Summer_CMP-01828,2023-09-14,2023-09-26,Google Ads,24411,385,553.71,48.0,0,GO,12 days,0.01577157838679284,0.12467532467532468,1.4382077922077923,11.535625000000001
1828,CMP-01829,Q4_Summer_CMP-01829,2023-05-12,2023-05-13,Instagram,51975,2149,1573.68,210.0,0,IN,1 days,0.04134680134680135,0.09771986970684039,0.7322847836202885,7.493714285714286
1829,CMP-01830,Q2_Summer_CMP-01830,2023-01-16,2023-01-31,TikTok,61545,1647,1745.0,262.0,1,INVALID,15 days,0.026760906653668048,0.15907710989678203,1.0595021250758956,6.6603053435114505
1831,CMP-01832,Q4_Launch_CMP-01832,2023-12-03,2023-12-14,TikTok,53307,2207,3406.93,354.0,0,TI,11 days,0.0414016920854672,0.16039873130946986,1.5436927956502038,9.62409604519774
1832,CMP-01833,Q3_Launch_CMP-01833,2023-09-24,2023-10-20,Instagram,4093,138,264.45,8.0,0,IN,26 days,0.03371610065966284,0.057971014492753624,1.9163043478260868,33.05625
1833,CMP-01834,Q4_Winter_CMP-01834,2023-11-17,2023-12-07,TikTok,78258,1412,2814.49,253.0,0,TI,20 days,0.018042883794628026,0.1791784702549575,1.9932648725212463,11.124466403162055
1835,CMP-01836,Q3_Launch_CMP-01836,2023-11-06,2023-11-18,Facebook,53930,1418,1246.13,164.0,1,FA,12 days,0.026293343222696088,0.1156558533145275,0.8787940761636108,7.598353658536586
1836,CMP-01837,Q4_Winter_CMP-01837,2023-04-16,2023-05-06,Instagram,45413,1307,1521.67,185.0,1,IN,20 days,0.028780305198951844,0.14154552410099464,1.16424636572303,8.225243243243243
1837,CMP-01838,Q4_BlackFriday_CMP-01838,2023-12-17,2023-12-28,Email,94623,1053,1864.76,151.0,0,E-,11 days,0.01112837259440094,0.14339981006647673,1.7709021842355175,12.349403973509935
1838,CMP-01839,Q2_Winter_CMP-01839,2023-06-08,2023-06-18,Instagram,98883,1819,1471.59,126.0,1,IN,10 days,0.018395477483490588,0.06926882902693787,0.8090104452996151,11.679285714285713
1839,CMP-01840,Q3_Winter_CMP-01840,2023-03-11,2023-03-23,Google Ads,34756,738,1422.97,120.0,0,GO,12 days,0.021233743814017724,0.16260162601626016,1.9281436314363145,11.858083333333333
1840,CMP-01841,Q4_BlackFriday_CMP-01841,2023-03-16,2023-03-18,Unknown,54268,2090,2116.75,191.0,1,XX,2 days,0.03851256725878971,0.09138755980861243,1.012799043062201,11.082460732984293
1841,CMP-01842,Q2_BlackFriday_CMP-01842,2023-03-22,2023-04-17,TikTok,40214,420,831.06,78.0,1,TI,26 days,0.010444123936937385,0.18571428571428572,1.9787142857142856,10.654615384615385
1842,CMP-01843,Q1_Launch_CMP-01843,2023-03-02,2023-03-19,Google Ads,82871,2183,3837.52,376.0,1,GO,17 days,0.026342146227268888,0.1722400366468163,1.7579111314704534,10.206170212765958
1843,CMP-01844,Q3_Winter_CMP-01844,2023-03-16,2023-04-04,TikTok,29602,1390,2380.87,141.0,0,TI,19 days,0.046956286737382606,0.10143884892086331,1.7128561151079136,16.885602836879432
1844,CMP-01845,Q1_Launch_CMP-01845,2023-07-31,2023-08-04,Instagram,54331,786,767.81,134.0,1,IN,4 days,0.014466878945721596,0.17048346055979643,0.9768575063613231,5.729925373134328
1845,CMP-01846,Q4_Winter_CMP-01846,2023-11-23,2023-12-22,Instagram,49901,1529,784.63,158.0,1,IN,29 days,0.03064066852367688,0.10333551340745585,0.5131654676258993,4.966012658227848
1846,CMP-01847,Q4_Winter_CMP-01847,2023-04-07,2023-04-22,Facebook,64416,2670,2865.44,173.0,0,FA,15 days,0.04144932935916543,0.0647940074906367,1.0731985018726593,16.563236994219654
1848,CMP-01849,Q4_Launch_CMP-01849,2023-11-10,2023-11-26,TikTok,6626,264,146.81,39.0,1,TI,16 days,0.03984304255961364,0.14772727272727273,0.5560984848484849,3.7643589743589745
1849,CMP-01850,Q4_Launch_CMP-01850,2023-12-18,2024-01-01,Facebook,8424,327,411.38,38.0,0,FA,14 days,0.03881766381766382,0.1162079510703364,1.2580428134556574,10.82578947368421
1851,CMP-01852,Q4_Launch_CMP-01852,2023-09-15,2023-10-02,Instagram,20982,584,847.87,57.0,1,IN,17 days,0.027833380993232293,0.0976027397260274,1.451832191780822,14.874912280701755
1852,CMP-01853,Q3_BlackFriday_CMP-01853,2023-11-29,2023-12-01,Email,77961,3292,4713.42,649.0,1,INVALID,2 days,0.0422262413257911,0.19714459295261239,1.4317800729040098,7.262588597842835
1854,CMP-01855,Q2_Winter_CMP-01855,2023-04-26,2023-05-21,Instagram,49290,2315,4550.01,225.0,1,IN,25 days,0.04696693041184825,0.09719222462203024,1.9654470842332614,20.222266666666666
1855,CMP-01856,Q2_Winter_CMP-01856,2023-01-08,2023-01-26,Google Ads,27431,760,593.1,93.0,1,INVALID,18 days,0.027705880208523204,0.12236842105263158,0.7803947368421053,6.37741935483871
1856,CMP-01857,Q2_Winter_CMP-01857,2023-04-24,2023-05-18,Instagram,85976,2762,3225.77,336.0,0,IN,24 days,0.032125244254210476,0.1216509775524982,1.1679109341057206,9.600505952380953
1857,CMP-01858,Q3_Launch_CMP-01858,2023-04-15,2023-05-09,Email,83711,1690,2082.38,203.0,0,EM,24 days,0.020188505692202936,0.12011834319526628,1.2321775147928995,10.258029556650246
1858,CMP-01859,Q4_BlackFriday_CMP-01859,2023-08-13,2023-09-01,Facebook,27385,1087,1869.2,83.0,1,FA,19 days,0.039693262735073946,0.07635694572217111,1.7195952161913524,22.520481927710843
1859,CMP-01860,Q3_Winter_CMP-01860,2023-06-16,2023-07-03,Email,39158,511,331.56,36.0,0,EM,17 days,0.013049696102967466,0.07045009784735812,0.6488454011741683,9.21
1860,CMP-01861,Q4_Winter_CMP-01861,2023-07-11,2023-08-07,Instagram,24019,1078,1232.12,95.0,1,IN,27 days,0.044881135767517386,0.08812615955473098,1.1429684601113173,12.969684210526315
1863,CMP-01864,Q4_Summer_CMP-01864,2023-12-27,2024-01-23,Facebook,22563,956,1377.79,156.0,1,FA,27 days,0.04237025218277711,0.16317991631799164,1.4412029288702928,8.831987179487179
1864,CMP-01865,Q2_Winter_CMP-01865,2023-08-20,2023-09-02,Google Ads,40341,1672,3152.55,273.0,1,GO,13 days,0.0414466671624402,0.1632775119617225,1.8854964114832538,11.547802197802199
1866,CMP-01867,Q4_Launch_CMP-01867,2023-01-21,2023-02-12,Instagram,37444,933,511.92,170.0,1,IN,22 days,0.024917209699818397,0.18220793140407288,0.5486816720257235,3.011294117647059
1867,CMP-01868,Q2_Launch_CMP-01868,2023-11-19,2023-12-12,Facebook,69916,1458,1244.23,130.0,0,FA,23 days,0.020853595743463585,0.08916323731138547,0.8533813443072702,9.571
1868,CMP-01869,Q1_Winter_CMP-01869,2023-08-14,2023-08-29,Facebook,9711,187,180.54,15.0,1,FA,15 days,0.019256513232416846,0.08021390374331551,0.9654545454545455,12.036
1870,CMP-01871,Q3_Winter_CMP-01871,2023-11-10,2023-12-04,TikTok,83970,3874,3344.76,347.0,0,TI,24 days,0.046135524592116235,0.08957150232318017,0.8633866804336604,9.639077809798271
1872,CMP-01873,Q2_Launch_CMP-01873,2023-02-16,2023-02-25,Instagram,31707,1368,2642.74,198.0,1,IN,9 days,0.04314504683508374,0.14473684210526316,1.9318274853801167,13.347171717171715
1873,CMP-01874,Q3_Launch_CMP-01874,2023-10-27,2023-11-01,TikTok,40110,960,1802.67,173.0,0,TI,5 days,0.02393418100224383,0.18020833333333333,1.8777812500000002,10.42005780346821
1875,CMP-01876,Q4_BlackFriday_CMP-01876,2023-01-13,2023-02-07,Facebook,83879,3504,3532.8,656.0,0,FA,25 days,0.041774460830482,0.1872146118721461,1.0082191780821919,5.385365853658537
1877,CMP-01878,Q1_Summer_CMP-01878,2023-02-16,2023-02-23,Google Ads,6655,158,135.65,19.0,1,GO,7 days,0.02374154770848986,0.12025316455696203,0.8585443037974684,7.139473684210526
1878,CMP-01879,Q1_Summer_CMP-01879,2023-12-31,2024-01-03,Email,45859,1305,1883.52,151.0,0,EM,3 days,0.02845679146950435,0.11570881226053639,1.4433103448275861,12.47364238410596
1879,CMP-01880,Q1_BlackFriday_CMP-01880,2023-03-25,2023-05-03,Google Ads,54625,1451,2119.29,238.0,0,GO,39 days,0.026562929061784896,0.1640248104755341,1.4605720192970364,8.904579831932773
1880,CMP-01881,Q1_BlackFriday_CMP-01881,2023-12-28,2024-01-10,Google Ads,53098,559,992.65,63.0,0,GO,13 days,0.010527703491656937,0.11270125223613596,1.7757602862254025,15.756349206349206
1881,CMP-01882,Q3_Winter_CMP-01882,2023-09-26,2023-10-05,TikTok,16251,354,570.4,67.0,1,TI,9 days,0.021783274875392285,0.18926553672316385,1.6112994350282486,8.513432835820895
1882,CMP-01883,Q2_Winter_CMP-01883,2023-09-19,2023-10-02,Facebook,1526,43,56.5,7.0,1,FA,13 days,0.02817824377457405,0.16279069767441862,1.313953488372093,8.071428571428571
1884,CMP-01885,Q3_BlackFriday_CMP-01885,2023-06-21,2023-06-23,Email,48837,1898,1729.05,115.0,0,EM,2 days,0.03886397608370702,0.06059009483667018,0.9109852476290832,15.035217391304348
1885,CMP-01886,Q4_Launch_CMP-01886,2023-03-18,2023-03-20,Instagram,12536,318,441.89,56.0,1,IN,2 days,0.02536694320357371,0.1761006289308176,1.3895911949685533,7.890892857142857
1886,CMP-01887,Q3_Winter_CMP-01887,2023-12-31,2024-01-10,TikTok,29541,873,1077.14,146.0,1,TI,10 days,0.029552147862293085,0.1672394043528064,1.2338373424971365,7.377671232876713
1887,CMP-01888,Q3_BlackFriday_CMP-01888,2023-06-07,2023-06-08,Facebook,80083,2177,1523.94,142.0,0,FA,1 days,0.02718429629259643,0.06522737712448323,0.7000183739090492,10.731971830985916
1888,CMP-01889,Q1_Winter_CMP-01889,2023-08-17,2023-08-22,Email,52027,2061,1780.33,136.0,0,EM,5 days,0.039614046552751456,0.06598738476467735,0.8638185346918971,13.090661764705882
1890,CMP-01891,Q4_Summer_CMP-01891,2023-05-24,2023-10-05,Instagram,9712,303,571.6,15.0,0,IN,134 days,0.03119851729818781,0.04950495049504951,1.8864686468646865,38.10666666666667
1891,CMP-01892,Q4_Winter_CMP-01892,2023-09-12,2023-10-01,Instagram,66455,2763,2336.34,365.0,1,IN,19 days,0.041577006997216163,0.13210278682591386,0.8455808903365907,6.400931506849315
1892,CMP-01893,Q4_BlackFriday_CMP-01893,2023-01-03,2023-01-10,Instagram,75744,1656,1546.48,324.0,1,IN,7 days,0.021863117870722433,0.1956521739130435,0.9338647342995169,4.773086419753087
1893,CMP-01894,Q2_Summer_CMP-01894,2023-04-22,2023-05-06,Google Ads,6109,193,203.43,22.0,1,GO,14 days,0.0315927320347029,0.11398963730569948,1.054041450777202,9.246818181818183
1894,CMP-01895,Q2_Launch_CMP-01895,2023-07-29,2023-08-24,Email,50268,1196,1788.75,156.0,1,EM,26 days,0.023792472348213575,0.13043478260869565,1.4956103678929766,11.466346153846153
1895,CMP-01896,Q1_Summer_CMP-01896,2023-01-04,2023-01-31,Google Ads,55615,1477,1000.46,288.0,1,GO,27 days,0.02655758338577722,0.1949898442789438,0.6773595125253893,3.4738194444444446
1896,CMP-01897,Q2_Launch_CMP-01897,2023-11-14,2023-12-13,Facebook,83503,3281,6335.34,289.0,0,FA,29 days,0.03929200148497659,0.08808290155440414,1.9309174032307224,21.921591695501732
1899,CMP-01900,Q1_BlackFriday_CMP-01900,2023-06-28,2023-07-16,Email,61112,2162,3266.9,292.0,1,EM,18 days,0.03537766723393114,0.13506012950971322,1.511054579093432,11.188013698630137
1900,CMP-01901,Q4_Winter_CMP-01901,2023-01-17,2023-02-05,Instagram,27589,918,481.94,93.0,1,IN,19 days,0.03327413099423683,0.10130718954248366,0.5249891067538126,5.182150537634408
1901,CMP-01902,Q4_Summer_CMP-01902,2023-02-15,2023-06-02,Instagram,31015,457,460.85,61.0,0,IN,107 days,0.014734805739158472,0.13347921225382933,1.0084245076586433,7.554918032786886
1902,CMP-01903,Q4_BlackFriday_CMP-01903,2023-02-25,2023-03-27,Email,30009,554,938.19,33.0,1,EM,30 days,0.018461128328168215,0.05956678700361011,1.6934837545126356,28.430000000000003
1903,CMP-01904,Q3_Summer_CMP-01904,2023-12-11,2023-12-18,Instagram,84309,1891,1165.28,311.0,0,IN,7 days,0.02242939662432243,0.1644632469592808,0.6162242199894236,3.7468810289389065
1905,CMP-01906,Q2_Winter_CMP-01906,2023-04-01,2023-04-04,Email,27143,536,738.58,98.0,1,EM,3 days,0.01974726448808164,0.1828358208955224,1.3779477611940298,7.536530612244898
1906,CMP-01907,Q3_Launch_CMP-01907,2023-04-13,2023-07-04,Facebook,7154,148,130.92,15.0,1,FA,82 days,0.02068772714565278,0.10135135135135136,0.8845945945945946,8.728
1907,CMP-01908,Q2_Summer_CMP-01908,2023-06-03,2023-07-01,Unknown,22804,534,1015.12,38.0,1,XX,28 days,0.02341694439572005,0.07116104868913857,1.9009737827715356,26.713684210526317
1908,CMP-01909,Q2_BlackFriday_CMP-01909,2023-02-04,2023-02-06,TikTok,42688,1706,1188.38,263.0,1,TI,2 days,0.0399643928035982,0.1541617819460727,0.696588511137163,4.518555133079849
1909,CMP-01910,Q3_Summer_CMP-01910,2023-02-03,2023-02-12,Google Ads,65288,2146,3639.81,160.0,1,GO,9 days,0.032869746354613406,0.07455731593662628,1.696090400745573,22.7488125
1910,CMP-01911,Q3_Launch_CMP-01911,2023-12-22,2024-01-15,Facebook,52195,2581,3257.02,420.0,0,FA,24 days,0.04944918095603027,0.16272762495156917,1.2619217357613328,7.754809523809524
1912,CMP-01913,Q2_BlackFriday_CMP-01913,2023-10-11,2023-12-06,Facebook,53648,2154,2080.92,359.0,0,FA,56 days,0.04015061139278258,0.16666666666666666,0.9660724233983288,5.796434540389972
1913,CMP-01914,Q3_Winter_CMP-01914,2023-10-20,2023-10-23,Email,31087,1394,1772.8,74.0,0,EM,3 days,0.04484189532602052,0.05308464849354376,1.2717360114777618,23.956756756756757
1914,CMP-01915,Q3_Summer_CMP-01915,2023-02-14,2023-02-22,Unknown,50930,1892,3377.7,264.0,0,XX,8 days,0.037149028077753776,0.13953488372093023,1.7852536997885835,12.79431818181818
1915,CMP-01916,Q4_BlackFriday_CMP-01916,2023-12-28,2024-01-12,Instagram,33981,899,1079.09,138.0,1,IN,15 days,0.026455960683911598,0.15350389321468297,1.2003225806451612,7.819492753623188
1916,CMP-01917,Q2_Summer_CMP-01917,2023-06-12,2023-07-12,Google Ads,70298,2822,2933.69,490.0,0,GO,30 days,0.04014338957011579,0.17363571934798017,1.039578313253012,5.987122448979592
1917,CMP-01918,Q2_BlackFriday_CMP-01918,2023-11-16,2023-11-22,Instagram,47167,855,1115.12,49.0,1,IN,6 days,0.01812708037399029,0.05730994152046784,1.3042339181286549,22.75755102040816
1918,CMP-01919,Q3_Launch_CMP-01919,2023-10-16,2023-11-15,Email,76304,1762,2776.99,214.0,1,EM,30 days,0.023091843153700987,0.12145289443813848,1.5760442678774118,12.976588785046728
1919,CMP-01920,Q4_BlackFriday_CMP-01920,2023-09-12,2023-10-04,Facebook,44408,1415,1648.96,184.0,1,FA,22 days,0.03186362817510358,0.13003533568904593,1.1653427561837455,8.961739130434783
1920,CMP-01921,Q1_BlackFriday_CMP-01921,2023-11-09,2023-11-25,Google Ads,40499,1337,2551.42,100.0,1,GO,16 days,0.03301316081878565,0.07479431563201197,1.9083171278982798,25.514200000000002
1921,CMP-01922,Q4_Summer_CMP-01922,2023-04-14,2023-10-04,Google Ads,53269,579,545.66,56.0,1,GO,173 days,0.010869361166907582,0.09671848013816926,0.9424179620034542,9.74392857142857
1922,CMP-01923,Q3_Summer_CMP-01923,2023-01-13,2023-01-16,Facebook,39559,1891,2294.15,219.0,1,FA,3 days,0.04780201724007179,0.11581173982020095,1.2131940772078267,10.475570776255708
1923,CMP-01924,Q2_Summer_CMP-01924,2023-04-17,2023-05-09,Instagram,75319,2851,4662.5,498.0,1,IN,22 days,0.03785233473625513,0.17467555243774113,1.6353910908453175,9.362449799196787
1924,CMP-01925,Q1_BlackFriday_CMP-01925,2023-07-31,2023-08-15,Instagram,96317,2872,4404.73,543.0,0,IN,15 days,0.029818204470654194,0.18906685236768803,1.5336803621169914,8.11184162062615
1925,CMP-01926,Q4_Winter_CMP-01926,2023-06-29,2023-07-25,Facebook,97347,4606,8269.9,664.0,0,FA,26 days,0.04731527422519441,0.14415979157620495,1.795462440295267,12.454668674698794
1926,CMP-01927,Q4_Launch_CMP-01927,2023-01-06,2023-02-04,Email,49787,1372,2737.43,149.0,1,EM,29 days,0.02755739450057244,0.10860058309037901,1.9952113702623906,18.372013422818792
1927,CMP-01928,Q4_Summer_CMP-01928,2023-05-11,2023-05-22,Google Ads,36488,1795,2046.82,158.0,1,GO,11 days,0.049194255645691735,0.08802228412256267,1.1402896935933147,12.954556962025316
1928,CMP-01929,Q3_Launch_CMP-01929,2023-09-17,2023-10-07,Email,75441,2300,1533.47,453.0,1,INVALID,20 days,0.030487400750255165,0.19695652173913045,0.6667260869565218,3.38514348785872
1929,CMP-01930,Q3_BlackFriday_CMP-01930,2023-02-28,2023-03-24,Instagram,75663,1102,601.28,217.0,1,IN,24 days,0.014564582424698994,0.1969147005444646,0.5456261343012704,2.7708755760368664
1930,CMP-01931,Q4_Launch_CMP-01931,2023-10-19,2023-10-31,Unknown,23431,951,1512.39,179.0,0,XX,12 days,0.04058725619905254,0.1882229232386961,1.5903154574132494,8.449106145251397
1931,CMP-01932,Q3_Winter_CMP-01932,2023-03-31,2023-04-28,Facebook,62681,2328,4216.06,390.0,1,FA,28 days,0.037140441282047194,0.16752577319587628,1.8110223367697595,10.810410256410258
1932,CMP-01933,Q3_BlackFriday_CMP-01933,2023-12-11,2023-12-27,Facebook,64483,2638,2192.36,260.0,1,FA,16 days,0.04091000728874277,0.09855951478392722,0.8310689916603488,8.432153846153847
1933,CMP-01934,Q2_Launch_CMP-01934,2023-01-19,2023-01-28,Instagram,50153,2410,1777.79,415.0,1,IN,9 days,0.04805295794867705,0.17219917012448133,0.7376721991701245,4.283831325301205
1934,CMP-01935,Q3_BlackFriday_CMP-01935,2023-11-18,2023-12-07,Google Ads,7368,302,179.18,33.0,0,GO,19 days,0.04098805646036916,0.10927152317880795,0.5933112582781457,5.42969696969697
1936,CMP-01937,Q1_BlackFriday_CMP-01937,2023-01-29,2023-02-16,Email,46004,2037,1969.93,329.0,1,EM,18 days,0.04427875836883749,0.16151202749140894,0.9670741286205204,5.987629179331307
1937,CMP-01938,Q1_Summer_CMP-01938,2023-12-14,2024-01-12,TikTok,84869,3134,3455.38,194.0,0,TI,29 days,0.03692750002945716,0.06190172303765156,1.102546266751755,17.81123711340206
1938,CMP-01939,Q2_Summer_CMP-01939,2023-04-17,2023-05-16,Google Ads,89652,2360,2959.74,135.0,0,GO,29 days,0.026324008387989112,0.057203389830508475,1.2541271186440677,21.924
1939,CMP-01940,Q2_Summer_CMP-01940,2023-01-07,2023-07-28,Email,57985,2633,4631.92,308.0,0,EM,202 days,0.045408295248771234,0.11697683251044436,1.759179642992784,15.0387012987013
1940,CMP-01941,Q2_BlackFriday_CMP-01941,2023-03-18,2023-04-11,TikTok,51069,963,1421.63,112.0,1,TI,24 days,0.018856840744874582,0.11630321910695743,1.476251298026999,12.693125
1941,CMP-01942,Q1_Winter_CMP-01942,2023-07-07,2023-07-12,Google Ads,53326,2057,2926.28,379.0,1,GO,5 days,0.038574053932415704,0.18424890617403986,1.4225960136120566,7.721055408970977
1942,CMP-01943,Q2_Summer_CMP-01943,2023-10-20,2023-11-10,TikTok,82061,3714,2835.67,255.0,1,TI,21 days,0.04525901463545411,0.06865912762520193,0.7635083467959074,11.120274509803922
1943,CMP-01944,Q1_Summer_CMP-01944,2023-03-01,2023-03-23,Instagram,24398,957,1215.18,65.0,1,IN,22 days,0.03922452660054103,0.06792058516196448,1.2697805642633229,18.695076923076925
1944,CMP-01945,Q1_BlackFriday_CMP-01945,2023-12-28,2024-01-08,TikTok,99393,3766,5924.19,271.0,1,TI,11 days,0.03788999225297556,0.07195963887413702,1.5730722251725968,21.860479704797047
1945,CMP-01946,Q1_Winter_CMP-01946,2023-05-20,2023-06-06,TikTok,51861,2079,4074.61,113.0,1,TI,17 days,0.04008792734424712,0.054353054353054354,1.95988936988937,36.05849557522124
1946,CMP-01947,Q4_BlackFriday_CMP-01947,2023-05-02,2023-05-07,Instagram,76897,2199,1763.84,133.0,0,IN,5 days,0.028596694279360704,0.060482037289677125,0.8021100500227376,13.261954887218044
1947,CMP-01948,Q1_Summer_CMP-01948,2023-06-04,2023-06-26,Instagram,82905,3727,1916.85,555.0,1,IN,22 days,0.044955069054942405,0.1489133351220821,0.5143144620338074,3.4537837837837837
1948,CMP-01949,Q1_Winter_CMP-01949,2023-02-27,2023-03-21,TikTok,69577,1261,772.93,144.0,1,TI,22 days,0.018123805280480618,0.11419508326724821,0.6129500396510705,5.367569444444444
1949,CMP-01950,Q2_Summer_CMP-01950,2023-04-14,2023-05-11,Instagram,66641,1005,1069.1,165.0,0,IN,27 days,0.015080806110352486,0.16417910447761194,1.0637810945273631,6.479393939393939
1950,CMP-01951,Q2_Summer_CMP-01951,2023-01-13,2023-02-05,Facebook,10078,215,372.13,42.0,1,FA,23 days,0.02133359793609843,0.19534883720930232,1.7308372093023257,8.860238095238095
1951,CMP-01952,Q1_Summer_CMP-01952,2023-03-20,2023-04-08,Unknown,26003,812,414.7,120.0,0,XX,19 days,0.03122716609621967,0.1477832512315271,0.5107142857142857,3.455833333333333
1952,CMP-01953,Q4_Winter_CMP-01953,2023-09-21,2023-09-26,Email,63768,1939,2297.9,111.0,0,EM,5 days,0.030407100740183164,0.05724600309437854,1.1850954100051574,20.701801801801803
1954,CMP-01955,Q1_Launch_CMP-01955,2023-12-13,2023-12-22,Instagram,72626,1901,1100.15,346.0,1,IN,9 days,0.02617519896455815,0.18200946870068385,0.5787217254076802,3.1796242774566474
1955,CMP-01956,Q3_Winter_CMP-01956,2023-01-19,2023-02-14,TikTok,58660,1723,2025.14,222.0,0,INVALID,26 days,0.029372655983634505,0.12884503772489844,1.175356935577481,9.122252252252252
1956,CMP-01957,Q4_Winter_CMP-01957,2023-09-25,2023-10-15,Email,50786,535,471.94,92.0,0,EM,20 days,0.01053439924388611,0.17196261682242991,0.8821308411214953,5.129782608695652
1957,CMP-01958,Q4_Winter_CMP-01958,2023-01-23,2023-02-17,Facebook,2925,77,79.14,13.0,0,FA,25 days,0.026324786324786326,0.16883116883116883,1.0277922077922077,6.087692307692308
1958,CMP-01959,Q4_BlackFriday_CMP-01959,2023-02-14,2023-03-15,TikTok,84976,3051,4754.75,577.0,1,TI,29 days,0.03590425531914894,0.1891183218616847,1.558423467715503,8.240467937608319
1959,CMP-01960,Q1_Launch_CMP-01960,2023-02-22,2023-03-02,Facebook,27015,286,366.75,55.0,0,FA,8 days,0.010586711086433463,0.19230769230769232,1.2823426573426573,6.668181818181818
1960,CMP-01961,Q2_Summer_CMP-01961,2023-06-17,2023-09-06,Facebook,34320,728,500.11,96.0,1,INVALID,81 days,0.021212121212121213,0.13186813186813187,0.6869642857142857,5.209479166666667
1961,CMP-01962,Q1_Winter_CMP-01962,2023-06-09,2023-07-06,Facebook,65881,1206,2342.2,121.0,0,FA,27 days,0.01830573306416114,0.10033167495854063,1.9421227197346598,19.35702479338843
1962,CMP-01963,Q2_BlackFriday_CMP-01963,2023-04-13,2023-04-14,Unknown,91827,1072,1558.54,208.0,1,XX,1 days,0.011674126346281595,0.19402985074626866,1.4538619402985073,7.492980769230769
1963,CMP-01964,Q2_Winter_CMP-01964,2023-06-13,2023-06-27,Facebook,27289,796,1312.45,105.0,1,FA,14 days,0.029169262340137052,0.13190954773869346,1.6488065326633166,12.49952380952381
1964,CMP-01965,Q1_Summer_CMP-01965,2023-05-20,2023-06-05,Facebook,4389,75,46.41,4.0,0,FA,16 days,0.017088174982911826,0.05333333333333334,0.6187999999999999,11.6025
1965,CMP-01966,Q2_Winter_CMP-01966,2023-01-08,2023-01-17,Google Ads,26683,1059,604.25,155.0,1,GO,9 days,0.0396881909830229,0.14636449480642116,0.5705854579792257,3.8983870967741936
1966,CMP-01967,Q3_Winter_CMP-01967,2023-02-22,2023-03-05,Facebook,14629,642,339.73,88.0,0,FA,11 days,0.04388543304395379,0.13707165109034267,0.5291744548286604,3.860568181818182
1967,CMP-01968,Q2_Launch_CMP-01968,2023-06-13,2023-06-30,TikTok,62550,1990,1558.55,366.0,1,TI,17 days,0.03181454836131095,0.18391959798994975,0.7831909547738694,4.258333333333333
1968,CMP-01969,Q3_Launch_CMP-01969,2023-05-26,2023-06-05,TikTok,25826,1272,1426.69,188.0,1,TI,10 days,0.049252691086501973,0.14779874213836477,1.1216116352201257,7.588776595744681
1969,CMP-01970,Q3_Winter_CMP-01970,2023-06-09,2023-06-25,Google Ads,27630,774,1473.49,79.0,1,GO,16 days,0.028013029315960912,0.1020671834625323,1.903733850129199,18.651772151898733
1970,CMP-01971,Q4_BlackFriday_CMP-01971,2023-08-16,2023-09-09,Instagram,99762,3046,3611.31,593.0,0,IN,24 days,0.030532667749243198,0.19468154957321077,1.18559093893631,6.089898819561552
1972,CMP-01973,Q1_BlackFriday_CMP-01973,2023-02-24,2023-02-26,Email,99511,1916,2573.0,276.0,0,EM,2 days,0.01925415280722734,0.1440501043841336,1.342901878914405,9.322463768115941
1973,CMP-01974,Q3_Winter_CMP-01974,2023-07-20,2023-08-08,Unknown,67435,3216,2147.97,302.0,1,XX,19 days,0.04769036850300289,0.09390547263681592,0.667901119402985,7.112483443708609
1974,CMP-01975,Q1_Summer_CMP-01975,2023-10-31,2023-11-10,Google Ads,12653,148,209.31,15.0,0,GO,10 days,0.011696830791116731,0.10135135135135136,1.4142567567567568,13.954
1975,CMP-01976,Q1_Launch_CMP-01976,2023-08-17,2023-09-12,TikTok,28961,806,1090.23,121.0,0,TI,26 days,0.027830530713718448,0.1501240694789082,1.3526426799007445,9.010165289256198
1976,CMP-01977,Q3_Summer_CMP-01977,2023-04-12,2023-05-10,Instagram,82941,1061,1790.96,64.0,0,IN,28 days,0.012792225799061984,0.060320452403393024,1.6879924599434497,27.98375
1977,CMP-01978,Q4_Summer_CMP-01978,2023-01-10,2023-10-10,TikTok,75137,2943,5827.23,260.0,1,TI,273 days,0.039168452293809976,0.08834522595990486,1.9800305810397552,22.412423076923076
1978,CMP-01979,Q4_Summer_CMP-01979,2023-08-27,2023-08-31,Google Ads,34662,1190,1042.81,186.0,1,GO,4 days,0.03433154463100802,0.15630252100840336,0.8763109243697479,5.606505376344086
1979,CMP-01980,Q1_BlackFriday_CMP-01980,2023-12-24,2024-01-20,Instagram,99818,3819,4829.07,465.0,0,IN,27 days,0.038259632531206796,0.12175962293794187,1.264485467399843,10.385096774193547
1980,CMP-01981,Q3_Summer_CMP-01981,2023-12-17,2023-12-22,TikTok,57446,1434,2671.97,158.0,1,INVALID,5 days,0.024962573547331408,0.1101813110181311,1.8632984658298464,16.911202531645568
1982,CMP-01983,Q4_BlackFriday_CMP-01983,2023-11-12,2023-11-20,Facebook,96081,1134,1396.08,131.0,0,FA,8 days,0.011802541605520342,0.11552028218694885,1.231111111111111,10.657099236641221
1983,CMP-01984,Q4_BlackFriday_CMP-01984,2023-04-04,2023-05-02,Google Ads,37877,908,1741.6,150.0,1,GO,28 days,0.02397233149404652,0.16519823788546256,1.9180616740088106,11.610666666666667
1984,CMP-01985,Q4_BlackFriday_CMP-01985,2023-06-16,2023-07-12,Unknown,16313,769,450.52,68.0,0,XX,26 days,0.04714031753815975,0.08842652795838751,0.585851755526658,6.625294117647059
1985,CMP-01986,Q4_BlackFriday_CMP-01986,2023-09-01,2023-09-09,Google Ads,81885,2060,3906.79,104.0,1,GO,8 days,0.025157232704402517,0.05048543689320388,1.8965,37.56528846153846
1986,CMP-01987,Q2_Winter_CMP-01987,2023-03-29,2023-04-27,Facebook,73715,3188,1835.53,479.0,0,FA,29 days,0.04324764294919623,0.15025094102885822,0.5757622333751569,3.8320041753653444
1987,CMP-01988,Q2_Summer_CMP-01988,2023-10-22,2023-10-30,Email,11326,494,652.55,96.0,0,EM,8 days,0.04361645770792866,0.19433198380566802,1.3209514170040484,6.797395833333333
1988,CMP-01989,Q3_Launch_CMP-01989,2024-01-01,2024-01-16,TikTok,2560,63,115.65,8.0,1,TI,15 days,0.024609375,0.12698412698412698,1.8357142857142859,14.45625
1989,CMP-01990,Q4_Launch_CMP-01990,2023-11-29,2023-12-28,Email,80148,2827,2527.57,192.0,1,EM,29 days,0.03527224634426311,0.06791651927838699,0.8940820657941281,13.164427083333335
1990,CMP-01991,Q3_Launch_CMP-01991,2023-06-04,2023-06-09,TikTok,84186,1163,1405.34,114.0,0,TI,5 days,0.013814648516380396,0.09802235597592433,1.2083748925193465,12.327543859649122
1991,CMP-01992,Q4_Launch_CMP-01992,2023-07-31,2023-08-30,Google Ads,27745,392,386.71,70.0,1,GO,30 days,0.01412867183276266,0.17857142857142858,0.9865051020408163,5.5244285714285715
1992,CMP-01993,Q4_Winter_CMP-01993,2023-03-23,2023-03-27,Google Ads,32890,392,755.86,33.0,1,GO,4 days,0.011918516266342353,0.08418367346938775,1.9282142857142857,22.904848484848486
1993,CMP-01994,Q2_Launch_CMP-01994,2023-06-24,2023-07-17,Facebook,21022,698,1211.36,98.0,1,FA,23 days,0.03320331081723908,0.14040114613180515,1.7354727793696274,12.36081632653061
1994,CMP-01995,Q4_Summer_CMP-01995,2023-08-09,2023-08-27,TikTok,53579,1448,2263.95,159.0,1,TI,18 days,0.027025513727393195,0.10980662983425414,1.5635013812154694,14.238679245283018
1995,CMP-01996,Q2_BlackFriday_CMP-01996,2023-06-25,2023-07-12,Google Ads,71316,2276,3144.16,184.0,1,GO,17 days,0.03191429693196478,0.08084358523725835,1.3814411247803162,17.08782608695652
1996,CMP-01997,Q4_Winter_CMP-01997,2023-12-06,2023-12-18,Facebook,84847,2616,4528.0,449.0,0,FA,12 days,0.03083196813087086,0.17163608562691132,1.730886850152905,10.084632516703786
1998,CMP-01999,Q1_Launch_CMP-01999,2023-10-31,2023-11-24,Instagram,3356,124,145.24,18.0,0,IN,24 days,0.03694874851013111,0.14516129032258066,1.1712903225806452,8.068888888888889
1999,CMP-02000,Q2_Winter_CMP-02000,2023-02-19,2023-03-04,TikTok,71326,2877,4588.82,245.0,1,TI,13 days,0.040335922384544205,0.0851581508515815,1.5950017379214458,18.729877551020408
2008,CMP-01377,Q1_Winter_CMP-01377,2023-12-21,2023-12-29,Email,87143,2204,2649.14,391.0,1,E-,8 days,0.025291761816783907,0.17740471869328495,1.2019691470054445,6.775294117647059
